name,status,category,price_level,price_label,price_source,location,primary_type,source_lists,google_maps_url,review_reason
Al Fassia Guéliz,ready,African,2,$$,category estimate,"Marrakesh, Marrakesh, Morocco, MA",moroccan_restaurant,Want to go; Western nicer,https://www.google.com/maps?cid=18380148909555746425,
Chez Lamine Hadj Mustapha Jemaa El Fna,ready,African,2,$$,category estimate,"Marrakesh, Marrakesh, Morocco, MA",moroccan_restaurant,Casual; Want to go,https://www.google.com/maps?cid=7673498411543962286,
Little Ethiopia,ready,African,2,$$,category estimate,"Geneva, Geneva, Switzerland, CH",ethiopian_restaurant,Casual,https://www.google.com/maps?cid=18428045013080124620,
Restaurant Le Grand Bazar Marrakech,ready,African,2,$$,category estimate,"Marrakesh, Marrakesh, Morocco, MA",moroccan_restaurant,Want to go; Western nicer,https://www.google.com/maps?cid=1048671783082590775,
Sabiib Somali Restaurant - Acton,ready,African,2,$$,category estimate,"London, London, United Kingdom, GB",african_restaurant,Casual,https://www.google.com/maps?cid=9866554619130575545,
Abacá,ready,Asian Fancy,4,$$$$,category estimate,"San Francisco, San Francisco, CA, US",filipino_restaurant,Asian casual,https://www.google.com/maps?cid=16667242964397114430,
aKin,ready,Asian Fancy,4,$$$$,category estimate,"Toronto, Toronto, ON, Canada, CA",asian_restaurant,Asian fancy,https://www.google.com/maps?cid=17761205019575387736,
Amaya Grill and Bar,ready,Asian Fancy,4,$$$$,category estimate,"London, London, United Kingdom, GB",indian_restaurant,Western nicer,https://www.google.com/maps?cid=2405859554590307320,
Anajak Thai Cuisine,ready,Asian Fancy,4,$$$$,category estimate,"Sherman Oaks, Sherman Oaks, CA, US",thai_restaurant,Asian casual; Default list,https://www.google.com/maps?cid=9484668413910887443,
Array36 - 36宴,ready,Asian Fancy,4,$$$$,category estimate,"San Gabriel, San Gabriel, CA, US",fine_dining_restaurant,Asian fancy,https://www.google.com/maps?cid=13557577614176274313,
Asai Osaka Cuisine,ready,Asian Fancy,4,$$$$,category estimate,"Osaka, Osaka, Japan, JP",kaiseki_restaurant,Asian fancy,https://www.google.com/maps?cid=4609090243809562663,
Asakura,ready,Asian Fancy,4,$$$$,category estimate,"Los Angeles, Los Angeles, CA, US",kaiseki_restaurant,Asian fancy,https://www.google.com/maps?cid=17923509352461191586,
Baroo,ready,Asian Fancy,4,$$$$,category estimate,"Los Angeles, Los Angeles, CA, US",korean_restaurant,Asian fancy,https://www.google.com/maps?cid=4492102343207502413,
Bistro Na's,ready,Asian Fancy,4,$$$$,category estimate,"Temple City, Temple City, CA, US",chinese_restaurant,Asian fancy,https://www.google.com/maps?cid=13572843905326478830,
Blanc,ready,Asian Fancy,4,$$$$,category estimate,"Paris, Paris, France, FR",fine_dining_restaurant,Asian fancy; Fine dining,https://www.google.com/maps?cid=17729534760814418706,
Born and Bred,ready,Asian Fancy,4,$$$$,category estimate,"Seongdong-gu, Seongdong-gu, Seoul, South Korea, KR",korean_beef_restaurant,Asian fancy,https://www.google.com/maps?cid=8446753105285414404,
Chef Tam's Seasons,ready,Asian Fancy,4,$$$$,category estimate,"Macao, MO",cantonese_restaurant,Asian fancy,https://www.google.com/maps?cid=12572380629337753187,
China Tang at The Dorchester,ready,Asian Fancy,4,$$$$,category estimate,"London, London, United Kingdom, GB",cantonese_restaurant,Asian fancy,https://www.google.com/maps?cid=16835727970667200965,
Chinesology 唐述,ready,Asian Fancy,4,$$$$,category estimate,"Central, Central, Hong Kong, HK",chinese_restaurant,Asian fancy,https://www.google.com/maps?cid=13682698851916488830,
Den,ready,Asian Fancy,4,$$$$,category estimate,"Shibuya, Shibuya, Tokyo, Japan, JP",japanese_restaurant,Asian fancy,https://www.google.com/maps?cid=7994226410217888392,
Den Kushi Flori,ready,Asian Fancy,4,$$$$,category estimate,"Shibuya, Shibuya, Tokyo, Japan, JP",asian_fusion_restaurant,Asian fancy,https://www.google.com/maps?cid=15600931758992072585,
firstborn,ready,Asian Fancy,4,$$$$,category estimate,"Los Angeles, Los Angeles, CA, US",asian_restaurant,Asian fancy,https://www.google.com/maps?cid=5755065902988655823,
Fu He Hui,ready,Asian Fancy,4,$$$$,category estimate,"Changning District, Changning District, Shanghai, China, CN",vegetarian_restaurant,Asian fancy,https://www.google.com/maps?cid=10757353802167982483,
FU HUI HUA,ready,Asian Fancy,4,$$$$,category estimate,"San Francisco, San Francisco, CA, US",chinese_restaurant,Asian fancy,https://www.google.com/maps?cid=10587909886838880717,
Gebang Sikdang,ready,Asian Fancy,4,$$$$,category estimate,"Los Angeles, Los Angeles, CA, US",restaurant,Asian fancy,https://www.google.com/maps?cid=5188705448428400727,
Ginza Tenichi Main Store,ready,Asian Fancy,4,$$$$,category estimate,"Chuo City, Chuo City, Tokyo, Japan, JP",tempura_restaurant,Asian fancy,https://www.google.com/maps?cid=5454848131636451625,
Gion Maruyama,ready,Asian Fancy,4,$$$$,category estimate,"Kyoto, Kyoto, Japan, JP",kaiseki_restaurant,Asian fancy,https://www.google.com/maps?cid=10743126967012649294,
Gion Sasaki,ready,Asian Fancy,4,$$$$,category estimate,"Kyoto, Kyoto, Japan, JP",fine_dining_restaurant,Asian fancy,https://www.google.com/maps?cid=16616447353348905262,
Gouqi Fine Dining Chinese,ready,Asian Fancy,4,$$$$,category estimate,"London, London, United Kingdom, GB",chinese_restaurant,Asian fancy,https://www.google.com/maps?cid=1415089815867305944,
Gozukon,ready,Asian Fancy,4,$$$$,category estimate,"Kyoto, Kyoto, Japan, JP",izakaya_restaurant,Asian fancy,https://www.google.com/maps?cid=13136288659474906487,
Hakkasan Mayfair,ready,Asian Fancy,4,$$$$,category estimate,"London, London, United Kingdom, GB",chinese_restaurant,Asian fancy,https://www.google.com/maps?cid=7707698709387494470,
Hamamoto,ready,Asian Fancy,4,$$$$,category estimate,"Singapore, SG",restaurant,Asian fancy,https://www.google.com/maps?cid=7007640315385619155,
Hana no Kumo 花雲,ready,Asian Fancy,4,$$$$,category estimate,"Central, Central, Hong Kong, HK",authentic_japanese_restaurant,Asian fancy,https://www.google.com/maps?cid=5862827104870382227,
Hau Tak Restaurant,ready,Asian Fancy,4,$$$$,category estimate,"Causeway Bay, Causeway Bay, Hong Kong, HK",cantonese_restaurant,Asian fancy,https://www.google.com/maps?cid=11401533606573667940,
Hayato,ready,Asian Fancy,4,$$$$,category estimate,"Los Angeles, Los Angeles, CA, US",japanese_restaurant,Asian fancy,https://www.google.com/maps?cid=9428678214049771149,
Hed 11,ready,Asian Fancy,4,$$$$,category estimate,"San Francisco, San Francisco, CA, US",thai_restaurant,Asian fancy,https://www.google.com/maps?cid=10377726360391454828,
Hidden,ready,Asian Fancy,4,$$$$,category estimate,"Causeway Bay, Causeway Bay, Hong Kong, HK",kushiage_and_kushikatsu_restaurant,Asian fancy,https://www.google.com/maps?cid=8097296003621297566,
Ho Lee Fook,ready,Asian Fancy,4,$$$$,category estimate,"Central, Central, Hong Kong, HK",chinese_restaurant,Asian fancy,https://www.google.com/maps?cid=7225758462603865475,
Honkogetsu,ready,Asian Fancy,4,$$$$,category estimate,"Osaka, Osaka, Japan, JP",kaiseki_restaurant,Asian fancy,https://www.google.com/maps?cid=4139773270745534990,
House of Ming - Chinese Restaurant,ready,Asian Fancy,4,$$$$,category estimate,"London, London, United Kingdom, GB",chinese_restaurant,Asian fancy,https://www.google.com/maps?cid=17816453682814508974,
Hunan,ready,Asian Fancy,4,$$$$,category estimate,"London, London, United Kingdom, GB",chinese_restaurant,Asian fancy,https://www.google.com/maps?cid=7438458848227478974,
Hutong,ready,Asian Fancy,4,$$$$,category estimate,"London, London, United Kingdom, GB",chinese_restaurant,Asian fancy,https://www.google.com/maps?cid=5635179421818180621,
Hyotei,ready,Asian Fancy,4,$$$$,category estimate,"Kyoto, Kyoto, Japan, JP",fine_dining_restaurant,Asian fancy,https://www.google.com/maps?cid=10413292184413177308,
Isshisouden Nakamura,ready,Asian Fancy,4,$$$$,category estimate,"Kyoto, Kyoto, Japan, JP",kaiseki_restaurant,Asian fancy,https://www.google.com/maps?cid=1870493573087791605,
Iwanami Japanese Restaurant,ready,Asian Fancy,4,$$$$,category estimate,"Causeway Bay, Causeway Bay, Hong Kong, HK",japanese_restaurant,Asian fancy,https://www.google.com/maps?cid=15110252341324237204,
Jeju Noodle Bar,ready,Asian Fancy,4,$$$$,category estimate,"New York, New York, NY, US",korean_restaurant,Asian casual,https://www.google.com/maps?cid=8925930084600464576,
Joo Ok,ready,Asian Fancy,4,$$$$,category estimate,"New York, New York, NY, US",korean_restaurant,Asian fancy,https://www.google.com/maps?cid=5625786540486314423,
Jungsik,ready,Asian Fancy,4,$$$$,category estimate,"New York, New York, NY, US",korean_restaurant,Asian fancy,https://www.google.com/maps?cid=16171757708006616867,
K by Vicky Cheng,ready,Asian Fancy,4,$$$$,category estimate,"Sathon, Sathon, Bangkok, Thailand, TH",chinese_restaurant,Asian fancy,https://www.google.com/maps?cid=12502603521761637267,
Kahani Restaurant Sloane Square,ready,Asian Fancy,4,$$$$,category estimate,"London, London, United Kingdom, GB",indian_restaurant,Western nicer,https://www.google.com/maps?cid=9483685261542817022,
KAKURENBO Restaurant,ready,Asian Fancy,4,$$$$,category estimate,"Seattle, Seattle, WA, US",japanese_restaurant,Asian fancy,https://www.google.com/maps?cid=14984856117661122306,
Kappo Rin,ready,Asian Fancy,4,$$$$,category estimate,"Central, Central, Hong Kong, HK",japanese_restaurant,Asian fancy,https://www.google.com/maps?cid=7860115590245454337,
Kappou,ready,Asian Fancy,4,$$$$,category estimate,"Singapore, SG",authentic_japanese_restaurant,Asian fancy,https://www.google.com/maps?cid=2110350886283039402,
Kashiwaya Osaka Senriyama,ready,Asian Fancy,4,$$$$,category estimate,"Suita, Suita, Osaka, Japan, JP",kaiseki_restaurant,Asian fancy,https://www.google.com/maps?cid=8159767483781337852,
Keninji Gion Maruyama,ready,Asian Fancy,4,$$$$,category estimate,"Kyoto, Kyoto, Japan, JP",kaiseki_restaurant,Asian fancy,https://www.google.com/maps?cid=14579804714451918670,
Kikunoi Honten,ready,Asian Fancy,4,$$$$,category estimate,"Kyoto, Kyoto, Japan, JP",kaiseki_restaurant,Asian fancy,https://www.google.com/maps?cid=14770280739577064273,
Kinjiro,ready,Asian Fancy,4,$$$$,category estimate,"Los Angeles, Los Angeles, CA, US",japanese_restaurant,Asian fancy,https://www.google.com/maps?cid=14879513936664687183,
Kochi - Korean Fine Dining,ready,Asian Fancy,4,$$$$,category estimate,"New York, New York, NY, US",fine_dining_restaurant,Asian fancy,https://www.google.com/maps?cid=10269294385546247929,
Kodaiji Wakuden,ready,Asian Fancy,4,$$$$,category estimate,"Kyoto, Kyoto, Japan, JP",ryotei_restaurant,Asian fancy,https://www.google.com/maps?cid=1381673979670214200,
KOKI - The House of Senses,ready,Asian Fancy,4,$$$$,category estimate,"Ha Noi, Ha Noi, Vietnam, VN",authentic_japanese_restaurant,Asian fancy,https://www.google.com/maps?cid=16509293494498828950,
Kolae,ready,Asian Fancy,4,$$$$,category estimate,"London, London, United Kingdom, GB",thai_restaurant,Asian fancy,https://www.google.com/maps?cid=14412375239082598990,
Kono,ready,Asian Fancy,4,$$$$,category estimate,"New York, New York, NY, US",yakitori_restaurant,Asian fancy,https://www.google.com/maps?cid=12998029594526276533,
Kushiageya namaiki,ready,Asian Fancy,4,$$$$,category estimate,"Shibuya, Shibuya, Tokyo, Japan, JP",kushiage_and_kushikatsu_restaurant,Asian fancy,https://www.google.com/maps?cid=12324311341638796042,
Kyoto Cuisine Aun,ready,Asian Fancy,4,$$$$,category estimate,"Shibuya, Shibuya, Tokyo, Japan, JP",kaiseki_restaurant,Asian fancy,https://www.google.com/maps?cid=17267791335436638387,
Lai Ching Heen (Yan Toh Heen),ready,Asian Fancy,4,$$$$,category estimate,"Tsim Sha Tsui, Tsim Sha Tsui, Hong Kong, HK",cantonese_restaurant,Asian fancy,https://www.google.com/maps?cid=29666268059909879,
LAWOI' - ละโวยจ,ready,Asian Fancy,4,$$$$,category estimate,"Pathum Wan, Pathum Wan, Bangkok, Thailand, TH",restaurant,Asian fancy,https://www.google.com/maps?cid=13735533614038793391,
Le Cheval d'Or,ready,Asian Fancy,4,$$$$,category estimate,"Paris, Paris, France, FR",restaurant,Asian fancy; Want to go,https://www.google.com/maps?cid=719371234166223496,
Mayha,ready,Asian Fancy,4,$$$$,category estimate,"London, London, United Kingdom, GB",authentic_japanese_restaurant,Asian fancy,https://www.google.com/maps?cid=14836433791765681002,
Meat sukiyaki restaurant Kitamura,ready,Asian Fancy,4,$$$$,category estimate,"Osaka, Osaka, Japan, JP",sukiyaki_restaurant,Asian fancy,https://www.google.com/maps?cid=568154845182932388,
Meju,ready,Asian Fancy,4,$$$$,category estimate,"Long Island City, Long Island City, NY, US",korean_restaurant,Asian fancy,https://www.google.com/maps?cid=9455374052640322881,
Mimi Chinese,ready,Asian Fancy,4,$$$$,category estimate,"Toronto, Toronto, ON, Canada, CA",restaurant,Asian fancy,https://www.google.com/maps?cid=16365682071968116754,
Minato,ready,Asian Fancy,4,$$$$,category estimate,"Wan Chai, Wan Chai, Hong Kong, HK",japanese_restaurant,Asian fancy,https://www.google.com/maps?cid=1229243099967937942,
Ming Court Mong Kok,ready,Asian Fancy,4,$$$$,category estimate,"Mong Kok, Mong Kok, Hong Kong, HK",restaurant,Asian fancy,https://www.google.com/maps?cid=12538039254052555178,
Mingles,ready,Asian Fancy,4,$$$$,category estimate,"Gangnam District, Gangnam District, Seoul, South Korea, KR",korean_restaurant,Asian fancy,https://www.google.com/maps?cid=5996245046681667915,
Mister Jiu's,ready,Asian Fancy,4,$$$$,category estimate,"San Francisco, San Francisco, CA, US",chinese_restaurant,Asian fancy,https://www.google.com/maps?cid=6546475524924113864,
Morihiro,ready,Asian Fancy,4,$$$$,category estimate,"Los Angeles, Los Angeles, CA, US",authentic_japanese_restaurant,Asian fancy,https://www.google.com/maps?cid=9774216308110409533,
Mott 32,ready,Asian Fancy,4,$$$$,category estimate,"Central, Central, Hong Kong, HK",chinese_restaurant,Asian fancy,https://www.google.com/maps?cid=15173406229272732702,
Muku,ready,Asian Fancy,4,$$$$,category estimate,"New York, New York, NY, US",authentic_japanese_restaurant,Asian fancy,https://www.google.com/maps?cid=16165241829004183260,
Murasaki 紫美,ready,Asian Fancy,4,$$$$,category estimate,"Sheung Wan, Sheung Wan, Hong Kong, HK",japanese_restaurant,Asian fancy,https://www.google.com/maps?cid=6823297310184253461,
n/naka,ready,Asian Fancy,4,$$$$,category estimate,"Los Angeles, Los Angeles, CA, US",kaiseki_restaurant,Asian fancy,https://www.google.com/maps?cid=5288505004092250937,
Nagamoto,ready,Asian Fancy,4,$$$$,category estimate,"Central, Central, Hong Kong, HK",japanese_restaurant,Asian fancy,https://www.google.com/maps?cid=13538890783306674021,
naoto.K,ready,Asian Fancy,4,$$$$,category estimate,"Chiyoda City, Chiyoda City, Tokyo, Japan, JP",french_restaurant,Asian fancy,https://www.google.com/maps?cid=13105540941064394838,
Narisawa,ready,Asian Fancy,4,$$$$,category estimate,"Minato City, Minato City, Tokyo, Japan, JP",restaurant,Asian fancy,https://www.google.com/maps?cid=8700438358203358044,
Naruse,ready,Asian Fancy,4,$$$$,category estimate,"Shizuoka, Shizuoka, Japan, JP",tempura_restaurant,Asian fancy,https://www.google.com/maps?cid=13022082598804160410,
Oiji Mi,ready,Asian Fancy,4,$$$$,category estimate,"New York, New York, NY, US",korean_restaurant,Asian fancy,https://www.google.com/maps?cid=6673956965559402765,
One Harbour Road at Grand Hyatt Hong Kong,ready,Asian Fancy,4,$$$$,category estimate,"Wan Chai, Wan Chai, Hong Kong, HK",chinese_restaurant,Asian fancy,https://www.google.com/maps?cid=5067863186606664168,
Paradise Teochew,ready,Asian Fancy,4,$$$$,category estimate,"Singapore, SG",chinese_restaurant,Asian fancy,https://www.google.com/maps?cid=5978883920470076956,
Peach Blossoms,ready,Asian Fancy,4,$$$$,category estimate,"Singapore, SG",chinese_restaurant,Asian fancy,https://www.google.com/maps?cid=11300984944502870619,
Plah Restaurant,ready,Asian Fancy,4,$$$$,category estimate,"Oslo, Oslo, Norway, NO",thai_restaurant,Asian fancy,https://www.google.com/maps?cid=17367005056195691580,
Purple Laurel,ready,Asian Fancy,4,$$$$,category estimate,"Pathum Wan, Pathum Wan, Bangkok, Thailand, TH",chinese_restaurant,Asian fancy,https://www.google.com/maps?cid=9471420672121967212,
Restaurant Ki,ready,Asian Fancy,4,$$$$,category estimate,"Los Angeles, Los Angeles, CA, US",korean_restaurant,Asian fancy,https://www.google.com/maps?cid=5017867453495537861,
Restaurant Labyrinth,ready,Asian Fancy,4,$$$$,category estimate,"Singapore, SG",singaporean_restaurant,Asian fancy,https://www.google.com/maps?cid=17259083980228035860,
Royal Steam King 燉品皇 · 尚,ready,Asian Fancy,4,$$$$,category estimate,"Haymarket, Haymarket NSW, Australia, AU",fine_dining_restaurant,Asian fancy,https://www.google.com/maps?cid=6021870512325879586,
RÙN,ready,Asian Fancy,4,$$$$,category estimate,"Wan Chai, Wan Chai, Hong Kong, HK",chinese_restaurant,Asian fancy,https://www.google.com/maps?cid=15370832691461445250,
Ryota Kappou Modern,ready,Asian Fancy,4,$$$$,category estimate,"Central, Central, Hong Kong, HK",japanese_restaurant,Asian fancy,https://www.google.com/maps?cid=10656964560265565747,
Saffron Soho,ready,Asian Fancy,4,$$$$,category estimate,"London, London, United Kingdom, GB",indian_restaurant,Casual,https://www.google.com/maps?cid=13436626040164970314,
SAN HO WON,ready,Asian Fancy,4,$$$$,category estimate,"San Francisco, San Francisco, CA, US",korean_barbecue_restaurant,Asian fancy; Want to go,https://www.google.com/maps?cid=5214199124945126817,
Sazenka,ready,Asian Fancy,4,$$$$,category estimate,"Minato City, Minato City, Tokyo, Japan, JP",chinese_restaurant,Asian fancy,https://www.google.com/maps?cid=8220832000247064407,
Shimizu,ready,Asian Fancy,4,$$$$,category estimate,"Osaka, Osaka, Japan, JP",authentic_japanese_restaurant,Asian fancy,https://www.google.com/maps?cid=15856341265045669185,
SHOW IZAKAYA,ready,Asian Fancy,4,$$$$,category estimate,"Davis, Davis, CA, US",restaurant,Asian fancy,https://www.google.com/maps?cid=11246407285917608359,
Siji Minfu,ready,Asian Fancy,4,$$$$,category estimate,"Dongcheng, Dongcheng, Beijing, China, CN",chinese_restaurant,Asian fancy,https://www.google.com/maps?cid=12172508579251551914,
Sixty Three Clinton,ready,Asian Fancy,4,$$$$,category estimate,"New York, New York, NY, US",new_american_restaurant,Asian fancy,https://www.google.com/maps?cid=14024957709097776669,
Soma Suisan,ready,Asian Fancy,4,$$$$,category estimate,"West Hollywood, West Hollywood, CA, US",restaurant,Asian fancy,https://www.google.com/maps?cid=17875491153665477305,
Sorn,ready,Asian Fancy,4,$$$$,category estimate,"Khlong Toei, Khlong Toei, Bangkok, Thailand, TH",fine_dining_restaurant,Asian fancy,https://www.google.com/maps?cid=13902060892643126005,
Spring Moon,ready,Asian Fancy,4,$$$$,category estimate,"Tsim Sha Tsui, Tsim Sha Tsui, Hong Kong, HK",chinese_restaurant,Asian fancy,https://www.google.com/maps?cid=11516205368040196448,
Sra Bua by Num Weerawat,ready,Asian Fancy,4,$$$$,category estimate,"Pathum Wan, Pathum Wan, Bangkok, Thailand, TH",thai_restaurant,Asian fancy,https://www.google.com/maps?cid=12096362683990880275,
Sumiemon,ready,Asian Fancy,4,$$$$,category estimate,"Osaka, Osaka, Japan, JP",yakitori_restaurant,Asian fancy,https://www.google.com/maps?cid=512083705184253108,
Summer Pavilion,ready,Asian Fancy,4,$$$$,category estimate,"Singapore, SG",chinese_restaurant,Asian fancy,https://www.google.com/maps?cid=9925918224627805491,
TAKAHASHI,ready,Asian Fancy,4,$$$$,category estimate,"London, London, United Kingdom, GB",japanese_restaurant,Asian fancy,https://www.google.com/maps?cid=3797687638946131571,
Takiya Tempura,ready,Asian Fancy,4,$$$$,category estimate,"Minato City, Minato City, Tokyo, Japan, JP",tempura_restaurant,Asian fancy,https://www.google.com/maps?cid=9627467433454788375,
Tempura Ippoh,ready,Asian Fancy,4,$$$$,category estimate,"Central, Central, Hong Kong, HK",tempura_restaurant,Asian fancy,https://www.google.com/maps?cid=1671868623190249717,
Tempura Matsui,ready,Asian Fancy,4,$$$$,category estimate,"New York, New York, NY, US",tempura_restaurant,Asian fancy,https://www.google.com/maps?cid=8559586153982408905,
Thanh Long Restaurant,ready,Asian Fancy,4,$$$$,category estimate,"San Francisco, San Francisco, CA, US",vietnamese_restaurant,Asian fancy,https://www.google.com/maps?cid=1642034703598421767,
The Happy Crane,ready,Asian Fancy,4,$$$$,category estimate,"San Francisco, San Francisco, CA, US",chinese_restaurant,Asian casual; Asian fancy,https://www.google.com/maps?cid=7771351813149830286,
The Legacy House,ready,Asian Fancy,4,$$$$,category estimate,"Tsim Sha Tsui, Tsim Sha Tsui, Hong Kong, HK",chinese_restaurant,Asian fancy,https://www.google.com/maps?cid=711423180953517040,
The Mulberry LA,ready,Asian Fancy,4,$$$$,category estimate,"Los Angeles, Los Angeles, CA, US",restaurant,Asian fancy,https://www.google.com/maps?cid=266531022420986523,
"Tin Lung Heen | The Ritz-Carlton, Hong Kong",ready,Asian Fancy,4,$$$$,category estimate,"Tsim Sha Tsui, Tsim Sha Tsui, Hong Kong, HK",cantonese_restaurant,Asian fancy,https://www.google.com/maps?cid=15218520801052089691,
Trishna,ready,Asian Fancy,4,$$$$,category estimate,"London, London, United Kingdom, GB",indian_restaurant,Western nicer,https://www.google.com/maps?cid=17336278098530196709,
Tsukimi,ready,Asian Fancy,4,$$$$,category estimate,"New York, New York, NY, US",japanese_restaurant,Asian fancy,https://www.google.com/maps?cid=16383114659820241904,
Warayaki Mikan,ready,Asian Fancy,4,$$$$,category estimate,"Fukuoka, Fukuoka, Japan, JP",izakaya_restaurant,Asian fancy,https://www.google.com/maps?cid=7160071467286266041,
Waunn,ready,Asian Fancy,4,$$$$,category estimate,"Taito City, Taito City, Tokyo, Japan, JP",japanese_restaurant,Asian fancy,https://www.google.com/maps?cid=9550957450908485664,
Yakiya,ready,Asian Fancy,4,$$$$,category estimate,"Pasadena, Pasadena, CA, US",japanese_restaurant,Asian fancy,https://www.google.com/maps?cid=11382014054931487021,
Yakumo Saryō,ready,Asian Fancy,4,$$$$,category estimate,"Meguro City, Meguro City, Tokyo, Japan, JP",japanese_restaurant,Asian fancy,https://www.google.com/maps?cid=7688389178407981766,
Yamada,ready,Asian Fancy,4,$$$$,category estimate,"New York, New York, NY, US",japanese_restaurant,Asian fancy,https://www.google.com/maps?cid=16003173767194440731,
Yashin Ocean House,ready,Asian Fancy,4,$$$$,category estimate,"London, London, United Kingdom, GB",japanese_restaurant,Asian fancy,https://www.google.com/maps?cid=15203254673575768406,
Yat Tung Heen - Eaton HK,ready,Asian Fancy,4,$$$$,category estimate,"Jordan, Jordan, Hong Kong, HK",chinese_restaurant,Asian fancy,https://www.google.com/maps?cid=5536615904211428736,
Ying Jee Club,ready,Asian Fancy,4,$$$$,category estimate,"Central, Central, Hong Kong, HK",cantonese_restaurant,Asian fancy,https://www.google.com/maps?cid=6355653528962043782,
Yixin Restaurant,ready,Asian Fancy,4,$$$$,category estimate,"Wan Chai, Wan Chai, Hong Kong, HK",cantonese_restaurant,Asian fancy,https://www.google.com/maps?cid=7073257379260570429,
Yun 步雲,ready,Asian Fancy,4,$$$$,category estimate,"Sheung Wan, Sheung Wan, Hong Kong, HK",restaurant,Asian fancy,https://www.google.com/maps?cid=7426189406777799184,
和緣割烹料理 Wa-En Kappo,ready,Asian Fancy,4,$$$$,category estimate,"Sheung Wan, Sheung Wan, Hong Kong, HK",japanese_restaurant,Asian fancy,https://www.google.com/maps?cid=7779670218889748513,
炭火焼鳥㐂どり。 Sumibiyakitori Kidori.,ready,Asian Fancy,4,$$$$,category estimate,"Arcadia, Arcadia, CA, US",yakitori_restaurant,Asian fancy,https://www.google.com/maps?cid=363401130914313745,
芙蓉無雙,ready,Asian Fancy,4,$$$$,category estimate,"Central, Central, Hong Kong, HK",chinese_restaurant,Asian fancy,https://www.google.com/maps?cid=14959950176126728262,
黑珍珠 The Black Pearl | Cantonese Cuisine Restaurant in Singapore,ready,Asian Fancy,4,$$$$,category estimate,"Singapore, SG",restaurant,Asian fancy,https://www.google.com/maps?cid=13254396693153598381,
6100 Bread,ready,Bakeries,1,$,category estimate,"Santa Ana, Santa Ana, CA, US",bakery,Coffee,https://www.google.com/maps?cid=14216221085042630953,
Alma Nomad Bakery,ready,Bakeries,1,$,category estimate,"Madrid, Madrid, Spain, ES",bakery,Coffee,https://www.google.com/maps?cid=6774998737808363347,
Andersen & Maillard,ready,Bakeries,1,$,category estimate,"Copenhagen, Copenhagen, Denmark, DK",bakery,Coffee,https://www.google.com/maps?cid=14806231264499267611,
Arsicault Bakery,ready,Bakeries,1,$,category estimate,"San Francisco, San Francisco, CA, US",bakery,Coffee,https://www.google.com/maps?cid=3389884366903096466,
Artelice Pâtisserie,ready,Bakeries,1,$,category estimate,"Studio City, Studio City, CA, US",patisserie,Coffee,https://www.google.com/maps?cid=8289622473658608245,
Artisanal Goods by CAR,ready,Bakeries,1,$,category estimate,"Pasadena, Pasadena, CA, US",bakery,Coffee,https://www.google.com/maps?cid=14132006816036654380,
Atelier September,ready,Bakeries,1,$,category estimate,"Copenhagen, Copenhagen, Denmark, DK",breakfast_restaurant,Coffee,https://www.google.com/maps?cid=6152781833252504941,
b. patisserie,ready,Bakeries,1,$,category estimate,"San Francisco, San Francisco, CA, US",patisserie,Coffee,https://www.google.com/maps?cid=1055906375555324091,
Bakehouse,ready,Bakeries,1,$,category estimate,"Central, Central, Hong Kong, HK",bakery,Coffee,https://www.google.com/maps?cid=9622753647468040163,
BakeLab,ready,Bakeries,1,$,category estimate,"Urbana, Urbana, IL, US",bakery,Coffee,https://www.google.com/maps?cid=4199314899391995438,
Bakemono Bakers,ready,Bakeries,1,$,category estimate,"Melbourne, Melbourne VIC, Australia, AU",bakery,Coffee,https://www.google.com/maps?cid=11357279537843732580,
Big Grains (Wan Chai),ready,Bakeries,1,$,category estimate,"Wan Chai, Wan Chai, Hong Kong, HK",bakery,Coffee,https://www.google.com/maps?cid=14003651681012848276,
BO&MIE Montmartre,ready,Bakeries,1,$,category estimate,"Paris, Paris, France, FR",bakery,Coffee,https://www.google.com/maps?cid=9976050149867251674,
Bouchon Bakery,ready,Bakeries,1,$,category estimate,"Yountville, Yountville, CA, US",bakery,Coffee,https://www.google.com/maps?cid=74524274289407384,
Boulangerie bo,ready,Bakeries,1,$,category estimate,"Paris, Paris, France, FR",bakery,Coffee,https://www.google.com/maps?cid=15238956613220713787,
Boulangerie du Sentier,ready,Bakeries,1,$,category estimate,"Paris, Paris, France, FR",bakery,Coffee,https://www.google.com/maps?cid=14211168272190561695,
Boulangerie Poilâne,ready,Bakeries,1,$,category estimate,"Paris, Paris, France, FR",bakery,Coffee,https://www.google.com/maps?cid=13991876056120319696,
Boulangerie Utopie,ready,Bakeries,1,$,category estimate,"Paris, Paris, France, FR",bakery,Coffee,https://www.google.com/maps?cid=15980176562209535098,
Brio Brio Bakery & Café,ready,Bakeries,1,$,category estimate,"Lake Forest, Lake Forest, CA, US",brunch_restaurant,Coffee,https://www.google.com/maps?cid=2684865082657973172,
Butter & Crumble,ready,Bakeries,1,$,category estimate,"San Francisco, San Francisco, CA, US",bakery,Coffee; Want to go,https://www.google.com/maps?cid=8678031088071956450,
Cinderella Bakery & Cafe,ready,Bakeries,1,$,category estimate,"San Francisco, San Francisco, CA, US",bakery,Coffee,https://www.google.com/maps?cid=14287218678531349815,
Clark Street Bakery,ready,Bakeries,1,$,category estimate,"Los Angeles, Los Angeles, CA, US",bakery,Coffee,https://www.google.com/maps?cid=14835806391281213411,
CRENN Artisan Bakery & Cafe,ready,Bakeries,1,$,category estimate,"Mueang Rayong District, Mueang Rayong District, Rayong, Thailand, TH",bakery,Coffee,https://www.google.com/maps?cid=11127648043320241497,
CUÍT,ready,Bakeries,1,$,category estimate,"Sai Kung, Sai Kung, Hong Kong, HK",bakery,Coffee,https://www.google.com/maps?cid=1768745871508863551,
CUÍT Épicerie,ready,Bakeries,1,$,category estimate,"Central, Central, Hong Kong, HK",bakery,Coffee,https://www.google.com/maps?cid=8662048864358891812,
Cyril Lignac Pastry Shop - Sèvres,ready,Bakeries,1,$,category estimate,"Paris, Paris, France, FR",pastry_shop,Coffee,https://www.google.com/maps?cid=14853956863091170076,
Diljān Bakery,ready,Bakeries,1,$,category estimate,"Brooklyn, Brooklyn, NY, US",bakery,Coffee,https://www.google.com/maps?cid=16943158176352950641,
Du Pain et des Idées,ready,Bakeries,1,$,category estimate,"Paris, Paris, France, FR",bakery,Coffee,https://www.google.com/maps?cid=3752405038616106515,
Estelle Bakery & Patisserie,ready,Bakeries,1,$,category estimate,"Davis, Davis, CA, US",bakery,Coffee,https://www.google.com/maps?cid=9036614108585232966,
Fortitude Bakehouse,ready,Bakeries,1,$,category estimate,"London, London, United Kingdom, GB",bakery,Coffee,https://www.google.com/maps?cid=4671419946386772792,
Gjusta,ready,Bakeries,1,$,category estimate,"Venice, Venice, CA, US",bakery,Coffee,https://www.google.com/maps?cid=11024446492245196919,
Hart,ready,Bakeries,1,$,category estimate,"Copenhagen, Copenhagen, Denmark, DK",bakery,Coffee,https://www.google.com/maps?cid=13608622615465567563,
Häsi Bread,ready,Bakeries,1,$,category estimate,"Los Angeles, Los Angeles, CA, US",bakery,Coffee,https://www.google.com/maps?cid=4594050665175611559,
Juno the bakery,ready,Bakeries,1,$,category estimate,"Copenhagen, Copenhagen, Denmark, DK",bakery,Coffee,https://www.google.com/maps?cid=79970617718223638,
L’Appartement 4F,ready,Bakeries,1,$,category estimate,"New York, New York, NY, US",bakery,Coffee,https://www.google.com/maps?cid=3734839699197313662,
La Boulangerie Richer,ready,Bakeries,1,$,category estimate,"Niigata, Niigata, Japan, JP",bakery,Coffee,https://www.google.com/maps?cid=13780313513435354862,
La Cabra Bakery,ready,Bakeries,1,$,category estimate,"New York, New York, NY, US",coffee_shop,Coffee,https://www.google.com/maps?cid=494793754659523190,
La Flor De Yucatan Bakery,ready,Bakeries,1,$,category estimate,"Los Angeles, Los Angeles, CA, US",mexican_restaurant,Casual,https://www.google.com/maps?cid=3119329273162403617,
La Panifacture,ready,Bakeries,1,$,category estimate,"Paris, Paris, France, FR",bakery,Coffee,https://www.google.com/maps?cid=14396391789596926927,
La Pâtisserie du Meurice par Cedric Grolet,ready,Bakeries,1,$,category estimate,"Paris, Paris, France, FR",bakery,Coffee,https://www.google.com/maps?cid=9985657198189949825,
Layla Bakery,ready,Bakeries,1,$,category estimate,"London, London, United Kingdom, GB",bakery,Coffee,https://www.google.com/maps?cid=16648288144213625221,
Le Boulanger de la Tour,ready,Bakeries,1,$,category estimate,"Paris, Paris, France, FR",bakery,Coffee,https://www.google.com/maps?cid=17263251680653514912,
Le Grenier à Pain Abbesses Bodian,ready,Bakeries,1,$,category estimate,"Paris, Paris, France, FR",bakery,Coffee,https://www.google.com/maps?cid=3885520951969930312,
Les Copains du Faubourg,ready,Bakeries,1,$,category estimate,"Paris, Paris, France, FR",bakery,Coffee,https://www.google.com/maps?cid=7721972306656026431,
Levain Bakery,ready,Bakeries,1,$,category estimate,"New York, New York, NY, US",bakery,Coffee,https://www.google.com/maps?cid=10761803594462719336,
Librae Bakery,ready,Bakeries,1,$,category estimate,"New York, New York, NY, US",bakery,Coffee,https://www.google.com/maps?cid=3885160069769058152,
Lille Bakery,ready,Bakeries,1,$,category estimate,"Copenhagen, Copenhagen, Denmark, DK",bakery,Coffee,https://www.google.com/maps?cid=7582608364423667769,
Lillebrors bageri,ready,Bakeries,1,$,category estimate,"Stockholm, Stockholm, Sweden, SE",bakery,Coffee,https://www.google.com/maps?cid=4263362111392205948,
Lodge Bread Company Beverly Hills,ready,Bakeries,1,$,category estimate,"Beverly Hills, Beverly Hills, CA, US",restaurant,Coffee,https://www.google.com/maps?cid=2679501876047225411,
Lost Larson (Wicker Park),ready,Bakeries,1,$,category estimate,"Chicago, Chicago, IL, US",bakery,Coffee,https://www.google.com/maps?cid=7110527659016516624,
Martinelli's Market - Bakery & Deli,ready,Bakeries,1,$,category estimate,"Champaign, Champaign, IL, US",restaurant,Casual,https://www.google.com/maps?cid=4673967231142047171,
Miam Bakery,ready,Bakeries,1,$,category estimate,"Sai Ying Pun, Sai Ying Pun, Hong Kong, HK",bakery,Coffee,https://www.google.com/maps?cid=4903791123574159273,
Miel Bakery,ready,Bakeries,1,$,category estimate,"London, London, United Kingdom, GB",bakery,Coffee,https://www.google.com/maps?cid=7935814616278521671,
Mille & Un Paris,ready,Bakeries,1,$,category estimate,"Paris, Paris, France, FR",bakery,Coffee,https://www.google.com/maps?cid=7890592480825157891,
Moonbelly Bakery,ready,Bakeries,1,$,category estimate,"Sacramento, Sacramento, CA, US",bakery,Coffee,https://www.google.com/maps?cid=3990908396140078995,
OH LA LA,ready,Bakeries,1,$,category estimate,"Pasadena, Pasadena, CA, US",brunch_restaurant,Coffee,https://www.google.com/maps?cid=13143649862141157696,
OH! MY BREAD,ready,Bakeries,1,$,category estimate,"Wan Chai, Wan Chai, Hong Kong, HK",bakery,Casual; Default list,https://www.google.com/maps?cid=5566863460424284491,
Old Sasoon Bakery,ready,Bakeries,1,$,category estimate,"Pasadena, Pasadena, CA, US",bakery,Coffee,https://www.google.com/maps?cid=14906373541715916049,
Origo Bakery,ready,Bakeries,1,$,category estimate,"Barcelona, Barcelona, Spain, ES",bakery,Coffee,https://www.google.com/maps?cid=13907469919783177840,
Oui Melrose,ready,Bakeries,1,$,category estimate,"Los Angeles, Los Angeles, CA, US",restaurant,Casual,https://www.google.com/maps?cid=5392716034207733466,
OUT OF ORDI,ready,Bakeries,1,$,category estimate,"Los Angeles, Los Angeles, CA, US",bakery,Coffee,https://www.google.com/maps?cid=16976399106181754630,
Pain des Philosophes,ready,Bakeries,1,$,category estimate,"Shinjuku City, Shinjuku City, Tokyo, Japan, JP",bakery,Coffee,https://www.google.com/maps?cid=11727558501078553162,
"Paloma Coffee & Bakery, Greenpoint",ready,Bakeries,1,$,category estimate,"Brooklyn, Brooklyn, NY, US",coffee_shop,Coffee,https://www.google.com/maps?cid=10675901632302912112,
Paloma the Bakery,ready,Bakeries,1,$,category estimate,"Brooklyn, Brooklyn, NY, US",bakery,Coffee,https://www.google.com/maps?cid=8231675071266687724,
Patisserie too,ready,Bakeries,1,$,category estimate,"Alhambra, Alhambra, CA, US",bakery,Coffee,https://www.google.com/maps?cid=16558109047749323382,
Patisserie VIRON Boulangerie Shibuya,ready,Bakeries,1,$,category estimate,"Shibuya, Shibuya, Tokyo, Japan, JP",bakery,Coffee,https://www.google.com/maps?cid=12262057143429033752,
Petitgrain Boulangerie,ready,Bakeries,1,$,category estimate,"Santa Monica, Santa Monica, CA, US",bakery,Coffee,https://www.google.com/maps?cid=13045056359202873639,
Pleincœur,ready,Bakeries,1,$,category estimate,"Paris, Paris, France, FR",bakery,Coffee,https://www.google.com/maps?cid=8201411737816259335,
Plumcot,ready,Bakeries,1,$,category estimate,"Tai Hang, Tai Hang, Hong Kong, HK",bakery,Coffee,https://www.google.com/maps?cid=16355066155148502623,
Porto's Bakery and Cafe,ready,Bakeries,1,$,category estimate,"Glendale, Glendale, CA, US",bakery,Coffee,https://www.google.com/maps?cid=16582778020018235735,
Proof Bakery,ready,Bakeries,1,$,category estimate,"Los Angeles, Los Angeles, CA, US",bakery,Coffee,https://www.google.com/maps?cid=13389100951211863429,
Proof.,ready,Bakeries,1,$,category estimate,"Happy Valley, Happy Valley, Hong Kong, HK",bakery,Coffee,https://www.google.com/maps?cid=14177443539505169599,
Relic Bakery & Kitchen,ready,Bakeries,1,$,category estimate,"San Diego, San Diego, CA, US",bakery,Coffee,https://www.google.com/maps?cid=18139442868565512633,
République,ready,Bakeries,1,$,category estimate,"Los Angeles, Los Angeles, CA, US",french_restaurant,Western nicer,https://www.google.com/maps?cid=11146942846194704924,
SABLÉ BOULANGERIE,ready,Bakeries,1,$,category estimate,"Gilbert, Gilbert, AZ, US",bakery,Coffee,https://www.google.com/maps?cid=15516164261242646446,
SAIN Boulangerie,ready,Bakeries,1,$,category estimate,"Paris, Paris, France, FR",bakery,Coffee,https://www.google.com/maps?cid=9013399792562179586,
Salted Butter Company,ready,Bakeries,1,$,category estimate,"Pasadena, Pasadena, CA, US",bakery,Coffee,https://www.google.com/maps?cid=13656003261933266454,
Santa Canela,ready,Bakeries,1,$,category estimate,"Los Angeles, Los Angeles, CA, US",bakery,Coffee,https://www.google.com/maps?cid=15655820867803158140,
Slow Bread,ready,Bakeries,1,$,category estimate,"Yuseong District, Yuseong District, Daejeon, South Korea, KR",bakery,Coffee,https://www.google.com/maps?cid=16750172228706885815,
Soft Thunder Bakery and Coffee,ready,Bakeries,1,$,category estimate,"Wan Chai, Wan Chai, Hong Kong, HK",coffee_shop,Coffee,https://www.google.com/maps?cid=11776851222431042107,
Stora bageriet,ready,Bakeries,1,$,category estimate,"Stockholm, Stockholm, Sweden, SE",bakery,Coffee,https://www.google.com/maps?cid=18086186180110109805,
Sugarbloom Bakery,ready,Bakeries,1,$,category estimate,"Los Angeles, Los Angeles, CA, US",pastry_shop,Coffee,https://www.google.com/maps?cid=11728779990333134911,
Supermoon Bakehouse,ready,Bakeries,1,$,category estimate,"New York, New York, NY, US",bakery,Coffee,https://www.google.com/maps?cid=12214586193541983585,
T% Coffee + Tea,ready,Bakeries,1,$,category estimate,"Davis, Davis, CA, US",bakery,Coffee,https://www.google.com/maps?cid=7172544914392174169,
Tartine Pasadena,ready,Bakeries,1,$,category estimate,"Pasadena, Pasadena, CA, US",bakery,Coffee,https://www.google.com/maps?cid=12112075019216531734,
The Baker & The Bottleman,ready,Bakeries,1,$,category estimate,"Wan Chai, Wan Chai, Hong Kong, HK",bakery,Western nicer,https://www.google.com/maps?cid=2081674073569593278,
Vission Bakery,ready,Bakeries,1,$,category estimate,"Central, Central, Hong Kong, HK",bakery,Coffee,https://www.google.com/maps?cid=658918629772689432,
Wayfarer Bread & Pastry,ready,Bakeries,1,$,category estimate,"La Jolla, La Jolla, CA, US",bakery,Coffee,https://www.google.com/maps?cid=7414585196776727638,
Yazdani Restaurant & Bakery,ready,Bakeries,1,$,category estimate,"Mumbai, Mumbai, Maharashtra, India, IN",bakery,Casual,https://www.google.com/maps?cid=13499458603296571059,
Berber & Q,ready,Barbecue,2,$$,category estimate,"London, London, United Kingdom, GB",barbecue_restaurant,Western nicer,https://www.google.com/maps?cid=11206820503233408253,
BLACK CACTUS BBQ,ready,Barbecue,2,$$,category estimate,"London, London, United Kingdom, GB",barbecue_restaurant,Casual,https://www.google.com/maps?cid=1263725806173182840,
Black Dog Smoke & Ale House,ready,Barbecue,2,$$,category estimate,"Champaign, Champaign, IL, US",barbecue_restaurant,Casual,https://www.google.com/maps?cid=14082953212814273425,
Bludso's BBQ,ready,Barbecue,2,$$,category estimate,"Los Angeles, Los Angeles, CA, US",barbecue_restaurant,Casual,https://www.google.com/maps?cid=13825581381891137119,
Burnt Ends,ready,Barbecue,2,$$,category estimate,"Singapore, SG",barbecue_restaurant,Western nicer,https://www.google.com/maps?cid=12908640024525839683,
Dynasty,ready,Barbecue,2,$$,category estimate,"Wan Chai, Wan Chai, Hong Kong, HK",restaurant,Asian casual,https://www.google.com/maps?cid=4678926735346600975,
Ember Korean BBQ,ready,Barbecue,2,$$,category estimate,"Elk Grove, Elk Grove, CA, US",korean_restaurant,Asian casual,https://www.google.com/maps?cid=7410035432385171614,
Feng Mao BBQ Lamb Kebab Olympic,ready,Barbecue,2,$$,category estimate,"Los Angeles, Los Angeles, CA, US",chinese_restaurant,Asian casual,https://www.google.com/maps?cid=3022561779328474081,
Fiasco BBQ,ready,Barbecue,2,$$,category estimate,"Austin, Austin, TX, US",barbecue_restaurant,Casual,https://www.google.com/maps?cid=10248832563092037625,
Franklin Barbecue,ready,Barbecue,2,$$,category estimate,"Austin, Austin, TX, US",barbecue_restaurant,Casual,https://www.google.com/maps?cid=3579139785445756036,
Grill ขุนทอง,ready,Barbecue,2,$$,category estimate,"Central, Central, Hong Kong, HK",barbecue_restaurant,Asian casual,https://www.google.com/maps?cid=1838766440698367992,
Gus's BBQ,ready,Barbecue,2,$$,category estimate,"South Pasadena, South Pasadena, CA, US",barbecue_restaurant,Want to go,https://www.google.com/maps?cid=9465790454273339078,
Haji Seekh Corner,ready,Barbecue,2,$$,category estimate,"Mumbai, Mumbai, Maharashtra, India, IN",barbecue_restaurant,Casual,https://www.google.com/maps?cid=15310873034527537673,
Harper Barbecue,ready,Barbecue,2,$$,category estimate,"Costa Mesa, Costa Mesa, CA, US",barbecue_restaurant,Casual,https://www.google.com/maps?cid=12167601843455457146,
Heritage Barbecue,ready,Barbecue,2,$$,category estimate,"San Juan Capistrano, San Juan Capistrano, CA, US",barbecue_restaurant,Casual; Want to go,https://www.google.com/maps?cid=16577506362982211818,
Hometown Bar-B-Que,ready,Barbecue,2,$$,category estimate,"Brooklyn, Brooklyn, NY, US",barbecue_restaurant,Casual,https://www.google.com/maps?cid=1094684385557750178,
Interstellar BBQ,ready,Barbecue,2,$$,category estimate,"Austin, Austin, TX, US",barbecue_restaurant,Casual,https://www.google.com/maps?cid=8993975751691615054,
Jeong Yuk Jeom Korean BBQ LA,ready,Barbecue,2,$$,category estimate,"Los Angeles, Los Angeles, CA, US",korean_barbecue_restaurant,Asian casual,https://www.google.com/maps?cid=5823377337449439132,
Kitchen One Roast Goose (Causeway Bay),ready,Barbecue,2,$$,category estimate,"Causeway Bay, Causeway Bay, Hong Kong, HK",barbecue_restaurant,Asian casual,https://www.google.com/maps?cid=14018823565700873511,
KTEAM BBQ,ready,Barbecue,2,$$,category estimate,"Los Angeles, Los Angeles, CA, US",korean_restaurant,Asian casual,https://www.google.com/maps?cid=11211104334230396872,
LaVaca BBQ,ready,Barbecue,2,$$,category estimate,"Port Lavaca, Port Lavaca, TX, US",barbecue_restaurant,Casual,https://www.google.com/maps?cid=5690543458580650448,
Leroy and Lewis Barbecue,ready,Barbecue,2,$$,category estimate,"Austin, Austin, TX, US",barbecue_restaurant,Casual,https://www.google.com/maps?cid=10495883606143817494,
Lien Hoa BBQ Inc,ready,Barbecue,2,$$,category estimate,"Los Angeles, Los Angeles, CA, US",chinese_takeaway,Asian casual,https://www.google.com/maps?cid=4217743313828021861,
Moo's Craft Barbecue,ready,Barbecue,2,$$,category estimate,"Los Angeles, Los Angeles, CA, US",barbecue_restaurant,Casual,https://www.google.com/maps?cid=16595796752238514872,
Olle Korean Barbecue,ready,Barbecue,2,$$,category estimate,"London, London, United Kingdom, GB",korean_barbecue_restaurant,Asian casual,https://www.google.com/maps?cid=5775401197252388682,
Park's BBQ,ready,Barbecue,1,$,Google Places,"Los Angeles, Los Angeles, CA, US",korean_barbecue_restaurant,Asian casual,https://www.google.com/maps?cid=7737077660375970873,
Rack City Ribs,ready,Barbecue,2,$$,category estimate,"London, London, United Kingdom, GB",restaurant,Casual,https://www.google.com/maps?cid=4989346326712826709,
Ray's Texas Bbq,ready,Barbecue,2,$$,category estimate,"Huntington Park, Huntington Park, CA, US",barbecue_restaurant,Casual; Want to go,https://www.google.com/maps?cid=9996182829470704364,
Rob's OG BBQ,ready,Barbecue,2,$$,category estimate,"Ridgecrest, Ridgecrest, CA, US",barbecue_restaurant,Casual,https://www.google.com/maps?cid=10679872899611700045,
Rodney's Ribs Food Truck,ready,Barbecue,2,$$,category estimate,"Pasadena, Pasadena, CA, US",barbecue_restaurant,Casual,https://www.google.com/maps?cid=4405375846882650798,
Ruby B.B.Q. Food,ready,Barbecue,2,$$,category estimate,"South El Monte, South El Monte, CA, US",barbecue_restaurant,Asian casual,https://www.google.com/maps?cid=14629569354747957421,
Sanders BBQ Supply Co.,ready,Barbecue,2,$$,category estimate,"Chicago, Chicago, IL, US",barbecue_restaurant,Casual,https://www.google.com/maps?cid=9174861641790119762,
SMOKESTAK,ready,Barbecue,2,$$,category estimate,"London, London, United Kingdom, GB",barbecue_restaurant,Casual,https://www.google.com/maps?cid=17476163595417081711,
Southern Junction,ready,Barbecue,2,$$,category estimate,"Buffalo, Buffalo, NY, US",barbecue_restaurant,Casual,https://www.google.com/maps?cid=6149341475011451211,
Sun Kwai Heung,ready,Barbecue,2,$$,category estimate,"Chai Wan, Chai Wan, Hong Kong, HK",cantonese_restaurant,Asian casual,https://www.google.com/maps?cid=18169419764420736055,
Swinging Door BBQ,ready,Barbecue,2,$$,category estimate,"North Hollywood, North Hollywood, CA, US",barbecue_restaurant,Casual,https://www.google.com/maps?cid=7197947047681231471,
YORI Piccadilly Circus Korean BBQ,ready,Barbecue,2,$$,category estimate,"London, London, United Kingdom, GB",korean_barbecue_restaurant,Asian casual,https://www.google.com/maps?cid=9926669386742436346,
24 Suns,ready,Bars,3,$$$,category estimate,"Oceanside, Oceanside, CA, US",restaurant,Asian casual,https://www.google.com/maps?cid=2443193819235751734,
AFURI - DTLA Arts District,ready,Bars,3,$$$,category estimate,"Los Angeles, Los Angeles, CA, US",restaurant,Asian casual,https://www.google.com/maps?cid=7888281620234309225,
Antonio taberna,ready,Bars,3,$$$,category estimate,"Donostia / San Sebastián, Donostia / San Sebastián, Spain, ES",bar,Casual,https://www.google.com/maps?cid=3218194970419506863,
ARGO,ready,Bars,3,$$$,category estimate,"Central, Central, Hong Kong, HK",bar,Bars,https://www.google.com/maps?cid=9597339361603587108,
Balderdash,ready,Bars,3,$$$,category estimate,"Copenhagen Municipality, Copenhagen Municipality, Denmark, DK",bar,Drinks,https://www.google.com/maps?cid=11381830532537138591,
Bar Kroketa,ready,Bars,3,$$$,category estimate,"London, London, United Kingdom, GB",bar,Casual,https://www.google.com/maps?cid=8116730010083297934,
Bar Leone,ready,Bars,3,$$$,category estimate,"Central, Central, Hong Kong, HK",cocktail_bar,Bars,https://www.google.com/maps?cid=5705631399565892371,
Bar Lina Soho,ready,Bars,3,$$$,category estimate,"London, London, United Kingdom, GB",cocktail_bar,Bars,https://www.google.com/maps?cid=11142237895910003242,
BAR SPORT,ready,Bars,3,$$$,category estimate,"Donostia / San Sebastián, Donostia / San Sebastián, Spain, ES",bar,Casual,https://www.google.com/maps?cid=13724444345769521282,
Barts,ready,Bars,3,$$$,category estimate,"London, London, United Kingdom, GB",cocktail_bar,Bars,https://www.google.com/maps?cid=8817911946911802599,
Bawk! by Urban Roots,ready,Bars,3,$$$,category estimate,"Sacramento, Sacramento, CA, US",restaurant,Casual,https://www.google.com/maps?cid=10699997683330878032,
Behind This Wall,ready,Bars,3,$$$,category estimate,"London, London, United Kingdom, GB",cocktail_bar,Bars,https://www.google.com/maps?cid=10953053184489211321,
bird : downtown,ready,Bars,3,$$$,category estimate,"Copenhagen, Copenhagen, Denmark, DK",bar,Drinks,https://www.google.com/maps?cid=7249961182720964519,
Bourke's,ready,Bars,3,$$$,category estimate,"Central, Central, Hong Kong, HK",cocktail_bar,Western nicer,https://www.google.com/maps?cid=7698704228601882708,
CAVE DE LA TOUR,ready,Bars,3,$$$,category estimate,"Nice, Nice, France, FR",restaurant,Drinks,https://www.google.com/maps?cid=9154041307317005652,
Cruise Restaurant & Bar,ready,Bars,3,$$$,category estimate,"North Point, North Point, Hong Kong, HK",bar,Western nicer,https://www.google.com/maps?cid=10121741344579621452,
DARKROOM Restaurant and Wine Bar,ready,Bars,3,$$$,category estimate,"Santa Ana, Santa Ana, CA, US",restaurant,Western nicer,https://www.google.com/maps?cid=14004165834773377683,
Dear Sainte Éloise,ready,Bars,2,$$,Google Places,"Potts Point, Potts Point NSW, Australia, AU",wine_bar,Western nicer,https://www.google.com/maps?cid=10462963352028053930,
Duck and Cover - Cocktailbar,ready,Bars,3,$$$,category estimate,"Copenhagen Municipality, Copenhagen Municipality, Denmark, DK",cocktail_bar,Drinks,https://www.google.com/maps?cid=993878694934464119,
Ember Yard - Tapas & Cocktail Bar,ready,Bars,3,$$$,category estimate,"London, London, United Kingdom, GB",restaurant,Western nicer,https://www.google.com/maps?cid=15396460825361175987,
Farmhouse Kitchen Thai Cuisine LA,ready,Bars,3,$$$,category estimate,"Los Angeles, Los Angeles, CA, US",restaurant,Asian casual,https://www.google.com/maps?cid=15904669446085078338,
Freud Café-Bar & Gallery,ready,Bars,3,$$$,category estimate,"London, London, United Kingdom, GB",cocktail_bar,Bars,https://www.google.com/maps?cid=5673349667503964940,
Gensyn Bar,ready,Bars,3,$$$,category estimate,"Frederiksberg, Frederiksberg, Denmark, DK",cocktail_bar,Drinks,https://www.google.com/maps?cid=17704455032045846708,
Gilou,ready,Bars,3,$$$,category estimate,"Paris, Paris, France, FR",restaurant,Casual,https://www.google.com/maps?cid=14411830806907610596,
Harry's New York Bar,ready,Bars,3,$$$,category estimate,"Paris, Paris, France, FR",cocktail_bar,Default list,https://www.google.com/maps?cid=3242371972220289104,
K Bar,ready,Bars,3,$$$,category estimate,"London, London, United Kingdom, GB",cocktail_bar,Bars,https://www.google.com/maps?cid=8320708436368415024,
Le Barav,ready,Bars,3,$$$,category estimate,"Paris, Paris, France, FR",wine_bar,Casual,https://www.google.com/maps?cid=13493764010925908741,
Le Gavroche Bar à vins Paris 75002,ready,Bars,3,$$$,category estimate,"Paris, Paris, France, FR",restaurant,Casual,https://www.google.com/maps?cid=14088638270847832572,
Les enfants du marché,ready,Bars,3,$$$,category estimate,"Paris, Paris, France, FR",wine_bar,Casual,https://www.google.com/maps?cid=7014928436598059602,
Lidkoeb,ready,Bars,3,$$$,category estimate,"Copenhagen, Copenhagen, Denmark, DK",bar,Drinks,https://www.google.com/maps?cid=5691920043214046865,
Los Caracoles,ready,Bars,3,$$$,category estimate,"Barcelona, Barcelona, Spain, ES",restaurant,Casual,https://www.google.com/maps?cid=9234567008261941323,
Marksman,ready,Bars,3,$$$,category estimate,"London, London, United Kingdom, GB",pub,Western nicer,https://www.google.com/maps?cid=12910295391410697347,
Mayrai - เมรัย Padthai | Winebar,ready,Bars,3,$$$,category estimate,"Phra Nakhon, Phra Nakhon, Bangkok, Thailand, TH",wine_bar,Asian casual,https://www.google.com/maps?cid=12312336429152524758,
Mrizi i Zanave®️ - Buk e gjath,ready,Bars,3,$$$,category estimate,"Tiranë, Tiranë, Albania, AL",restaurant,Casual,https://www.google.com/maps?cid=8917820694472446345,
Peridot,ready,Bars,3,$$$,category estimate,"Central, Central, Hong Kong, HK",bar,Bars,https://www.google.com/maps?cid=14614831526959704565,
Prince of Peckham Pub,ready,Bars,3,$$$,category estimate,"London, London, United Kingdom, GB",pub,Casual,https://www.google.com/maps?cid=18398098525881380376,
Ristorante Buca Mario,ready,Bars,3,$$$,category estimate,"Florence, Florence, Metropolitan City of Florence, Italy, IT",restaurant,Casual,https://www.google.com/maps?cid=1873925511941774470,
Ruby,ready,Bars,3,$$$,category estimate,"Copenhagen, Copenhagen, Denmark, DK",cocktail_bar,Drinks,https://www.google.com/maps?cid=14261621662253949197,
Scarfes Bar,ready,Bars,3,$$$,category estimate,"London, London, United Kingdom, GB",cocktail_bar,Bars,https://www.google.com/maps?cid=7928340162549216150,
Seed Library,ready,Bars,3,$$$,category estimate,"London, London, United Kingdom, GB",cocktail_bar,Bars,https://www.google.com/maps?cid=16605215707911586881,
Shoji,ready,Bars,3,$$$,category estimate,"San Francisco, San Francisco, CA, US",bar,Coffee,https://www.google.com/maps?cid=3552395079405516008,
Sip&Guzzle,ready,Bars,3,$$$,category estimate,"New York, New York, NY, US",cocktail_bar,Bars,https://www.google.com/maps?cid=13781580769764531441,
Spiritland,ready,Bars,3,$$$,category estimate,"London, London, United Kingdom, GB",cocktail_bar,Bars,https://www.google.com/maps?cid=8716096844823793198,
Spoke Wine Bar,ready,Bars,3,$$$,category estimate,"Somerville, Somerville, MA, US",wine_bar,Western nicer,https://www.google.com/maps?cid=4036553776677228274,
Starlite,ready,Bars,3,$$$,category estimate,"San Francisco, San Francisco, CA, US",bar,Drinks,https://www.google.com/maps?cid=7683813487433324974,
Suze,ready,Bars,3,$$$,category estimate,"Fitzroy North, Fitzroy North VIC, Australia, AU",wine_bar,Western nicer,https://www.google.com/maps?cid=13064759724860493925,
The 411 London,ready,Bars,3,$$$,category estimate,"London, London, United Kingdom, GB",cocktail_bar,Drinks,https://www.google.com/maps?cid=2856461190853041554,
The Barking Dog,ready,Bars,3,$$$,category estimate,"Copenhagen, Copenhagen, Denmark, DK",bar,Drinks,https://www.google.com/maps?cid=1864168791453983132,
The Black Eel,ready,Bars,3,$$$,category estimate,"London, London, United Kingdom, GB",pub,Casual,https://www.google.com/maps?cid=8309713277054526371,
The Blue Stoops,ready,Bars,3,$$$,category estimate,"London, London, United Kingdom, GB",pub,Casual,https://www.google.com/maps?cid=11898002287164215351,
The Devonshire,ready,Bars,3,$$$,category estimate,"London, London, United Kingdom, GB",pub,Western nicer,https://www.google.com/maps?cid=4542734828589744142,
The George,ready,Bars,3,$$$,category estimate,"London, London, United Kingdom, GB",pub,Casual,https://www.google.com/maps?cid=12746418632186759505,
The Green Door,ready,Bars,3,$$$,category estimate,"Central, Central, Hong Kong, HK",bar_and_grill,Bars,https://www.google.com/maps?cid=6438101446928885012,
The Greyhound Beaconsfield,ready,Bars,3,$$$,category estimate,"Beaconsfield, Beaconsfield, United Kingdom, GB",restaurant,Western nicer,https://www.google.com/maps?cid=10800433991969190170,
The Hound,ready,Bars,3,$$$,category estimate,"London, London, United Kingdom, GB",pub,Western nicer,https://www.google.com/maps?cid=1501897576649646963,
The Jackalope,ready,Bars,3,$$$,category estimate,"London, London, United Kingdom, GB",pub,Casual,https://www.google.com/maps?cid=1643332265449255914,
The Knave of Clubs,ready,Bars,3,$$$,category estimate,"London, London, United Kingdom, GB",pub,Casual,https://www.google.com/maps?cid=11604143715061793065,
The Macbeth,ready,Bars,3,$$$,category estimate,"London, London, United Kingdom, GB",pub,Casual,https://www.google.com/maps?cid=5095808593210382943,
The Marlborough,ready,Bars,3,$$$,category estimate,"London, London, United Kingdom, GB",pub,Casual,https://www.google.com/maps?cid=12624606131241011948,
The Marquee Moon,ready,Bars,3,$$$,category estimate,"London, London, United Kingdom, GB",pub,Casual,https://www.google.com/maps?cid=10731007763095934430,
The Old Man,ready,Bars,3,$$$,category estimate,"Central, Central, Hong Kong, HK",bar,Drinks,https://www.google.com/maps?cid=15413851932562251551,
The Pelican,ready,Bars,3,$$$,category estimate,"London, London, United Kingdom, GB",pub,Western nicer,https://www.google.com/maps?cid=14827761860804465188,
The Plimsoll,ready,Bars,3,$$$,category estimate,"London, London, United Kingdom, GB",pub,Casual,https://www.google.com/maps?cid=14930588756239661714,
The Waterman’s Arms,ready,Bars,3,$$$,category estimate,"London, London, United Kingdom, GB",pub,Casual,https://www.google.com/maps?cid=2060663177403072337,
Three Sheets Soho,ready,Bars,3,$$$,category estimate,"London, London, United Kingdom, GB",cocktail_bar,Bars,https://www.google.com/maps?cid=231345337057572344,
Tjoget,ready,Bars,3,$$$,category estimate,"Stockholm, Stockholm, Sweden, SE",restaurant,Drinks,https://www.google.com/maps?cid=12378437113624571640,
True Laurel,ready,Bars,3,$$$,category estimate,"San Francisco, San Francisco, CA, US",cocktail_bar,Drinks,https://www.google.com/maps?cid=7300198297212145296,
Zitto Speakeasy.,ready,Bars,3,$$$,category estimate,"Nice, Nice, France, FR",cocktail_bar,Drinks,https://www.google.com/maps?cid=6335686005045192855,
ZZURA,ready,Bars,3,$$$,category estimate,"Central, Central, Hong Kong, HK",cocktail_bar,Bars,https://www.google.com/maps?cid=6815102046290911184,
Baby Bistro,ready,Bistro,2,$$,category estimate,"Los Angeles, Los Angeles, CA, US",bistro,Want to go; Western nicer,https://www.google.com/maps?cid=896982281960115410,
Bistro Boheme,ready,Bistro,2,$$,category estimate,"Copenhagen, Copenhagen, Denmark, DK",restaurant,Western nicer,https://www.google.com/maps?cid=13687191995762528127,
Bistrot du Vin,ready,Bistro,2,$$,category estimate,"Sai Ying Pun, Sai Ying Pun, Hong Kong, HK",french_restaurant,Western nicer,https://www.google.com/maps?cid=8964074638998790949,
Bouillon Bistro Parisien,ready,Bistro,2,$$,category estimate,"Sheung Wan, Sheung Wan, Hong Kong, HK",french_restaurant,Western nicer,https://www.google.com/maps?cid=14620257593906118599,
Le Bistrot De JAN Nice,ready,Bistro,2,$$,category estimate,"Nice, Nice, France, FR",restaurant,Western nicer,https://www.google.com/maps?cid=14512643635693309518,
7th Street Burger Soho,ready,Burgers,2,$$,category estimate,"New York, New York, NY, US",hamburger_restaurant,Casual,https://www.google.com/maps?cid=8758121706847975994,
Amboy Quality Meats & Delicious Burgers,ready,Burgers,2,$$,category estimate,"Los Angeles, Los Angeles, CA, US",hamburger_restaurant,Casual,https://www.google.com/maps?cid=10949859175536774506,
Black Bear Burger - Restaurant Exmouth Market,ready,Burgers,2,$$,category estimate,"London, London, United Kingdom, GB",hamburger_restaurant,Casual,https://www.google.com/maps?cid=16186026096799216634,
Bun N Burger,ready,Burgers,2,$$,category estimate,"Alhambra, Alhambra, CA, US",diner,Casual,https://www.google.com/maps?cid=18221693175228499892,
Burger She Wrote,ready,Burgers,2,$$,category estimate,"Los Angeles, Los Angeles, CA, US",hamburger_restaurant,Casual,https://www.google.com/maps?cid=4112798492690837566,
BURGERS NEVER SAY DIE,ready,Burgers,2,$$,category estimate,"Los Angeles, Los Angeles, CA, US",hamburger_restaurant,Casual,https://www.google.com/maps?cid=3879602201409844730,
Gasoline Grill,ready,Burgers,2,$$,category estimate,"Copenhagen Municipality, Copenhagen Municipality, Denmark, DK",hamburger_restaurant,Casual,https://www.google.com/maps?cid=7068106125517588564,
George's Burger Stand,ready,Burgers,2,$$,category estimate,"Los Angeles, Los Angeles, CA, US",sandwich_shop,Casual,https://www.google.com/maps?cid=223617775723200099,
Hikiniku to Come (IFC Mall),ready,Burgers,2,$$,category estimate,"Central, Central, Hong Kong, HK",hamburger_restaurant,Asian casual,https://www.google.com/maps?cid=15134311271608461640,
In-N-Out Burger,ready,Burgers,2,$$,category estimate,"Davis, Davis, CA, US",hamburger_restaurant,Casual,https://www.google.com/maps?cid=16727274371808447670,
In-N-Out Burger,ready,Burgers,2,$$,category estimate,"Pasadena, Pasadena, CA, US",hamburger_restaurant,Casual,https://www.google.com/maps?cid=16753660065524892179,
Kuma,ready,Burgers,2,$$,category estimate,"Repulse Bay, Repulse Bay, Hong Kong, HK",hamburger_restaurant,Casual,https://www.google.com/maps?cid=2824690070053265105,
Monty’s Good Burger Echo Park,ready,Burgers,2,$$,category estimate,"Los Angeles, Los Angeles, CA, US",vegan_restaurant,Casual,https://www.google.com/maps?cid=596043118272085373,
Pie 'n Burger,ready,Burgers,2,$$,category estimate,"Pasadena, Pasadena, CA, US",hamburger_restaurant,Casual,https://www.google.com/maps?cid=8352131905403214507,
POPL Burger,ready,Burgers,2,$$,category estimate,"Copenhagen, Copenhagen, Denmark, DK",hamburger_restaurant,Casual,https://www.google.com/maps?cid=3209894230126228498,
Sick Burger,ready,Burgers,2,$$,category estimate,"Causeway Bay, Causeway Bay, Hong Kong, HK",hamburger_restaurant,Casual,https://www.google.com/maps?cid=3860553590082533658,
Smith Burger Company,ready,Burgers,2,$$,category estimate,"Champaign, Champaign, IL, US",hamburger_restaurant,Casual,https://www.google.com/maps?cid=6913561797601499003,
Super Burger,ready,Burgers,2,$$,category estimate,"Pasadena, Pasadena, CA, US",hamburger_restaurant,Casual,https://www.google.com/maps?cid=10325235677158262245,
Superiority Burger,ready,Burgers,2,$$,category estimate,"New York, New York, NY, US",vegetarian_restaurant,Casual,https://www.google.com/maps?cid=1577213833939647660,
The Boring burger,ready,Burgers,2,$$,category estimate,"Guildford, Guildford, United Kingdom, GB",hamburger_restaurant,Casual,https://www.google.com/maps?cid=1937847548222864293,
Abrikos,ready,Cafés,1,$,category estimate,"Copenhagen, Copenhagen, Denmark, DK",cafe,Casual,https://www.google.com/maps?cid=18239506762313391138,
ACRE,ready,Cafés,1,$,category estimate,"Brooklyn, Brooklyn, NY, US",japanese_restaurant,Coffee,https://www.google.com/maps?cid=6467884930019131842,
Affee,ready,Cafés,1,$,category estimate,"Quarry Bay, Quarry Bay, Hong Kong, HK",coffee_shop,Coffee,https://www.google.com/maps?cid=2546764400995272359,
Alana's Coffee Roasters,ready,Cafés,1,$,category estimate,"Los Angeles, Los Angeles, CA, US",coffee_shop,Coffee,https://www.google.com/maps?cid=7659084063404051136,
ansā Micro Coffee Roastery,ready,Cafés,1,$,category estimate,"New York, New York, NY, US",coffee_roastery,Coffee,https://www.google.com/maps?cid=7526752701154644795,
April Coffee Store & Showroom,ready,Cafés,1,$,category estimate,"Copenhagen, Copenhagen, Denmark, DK",coffee_shop,Coffee,https://www.google.com/maps?cid=10581899503512943323,
Archives Of Us,ready,Cafés,1,$,category estimate,"Los Angeles, Los Angeles, CA, US",coffee_shop,Coffee,https://www.google.com/maps?cid=1388013405092556652,
BAGELOO Bagel & Coffee Shop,ready,Cafés,1,$,category estimate,"Pasadena, Pasadena, CA, US",bagel_shop,Coffee,https://www.google.com/maps?cid=17682056395629008970,
Blend Coffee and Vinyl shop,ready,Cafés,1,$,category estimate,"Nice, Nice, France, FR",coffee_shop,Coffee,https://www.google.com/maps?cid=11985998382642890286,
BrewLab Coffee,ready,Cafés,1,$,category estimate,"Champaign, Champaign, IL, US",coffee_shop,Coffee,https://www.google.com/maps?cid=11697109388407654657,
Brume Coffee Nice,ready,Cafés,1,$,category estimate,"Nice, Nice, France, FR",coffee_shop,Coffee,https://www.google.com/maps?cid=10254981952931598688,
Cafe Bau,ready,Cafés,1,$,category estimate,"Tsim Sha Tsui, Tsim Sha Tsui, Hong Kong, HK",fine_dining_restaurant,Western nicer,https://www.google.com/maps?cid=4862227422887232105,
Cafe Knotted Westfield Century City,ready,Cafés,1,$,category estimate,"Los Angeles, Los Angeles, CA, US",cafe,Coffee,https://www.google.com/maps?cid=11052642474016211548,
Cafe Kowloon - Modern Cantonese Restaurant,ready,Cafés,1,$,category estimate,"London, London, United Kingdom, GB",cantonese_restaurant,Asian casual,https://www.google.com/maps?cid=12430004394739158335,
Café Malacca,ready,Cafés,1,$,category estimate,"Shek Tong Tsui, Shek Tong Tsui, Hong Kong, HK",malaysian_restaurant,Asian casual,https://www.google.com/maps?cid=11304835197799188314,
Cafe whale 太安樓,ready,Cafés,1,$,category estimate,"Sai Wan Ho, Sai Wan Ho, Hong Kong, HK",cafe,Casual,https://www.google.com/maps?cid=1922578341579679918,
Céd Coffee & Donuts,ready,Cafés,1,$,category estimate,"Garden Grove, Garden Grove, CA, US",coffee_shop,Coffee,https://www.google.com/maps?cid=15382857442188062023,
Certified café,ready,Cafés,1,$,category estimate,"Paris, Paris, France, FR",coffee_shop,Coffee,https://www.google.com/maps?cid=13480854078500986670,
CHAGEE Modern Teahouse,ready,Cafés,1,$,category estimate,"Los Angeles, Los Angeles, CA, US",tea_house,Coffee,https://www.google.com/maps?cid=15338203838392595293,
Chainsaw Café,ready,Cafés,1,$,category estimate,"Los Angeles, Los Angeles, CA, US",restaurant,Casual,https://www.google.com/maps?cid=391830041554086024,
Chasanraku Tea Stand,ready,Cafés,1,$,category estimate,"Kyoto, Kyoto, Japan, JP",cafe,Dessert,https://www.google.com/maps?cid=4419006001883169348,
Chatterbox Café (K11 Musea) - 海南雞飯,ready,Cafés,1,$,category estimate,"Tsim Sha Tsui, Tsim Sha Tsui, Hong Kong, HK",singaporean_restaurant,Asian casual,https://www.google.com/maps?cid=9346330283636874180,
Cheung Hing Coffee Shop,ready,Cafés,1,$,category estimate,"Happy Valley, Happy Valley, Hong Kong, HK",cha_chaan_teng_hong_kong_style_cafe,Asian casual,https://www.google.com/maps?cid=360516057498639821,
Crepeville,ready,Cafés,1,$,category estimate,"Davis, Davis, CA, US",breakfast_restaurant,Casual,https://www.google.com/maps?cid=15539700807484282970,
Des gâteaux et du pain,ready,Cafés,1,$,category estimate,"Paris, Paris, France, FR",patisserie,Coffee,https://www.google.com/maps?cid=9511579591482651063,
Des Gâteaux et du Pain,ready,Cafés,1,$,category estimate,"Paris, Paris, France, FR",patisserie,Coffee,https://www.google.com/maps?cid=2212235385579884815,
Dialogue Coffee & Flowers,ready,Cafés,1,$,category estimate,"New York, New York, NY, US",coffee_shop,Coffee,https://www.google.com/maps?cid=5539445695010677423,
Doubting Thomas,ready,Cafés,1,$,category estimate,"Los Angeles, Los Angeles, CA, US",cafe,Coffee,https://www.google.com/maps?cid=2855031260634837427,
Egg Tuck,ready,Cafés,1,$,category estimate,"Chicago, Chicago, IL, US",breakfast_restaurant,Default list,https://www.google.com/maps?cid=15417262304341584726,
Ellen,ready,Cafés,1,$,category estimate,"Alexandria, Alexandria NSW, Australia, AU",cafe,Casual,https://www.google.com/maps?cid=2098149087447264921,
Ferdinand,ready,Cafés,1,$,category estimate,"Geneva, Geneva, Switzerland, CH",espresso_bar,Coffee,https://www.google.com/maps?cid=15403297056872673050,
Flere Fugle,ready,Cafés,1,$,category estimate,"Copenhagen, Copenhagen, Denmark, DK",cafe,Coffee,https://www.google.com/maps?cid=17115481151683606783,
Gala Cafe,ready,Cafés,1,$,category estimate,"Tsuen Wan, Tsuen Wan, Hong Kong, HK",cha_chaan_teng_hong_kong_style_cafe,Asian casual,https://www.google.com/maps?cid=6125861433596322415,
GEE coffee roasters,ready,Cafés,1,$,category estimate,"Shenzhen, Shenzhen, Guangdong Province, China, CN",cafe,Default list,https://www.google.com/maps?cid=15222916872129771259,
Geisha Coffee,ready,Cafés,1,$,category estimate,"Madrid, Madrid, Spain, ES",coffee_shop,Coffee,https://www.google.com/maps?cid=12112974282940040835,
HIEN FROM VIETNAM,ready,Cafés,1,$,category estimate,"New York, New York, NY, US",cafe,Coffee,https://www.google.com/maps?cid=4514661360866005172,
Ho Kee Cafe,ready,Cafés,1,$,category estimate,"San Gabriel, San Gabriel, CA, US",cantonese_restaurant,Asian casual,https://www.google.com/maps?cid=5598751053299272526,
I'm donut ? Shibuya Miyamasuzaka,ready,Cafés,1,$,category estimate,"Shibuya, Shibuya, Tokyo, Japan, JP",donut_shop,Coffee,https://www.google.com/maps?cid=313293100612815707,
I'm donut ? times square,ready,Cafés,1,$,category estimate,"New York, New York, NY, US",donut_shop,Coffee,https://www.google.com/maps?cid=6165302224064545639,
Intelligentsia Coffee Pasadena Coffeebar,ready,Cafés,1,$,category estimate,"Pasadena, Pasadena, CA, US",coffee_shop,Coffee,https://www.google.com/maps?cid=14265297240593562195,
Johan & Nyström - Swedenborgsgatan,ready,Cafés,1,$,category estimate,"Stockholm, Stockholm, Sweden, SE",coffee_shop,Coffee,https://www.google.com/maps?cid=10724149695153080136,
Kaffeine,ready,Cafés,1,$,category estimate,"London, London, United Kingdom, GB",coffee_shop,Coffee,https://www.google.com/maps?cid=15977299735275046867,
Kaldi Coffee & Tea,ready,Cafés,1,$,category estimate,"South Pasadena, South Pasadena, CA, US",coffee_shop,Coffee,https://www.google.com/maps?cid=1364687669516350561,
Kam Wah Cafe & Cake Shop,ready,Cafés,1,$,category estimate,"Mong Kok, Mong Kok, Hong Kong, HK",cha_chaan_teng_hong_kong_style_cafe,Asian casual,https://www.google.com/maps?cid=10081384275683139023,
Kobe Beekeepers,ready,Cafés,1,$,category estimate,"Kobe, Kobe, Hyogo, Japan, JP",cafe,Default list,https://www.google.com/maps?cid=7858969260655815263,
KOUNOU COFFEE,ready,Cafés,1,$,category estimate,"Osaka, Osaka, Japan, JP",cafe,Coffee,https://www.google.com/maps?cid=4462424495495789731,
Kyoto Tsumiki,ready,Cafés,1,$,category estimate,"Kyoto, Kyoto, Japan, JP",cafe,Dessert,https://www.google.com/maps?cid=2688531797043266357,
L.A. Rose Cafe,ready,Cafés,1,$,category estimate,"Los Angeles, Los Angeles, CA, US",filipino_restaurant,Asian casual,https://www.google.com/maps?cid=9467399497832814579,
La Claque Coffee Shop,ready,Cafés,1,$,category estimate,"Nice, Nice, France, FR",coffee_shop,Coffee,https://www.google.com/maps?cid=6080573187166337280,
La Colombe Coffee Workshop,ready,Cafés,1,$,category estimate,"New York, New York, NY, US",coffee_shop,Coffee,https://www.google.com/maps?cid=8571667987727203759,
Las Olas Cafe,ready,Cafés,1,$,category estimate,"Miami Beach, Miami Beach, FL, US",cuban_restaurant,Casual,https://www.google.com/maps?cid=11108503282311994711,
Leopold Cafe,ready,Cafés,1,$,category estimate,"Mumbai, Mumbai, Maharashtra, India, IN",cafe,Casual,https://www.google.com/maps?cid=2075368954937787810,
Liu's Cafe,ready,Cafés,1,$,category estimate,"Los Angeles, Los Angeles, CA, US",taiwanese_restaurant,Asian casual,https://www.google.com/maps?cid=9837655724032984035,
Maison Karlie,ready,Cafés,1,$,category estimate,"Nice, Nice, France, FR",coffee_shop,Coffee,https://www.google.com/maps?cid=13050918468838711624,
Maison Matho,ready,Cafés,1,$,category estimate,"Los Angeles, Los Angeles, CA, US",coffee_shop,Casual,https://www.google.com/maps?cid=90305700388832882,
MaMUKI まむき – Bake • Bar (Enmore),ready,Cafés,1,$,category estimate,"Enmore, Enmore NSW, Australia, AU",cafe,Asian casual,https://www.google.com/maps?cid=11396145766716324018,
mandarin coffee stand,ready,Cafés,1,$,category estimate,"Pasadena, Pasadena, CA, US",cafe,Coffee,https://www.google.com/maps?cid=14085884102047660896,
Maru Coffee,ready,Cafés,1,$,category estimate,"Los Angeles, Los Angeles, CA, US",coffee_shop,Coffee,https://www.google.com/maps?cid=3082995704473716987,
Milli by Metric,ready,Cafés,1,$,category estimate,"Chicago, Chicago, IL, US",coffee_shop,Coffee,https://www.google.com/maps?cid=8401528822192287680,
Modu Cafe,ready,Cafés,1,$,category estimate,"Los Angeles, Los Angeles, CA, US",coffee_shop,Coffee,https://www.google.com/maps?cid=5962209584414011568,
Monroe Place,ready,Cafés,1,$,category estimate,"Culver City, Culver City, CA, US",sandwich_shop,Coffee,https://www.google.com/maps?cid=14828496262188741229,
Moulin,ready,Cafés,1,$,category estimate,"San Clemente, San Clemente, CA, US",french_restaurant,Coffee,https://www.google.com/maps?cid=5125378011681769025,
Neighborhood,ready,Cafés,1,$,category estimate,"Los Angeles, Los Angeles, CA, US",cafe,Coffee,https://www.google.com/maps?cid=9932105302036824571,
Noir Coffee Shop - Ile Saint-Louis,ready,Cafés,1,$,category estimate,"Paris, Paris, France, FR",cafe,Coffee,https://www.google.com/maps?cid=8329806628211677610,
Nue Ground Cafe,ready,Cafés,1,$,category estimate,"London, London, United Kingdom, GB",cafe,Coffee,https://www.google.com/maps?cid=5080529582041792435,
Omarcito’s Latin Cafe,ready,Cafés,1,$,category estimate,"Chicago, Chicago, IL, US",latin_american_restaurant,Casual,https://www.google.com/maps?cid=17938534204393363985,
Onescape Coffee,ready,Cafés,1,$,category estimate,"Los Angeles, Los Angeles, CA, US",coffee_shop,Coffee,https://www.google.com/maps?cid=13835920390839469732,
ONETHING COFFEE,ready,Cafés,1,$,category estimate,"Los Angeles, Los Angeles, CA, US",coffee_shop,Coffee,https://www.google.com/maps?cid=363835845372798768,
Original Coffee,ready,Cafés,1,$,category estimate,"Copenhagen, Copenhagen, Denmark, DK",coffee_shop,Coffee,https://www.google.com/maps?cid=18146221697151517542,
Ozone Coffee - Shoreditch,ready,Cafés,1,$,category estimate,"London, London, United Kingdom, GB",coffee_shop,Casual; Coffee,https://www.google.com/maps?cid=14283034858882690770,
Pachamama Coffee Davis,ready,Cafés,1,$,category estimate,"Davis, Davis, CA, US",coffee_shop,Coffee,https://www.google.com/maps?cid=10959702957504111758,
Pane e Latte,ready,Cafés,1,$,category estimate,"Stanley, Stanley, Hong Kong, HK",restaurant,Coffee,https://www.google.com/maps?cid=11016719626199996991,
Paper Son Coffee,ready,Cafés,1,$,category estimate,"San Francisco, San Francisco, CA, US",coffee_shop,Coffee,https://www.google.com/maps?cid=600254309412168206,
Phê NYC,ready,Cafés,1,$,category estimate,"New York, New York, NY, US",coffee_shop,Asian casual,https://www.google.com/maps?cid=8674331706738594169,
Pierre Hermé,ready,Cafés,1,$,category estimate,"Paris, Paris, France, FR",patisserie,Coffee,https://www.google.com/maps?cid=9313512450471692215,
Plantology Cafe,ready,Cafés,1,$,category estimate,"Oceanside, Oceanside, CA, US",coffee_shop,Coffee,https://www.google.com/maps?cid=8336481685698693811,
Pontochoux Café,ready,Cafés,1,$,category estimate,"Paris, Paris, France, FR",cafe,Coffee; Want to go,https://www.google.com/maps?cid=14210912253751401073,
Porto Rico Importing Co.,ready,Cafés,1,$,category estimate,"New York, New York, NY, US",coffee_roastery,Coffee,https://www.google.com/maps?cid=16643926835693712809,
raicha spice cafe restaurant,ready,Cafés,1,$,category estimate,"Kyoto, Kyoto, Japan, JP",nepalese_restaurant,Asian casual,https://www.google.com/maps?cid=10370792318643123168,
Ramos House Cafe,ready,Cafés,1,$,category estimate,"San Juan Capistrano, San Juan Capistrano, CA, US",american_restaurant,Casual,https://www.google.com/maps?cid=3896144035754226639,
Regency Cafe,ready,Cafés,1,$,category estimate,"London, London, United Kingdom, GB",cafe,Casual,https://www.google.com/maps?cid=11509084665895654194,
RHYTHM ZERO | WEST VILLAGE,ready,Cafés,1,$,category estimate,"New York, New York, NY, US",coffee_shop,Coffee,https://www.google.com/maps?cid=4996376445726847295,
roastwork,ready,Cafés,1,$,category estimate,"Sheung Wan, Sheung Wan, Hong Kong, HK",coffee_shop,Coffee,https://www.google.com/maps?cid=1350857194309616363,
ROR Coffee Roasters Roastery,ready,Cafés,1,$,category estimate,,,Coffee,https://www.google.com/maps?cid=14595861078133929593,
Rose Tree Cottage,ready,Cafés,1,$,category estimate,"Pasadena, Pasadena, CA, US",traditional_teahouse,Coffee,https://www.google.com/maps?cid=3020502462369122483,
Saero Coffee,ready,Cafés,1,$,category estimate,"Los Angeles, Los Angeles, CA, US",coffee_shop,Coffee,https://www.google.com/maps?cid=15118854927256485166,
Sanamluang Cafe Hollywood,ready,Cafés,1,$,category estimate,"Los Angeles, Los Angeles, CA, US",thai_restaurant,Asian casual,https://www.google.com/maps?cid=12737847681348000855,
Sapp Coffee Shop Thai Restaurant,ready,Cafés,1,$,category estimate,"Los Angeles, Los Angeles, CA, US",thai_restaurant,Asian casual,https://www.google.com/maps?cid=9270419456804938578,
SEY Coffee,ready,Cafés,1,$,category estimate,"Brooklyn, Brooklyn, NY, US",cafe,Coffee,https://www.google.com/maps?cid=8663384816810280621,
Shukery coffee & matcha,ready,Cafés,1,$,category estimate,"Paris, Paris, France, FR",coffee_shop,Coffee,https://www.google.com/maps?cid=7736650611024338986,
Sightglass Coffee,ready,Cafés,1,$,category estimate,"San Francisco, San Francisco, CA, US",coffee_shop,Coffee,https://www.google.com/maps?cid=13926460886861596347,
SIGNAL Coffee Roasters,ready,Cafés,1,$,category estimate,"San Francisco, San Francisco, CA, US",coffee_shop,Coffee,https://www.google.com/maps?cid=5108017762019243994,
SOHN,ready,Cafés,1,$,category estimate,"San Francisco, San Francisco, CA, US",cafe,Coffee,https://www.google.com/maps?cid=12032656067725194548,
Stohrer,ready,Cafés,1,$,category estimate,"Paris, Paris, France, FR",patisserie,Coffee,https://www.google.com/maps?cid=10364766292052201131,
TAKAGI COFFEE WEST THIRD,ready,Cafés,1,$,category estimate,"Los Angeles, Los Angeles, CA, US",cafe,Coffee,https://www.google.com/maps?cid=10154068101835620558,
Tapisserie - Charonne,ready,Cafés,1,$,category estimate,"Paris, Paris, France, FR",patisserie,Coffee,https://www.google.com/maps?cid=17628361762571272910,
Temple Coffee,ready,Cafés,1,$,category estimate,"Davis, Davis, CA, US",coffee_shop,Coffee,https://www.google.com/maps?cid=1489558039686828391,
Terres de Café,ready,Cafés,1,$,category estimate,"Paris, Paris, France, FR",cafe,Coffee,https://www.google.com/maps?cid=6836850235635905882,
Thank You Coffee,ready,Cafés,1,$,category estimate,"Los Angeles, Los Angeles, CA, US",coffee_shop,Coffee,https://www.google.com/maps?cid=17628177593723120287,
The Posh Bagel,ready,Cafés,1,$,category estimate,"Davis, Davis, CA, US",bagel_shop,Coffee,https://www.google.com/maps?cid=13400648144534517731,
Tilt Coffee,ready,Cafés,1,$,category estimate,"Los Angeles, Los Angeles, CA, US",coffee_shop,Casual,https://www.google.com/maps?cid=10782248300930834015,
Uncle Ben Coffee,ready,Cafés,1,$,category estimate,"North Point, North Point, Hong Kong, HK",coffee_shop,Coffee,https://www.google.com/maps?cid=14610976780719545600,
Uncle John's Cafe,ready,Cafés,1,$,category estimate,"Los Angeles, Los Angeles, CA, US",restaurant,Casual,https://www.google.com/maps?cid=2851594557564912734,
Valentinas Sydney,ready,Cafés,1,$,category estimate,"Marrickville, Marrickville NSW, Australia, AU",diner,Coffee,https://www.google.com/maps?cid=9199760927643670561,
Variety Coffee Roasters,ready,Cafés,1,$,category estimate,"New York, New York, NY, US",coffee_shop,Coffee,https://www.google.com/maps?cid=4021870718225789442,
"Volt Coffee, Tea & Taps",ready,Cafés,1,$,category estimate,"Davis, Davis, CA, US",cafe,Coffee,https://www.google.com/maps?cid=687446566103150080,
Voyage Lounge London,ready,Cafés,1,$,category estimate,"London, London, United Kingdom, GB",cafe,Coffee,https://www.google.com/maps?cid=1766229938590794447,
WA Cafe (Covent Garden),ready,Cafés,1,$,category estimate,"London, London, United Kingdom, GB",cafe,Coffee,https://www.google.com/maps?cid=16778786983244552074,
Xing Fu Tang St Marks,ready,Cafés,1,$,category estimate,"New York, New York, NY, US",bubble_tea_store,Coffee,https://www.google.com/maps?cid=10802212985819188999,
Zuni Café,ready,Cafés,1,$,category estimate,"San Francisco, San Francisco, CA, US",californian_restaurant,Western nicer,https://www.google.com/maps?cid=11491213088621274249,
窮撚啡 klf coffee,ready,Cafés,1,$,category estimate,"Wan Chai, Wan Chai, Hong Kong, HK",cafe,Coffee,https://www.google.com/maps?cid=14794796230101215584,
‘t Pareltje,ready,Casual,2,$$,category estimate,"Amsterdam, Amsterdam, Netherlands, NL",fast_food_restaurant,Casual,https://www.google.com/maps?cid=2894763081595975843,
A Tí,ready,Casual,2,$$,category estimate,"Los Angeles, Los Angeles, CA, US",mexican_restaurant,Casual,https://www.google.com/maps?cid=4609763281803536288,
Al & Bea's Mexican Food,ready,Casual,2,$$,category estimate,"Los Angeles, Los Angeles, CA, US",mexican_restaurant,Casual,https://www.google.com/maps?cid=8132234869920217352,
Al's #1 Italian Beef,ready,Casual,2,$$,category estimate,"Chicago, Chicago, IL, US",sandwich_shop,Casual,https://www.google.com/maps?cid=9085609257468307572,
All' Antico Vinaio,ready,Casual,2,$$,category estimate,"Los Angeles, Los Angeles, CA, US",italian_restaurant,Casual,https://www.google.com/maps?cid=4055664008380652853,
All'Antico Vinaio,ready,Casual,2,$$,category estimate,"Paris, Paris, France, FR",sandwich_shop,Casual,https://www.google.com/maps?cid=14395789698848849453,
Alma Fonda Fina,ready,Casual,2,$$,category estimate,"Denver, Denver, CO, US",restaurant,Casual,https://www.google.com/maps?cid=12382712391247315814,
Amagat,ready,Casual,2,$$,category estimate,"Paris, Paris, France, FR",restaurant,Casual,https://www.google.com/maps?cid=7537745217197584923,
Anthony & Son Panini Shoppe,ready,Casual,2,$$,category estimate,"Brooklyn, Brooklyn, NY, US",sandwich_shop,Casual,https://www.google.com/maps?cid=168142974747168300,
Aram Vada Pav,ready,Casual,2,$$,category estimate,"Mumbai, Mumbai, Maharashtra, India, IN",marathi_restaurant,Casual,https://www.google.com/maps?cid=13996680402945969266,
Atlantic Fish Company,ready,Casual,2,$$,category estimate,"Boston, Boston, MA, US",seafood_restaurant,Casual,https://www.google.com/maps?cid=7117694564751100155,
Au Pied de Cochon,ready,Casual,2,$$,category estimate,"Paris, Paris, France, FR",french_restaurant,Casual,https://www.google.com/maps?cid=4241596888782436485,
Au Vieux Comptoir,ready,Casual,2,$$,category estimate,"Paris, Paris, France, FR",french_restaurant,Casual,https://www.google.com/maps?cid=9378311231872293453,
Babette,ready,Casual,2,$$,category estimate,"Central, Central, Hong Kong, HK",modern_french_restaurant,Casual,https://www.google.com/maps?cid=9727594562947710461,
Bacon & Butter,ready,Casual,2,$$,category estimate,"Sacramento, Sacramento, CA, US",brunch_restaurant,Casual,https://www.google.com/maps?cid=16334098121250348844,
Baldarotta's Porketta & Sicilian Sausage,ready,Casual,2,$$,category estimate,"Urbana, Urbana, IL, US",sandwich_shop,Casual,https://www.google.com/maps?cid=6417529808691432717,
Bar Kroketa St Christopher's Place,ready,Casual,2,$$,category estimate,"London, London, United Kingdom, GB",restaurant,Casual,https://www.google.com/maps?cid=1442394104030066496,
Barbacoa Estilo Hidalgo,ready,Casual,2,$$,category estimate,,,Casual,https://www.google.com/maps?cid=10320683901083143810,
Bavette,ready,Casual,2,$$,category estimate,"Leeds, Leeds, United Kingdom, GB",restaurant,Casual,https://www.google.com/maps?cid=5876380912679386178,
bbad,ready,Casual,2,$$,category estimate,"Pasadena, Pasadena, CA, US",restaurant,Casual,https://www.google.com/maps?cid=8106499832131662678,
Birrieria El Jalisciense,ready,Casual,2,$$,category estimate,,,Casual,https://www.google.com/maps?cid=12298472991658845627,
Birrieria Nochistlan,ready,Casual,2,$$,category estimate,"Los Angeles, Los Angeles, CA, US",mexican_restaurant,Casual,https://www.google.com/maps?cid=6762721794363662844,
Bistro des lettres,ready,Casual,2,$$,category estimate,"Paris, Paris, France, FR",french_restaurant,Casual,https://www.google.com/maps?cid=3092281417041011857,
bistro rojiura,ready,Casual,2,$$,category estimate,"Shibuya, Shibuya, Tokyo, Japan, JP",bistro,Casual,https://www.google.com/maps?cid=11516057775302641215,
Bistrot Des Tournelles,ready,Casual,2,$$,category estimate,"Paris, Paris, France, FR",french_restaurant,Casual,https://www.google.com/maps?cid=4001123751309885181,
Bistrot Paul Bert,ready,Casual,2,$$,category estimate,"Paris, Paris, France, FR",bistro,Casual,https://www.google.com/maps?cid=3798487619309226995,
Blossom Market Hall,ready,Casual,1,$,Google Places,"San Gabriel, San Gabriel, CA, US",food_court,Asian casual,https://www.google.com/maps?cid=15661722251797729255,
Bocca Nissa,ready,Casual,2,$$,category estimate,"Nice, Nice, France, FR",mediterranean_restaurant,Casual,https://www.google.com/maps?cid=14976800976893887149,
Bolivian Llama Party,ready,Casual,2,$$,category estimate,"Woodside, Woodside, NY, US",south_american_restaurant,Casual,https://www.google.com/maps?cid=10657754808940545485,
Bottega Caruso,ready,Casual,2,$$,category estimate,"Margate, Margate, United Kingdom, GB",italian_restaurant,Casual,https://www.google.com/maps?cid=11515035836222566101,
Boubale,ready,Casual,2,$$,category estimate,"Paris, Paris, France, FR",mediterranean_restaurant,Casual,https://www.google.com/maps?cid=17646922851684278211,
Bouillon Chartier Montparnasse,ready,Casual,2,$$,category estimate,"Paris, Paris, France, FR",french_restaurant,Casual,https://www.google.com/maps?cid=11079798069525092004,
Bouillon Julien,ready,Casual,2,$$,category estimate,"Paris, Paris, France, FR",brasserie,Casual,https://www.google.com/maps?cid=12536142144679360080,
Bouillon République,ready,Casual,2,$$,category estimate,"Paris, Paris, France, FR",french_restaurant,Casual,https://www.google.com/maps?cid=16487012426854492634,
Brasserie Bellanger,ready,Casual,2,$$,category estimate,"Paris, Paris, France, FR",brasserie,Casual,https://www.google.com/maps?cid=17565046753716283874,
Breakfast by Salt's Cure,ready,Casual,2,$$,category estimate,"New York, New York, NY, US",pancake_restaurant,Casual,https://www.google.com/maps?cid=11440701846826199800,
Britannia & Company,ready,Casual,2,$$,category estimate,"Mumbai, Mumbai, Maharashtra, India, IN",parsi_restaurant,Casual,https://www.google.com/maps?cid=14658569313884345562,
Broad Street Oyster Company,ready,Casual,2,$$,category estimate,"Malibu, Malibu, CA, US",seafood_restaurant,Casual,https://www.google.com/maps?cid=3487341983039435788,
Broad Street Oyster Company,ready,Casual,2,$$,category estimate,"Los Angeles, Los Angeles, CA, US",seafood_restaurant,Casual,https://www.google.com/maps?cid=9832588325206581485,
Brunos korvbar,ready,Casual,2,$$,category estimate,"Stockholm, Stockholm, Sweden, SE",hot_dog_restaurant,Casual,https://www.google.com/maps?cid=9969781641861200544,
Brunos korvbar - Östermalm,ready,Casual,2,$$,category estimate,"Stockholm, Stockholm, Sweden, SE",hot_dog_restaurant,Casual,https://www.google.com/maps?cid=8242334705427719797,
Bundoo Khan,ready,Casual,2,$$,category estimate,"Fullerton, Fullerton, CA, US",halal_restaurant,Casual,https://www.google.com/maps?cid=15345111378915277938,
Burritos La Palma,ready,Casual,2,$$,category estimate,"Los Angeles, Los Angeles, CA, US",mexican_restaurant,Casual; Want to go,https://www.google.com/maps?cid=12712291294528227786,
Burritos La Palma,ready,Casual,2,$$,category estimate,"El Monte, El Monte, CA, US",mexican_restaurant,Casual,https://www.google.com/maps?cid=16274406535848307280,
Calumet Fisheries,ready,Casual,2,$$,category estimate,"Chicago, Chicago, IL, US",seafood_restaurant,Casual,https://www.google.com/maps?cid=2640060062273583523,
Cambio De Tercio,ready,Casual,2,$$,category estimate,"London, London, United Kingdom, GB",spanish_restaurant,Casual,https://www.google.com/maps?cid=9575181459948416139,
Carnitas el Momo,ready,Casual,2,$$,category estimate,"Monterey Park, Monterey Park, CA, US",mexican_restaurant,Casual,https://www.google.com/maps?cid=16844948542565905298,
Carnitas Uruapan Restaurant,ready,Casual,2,$$,category estimate,"Chicago, Chicago, IL, US",mexican_restaurant,Casual,https://www.google.com/maps?cid=9309913710638550012,
Carnitas Y Chicharrones El Gallo,ready,Casual,2,$$,category estimate,"Los Angeles, Los Angeles, CA, US",mexican_restaurant,Casual,https://www.google.com/maps?cid=1172864397240468729,
Casa Julián,ready,Casual,2,$$,category estimate,"Tolosa, Tolosa, Spain, ES",grill,Casual,https://www.google.com/maps?cid=6496523432129379311,
Casa Valles,ready,Casual,2,$$,category estimate,"Donostia / San Sebastián, Donostia / San Sebastián, Spain, ES",tapas_restaurant,Casual,https://www.google.com/maps?cid=4778178074427978344,
Castacán,ready,Casual,2,$$,category estimate,"Cuauhtémoc, Mexico City, Mexico City, Mexico, MX",restaurant,Casual,https://www.google.com/maps?cid=17254384320068119549,
Cesarina,ready,Casual,2,$$,category estimate,"San Diego, San Diego, CA, US",restaurant,Casual,https://www.google.com/maps?cid=9254955461539448953,
Chak De California,ready,Casual,2,$$,category estimate,"Pasadena, Pasadena, CA, US",modern_indian_restaurant,Casual; Want to go,https://www.google.com/maps?cid=4481741391566496806,
Chez Alain Miam Miam,ready,Casual,2,$$,category estimate,"Paris, Paris, France, FR",sandwich_shop,Casual,https://www.google.com/maps?cid=6353032480867251527,
Chez Aline,ready,Casual,2,$$,category estimate,"Paris, Paris, France, FR",sandwich_shop,Casual,https://www.google.com/maps?cid=9415514551453894210,
Chez Fernand Christine,ready,Casual,2,$$,category estimate,"Paris, Paris, France, FR",french_restaurant,Casual,https://www.google.com/maps?cid=7158359931867290777,
Chez Janou,ready,Casual,2,$$,category estimate,"Paris, Paris, France, FR",bistro,Casual,https://www.google.com/maps?cid=2909814959004247245,
Chez Thérésa,ready,Casual,2,$$,category estimate,"Nice, Nice, France, FR",restaurant,Casual,https://www.google.com/maps?cid=3975113418621483106,
Chicky Grill Bar,ready,Casual,2,$$,category estimate,"Copenhagen, Copenhagen, Denmark, DK",danish_restaurant,Casual,https://www.google.com/maps?cid=9655566465127849118,
Chilam Balam,ready,Casual,2,$$,category estimate,"Chicago, Chicago, IL, US",mexican_restaurant,Casual,https://www.google.com/maps?cid=16404407900200254660,
Cielito Lindo,ready,Casual,2,$$,category estimate,"San Francisco, San Francisco, CA, US",mexican_restaurant,Casual,https://www.google.com/maps?cid=15058886026586407602,
Cipollino Genève,ready,Casual,2,$$,category estimate,"Geneva, Geneva, Switzerland, CH",italian_restaurant,Casual,https://www.google.com/maps?cid=11705781864123378972,
Colapasta Restaurant,ready,Casual,2,$$,category estimate,"Santa Monica, Santa Monica, CA, US",italian_restaurant,Casual,https://www.google.com/maps?cid=8702708514452079079,
Coni’Seafood,ready,Casual,2,$$,category estimate,"Inglewood, Inglewood, CA, US",seafood_restaurant,Casual,https://www.google.com/maps?cid=3574973266219361572,
Coombeshead Farm,ready,Casual,2,$$,category estimate,"Launceston, Launceston, United Kingdom, GB",farm,Default list,https://www.google.com/maps?cid=1936571787164323846,
Crêperie du Bourg-de-Four,ready,Casual,2,$$,category estimate,"Geneva, Geneva, Switzerland, CH",creperie,Casual,https://www.google.com/maps?cid=13667798353799056963,
Crossroads Kitchen,ready,Casual,2,$$,category estimate,"Los Angeles, Los Angeles, CA, US",vegan_restaurant,Casual,https://www.google.com/maps?cid=17071589569411199296,
Crunch - sandwich[up]rising,ready,Casual,2,$$,category estimate,"London, London, United Kingdom, GB",sandwich_shop,Casual,https://www.google.com/maps?cid=8244632950538864189,
Da Bald Guy,ready,Casual,2,$$,category estimate,"Kahuku, Kahuku, HI, US",takeout_restaurant,Casual,https://www.google.com/maps?cid=15394445933840883137,
Dal Fiorentino Brick Lane,ready,Casual,2,$$,category estimate,"London, London, United Kingdom, GB",sandwich_shop,Casual,https://www.google.com/maps?cid=7141260948137055986,
Davie's Amsterdam,ready,Casual,2,$$,category estimate,"Amsterdam, Amsterdam, Netherlands, NL",restaurant,Casual,https://www.google.com/maps?cid=4887236242202807166,
Defonte's Sandwich Shop,ready,Casual,2,$$,category estimate,"Brooklyn, Brooklyn, NY, US",sandwich_shop,Casual; Want to go,https://www.google.com/maps?cid=15346702029336122365,
Delfina Restaurant,ready,Casual,2,$$,category estimate,"San Francisco, San Francisco, CA, US",italian_restaurant,Casual,https://www.google.com/maps?cid=12373724143351226560,
Don Angie,ready,Casual,2,$$,category estimate,"New York, New York, NY, US",italian_restaurant,Casual,https://www.google.com/maps?cid=13247068925734841183,
Donna's,ready,Casual,2,$$,category estimate,"Los Angeles, Los Angeles, CA, US",restaurant,Casual,https://www.google.com/maps?cid=14705031909009413138,
Eataly,ready,Casual,3,$$$,Google Places,"Los Angeles, Los Angeles, CA, US",italian_restaurant,Casual,https://www.google.com/maps?cid=2408307719403171873,
El Cocinero Restaurant,ready,Casual,2,$$,category estimate,"Van Nuys, Van Nuys, CA, US",vegan_restaurant,Casual,https://www.google.com/maps?cid=7875940533786718821,
El Puestu,ready,Casual,2,$$,category estimate,"Barcelona, Barcelona, Spain, ES",restaurant,Casual,https://www.google.com/maps?cid=3816356280604455660,
Elio's,ready,Casual,2,$$,category estimate,"New York, New York, NY, US",italian_restaurant,Casual,https://www.google.com/maps?cid=17750828254067097450,
Emilio's Ballato,ready,Casual,2,$$,category estimate,"New York, New York, NY, US",italian_restaurant,Casual,https://www.google.com/maps?cid=17930063549203583100,
Fabel Friet Runstraat,ready,Casual,2,$$,category estimate,"Amsterdam, Amsterdam, Netherlands, NL",frituur,Casual,https://www.google.com/maps?cid=5796399719670204058,
Fatso's Last Stand,ready,Casual,2,$$,category estimate,"Chicago, Chicago, IL, US",hot_dog_stand,Casual,https://www.google.com/maps?cid=13259303120196303107,
Faubourg Daimant,ready,Casual,2,$$,category estimate,"Paris, Paris, France, FR",vegan_restaurant,Casual,https://www.google.com/maps?cid=2801211592691105032,
Fich At Petersham,ready,Casual,2,$$,category estimate,"Petersham, Petersham NSW, Australia, AU",seafood_restaurant,Casual,https://www.google.com/maps?cid=3709453780606262858,
Fish Plaice,ready,Casual,2,$$,category estimate,"London, London, United Kingdom, GB",fish_and_chips_restaurant,Casual,https://www.google.com/maps?cid=9954141519769418682,
Flub A Dub Chub's,ready,Casual,2,$$,category estimate,"Chicago, Chicago, IL, US",hot_dog_stand,Casual,https://www.google.com/maps?cid=14425932411040043670,
Frank n Frank’s A Sandwich Joint,ready,Casual,2,$$,category estimate,"Los Angeles, Los Angeles, CA, US",restaurant,Casual,https://www.google.com/maps?cid=14421231112039204063,
Fugaz,ready,Casual,2,$$,category estimate,"Cuauhtémoc, Mexico City, Mexico City, Mexico, MX",restaurant,Casual,https://www.google.com/maps?cid=9590771470286084867,
Fukujuen Uji (Uji Tea Factory),ready,Casual,2,$$,category estimate,"Uji, Uji, Kyoto, Japan, JP",tea_store,Default list,https://www.google.com/maps?cid=12704034376170402383,
Gallo Restaurant,ready,Casual,2,$$,category estimate,"Geneva, Geneva, Switzerland, CH",restaurant,Casual,https://www.google.com/maps?cid=1521712530545615462,
Gene & Jude's,ready,Casual,2,$$,category estimate,"River Grove, River Grove, IL, US",hot_dog_restaurant,Casual,https://www.google.com/maps?cid=18238053373332776469,
Gigs Fish and Chips,ready,Casual,2,$$,category estimate,"London, London, United Kingdom, GB",fish_and_chips_restaurant,Casual,https://www.google.com/maps?cid=8474112061911735346,
Golden Union,ready,Casual,2,$$,category estimate,"London, London, United Kingdom, GB",fish_and_chips_restaurant,Casual,https://www.google.com/maps?cid=6805607435340319190,
Gorele Sakir Usta Pide,ready,Casual,2,$$,category estimate,"Beyoğlu, Beyoğlu/İstanbul, Türkiye, TR",sfiha_restaurant,Casual,https://www.google.com/maps?cid=3350013116216198769,
Grand Central Market,ready,Casual,2,$$,Google Places,"Los Angeles, Los Angeles, CA, US",food_court,Default list,https://www.google.com/maps?cid=5232425194551170008,
gróa,ready,Casual,2,$$,category estimate,"Repulse Bay, Repulse Bay, Hong Kong, HK",restaurant,Default list,https://www.google.com/maps?cid=2900683107032692381,
Guelaguetza Restaurant,ready,Casual,2,$$,category estimate,"Los Angeles, Los Angeles, CA, US",mexican_restaurant,Casual,https://www.google.com/maps?cid=16574878423004586668,
Guy's Po-Boys,ready,Casual,2,$$,category estimate,"New Orleans, New Orleans, LA, US",restaurant,Casual,https://www.google.com/maps?cid=8466244708376437251,
Harry’s Place,ready,Casual,2,$$,category estimate,"Copenhagen, Copenhagen, Denmark, DK",hot_dog_stand,Casual,https://www.google.com/maps?cid=9696633025532599273,
Heng Heng Cooked Food,ready,Casual,2,$$,category estimate,"Singapore, SG",hawker_stall,Default list,https://www.google.com/maps?cid=3942961913985049434,
High Fry - Fish & Chips,ready,Casual,2,$$,category estimate,"Durham, Durham, United Kingdom, GB",fast_food_restaurant,Casual,https://www.google.com/maps?cid=14048454003506523740,
Hindu Temple Canteen,ready,Casual,2,$$,category estimate,"Flushing, Flushing, NY, US",south_indian_restaurant,Casual,https://www.google.com/maps?cid=13770071395835978905,
Holbox,ready,Casual,2,$$,category estimate,"Los Angeles, Los Angeles, CA, US",seafood_restaurant,Casual,https://www.google.com/maps?cid=3469853530423318204,
Homer Lobster,ready,Casual,2,$$,category estimate,"Paris, Paris, France, FR",sandwich_shop,Casual,https://www.google.com/maps?cid=17034819983478135905,
Hook Fish Co,ready,Casual,2,$$,category estimate,"San Francisco, San Francisco, CA, US",seafood_restaurant,Casual,https://www.google.com/maps?cid=9378627027085325305,
Hôtel-de-Ville,ready,Casual,2,$$,category estimate,"Geneva, Geneva, Switzerland, CH",brasserie,Casual,https://www.google.com/maps?cid=16880079028026176350,
Islam Food Since 1950,ready,Casual,2,$$,category estimate,"Kowloon City, Kowloon City, Hong Kong, HK",halal_restaurant,Casual,https://www.google.com/maps?cid=18192076109944512952,
Jackson Boxer At The Corner,ready,Casual,2,$$,category estimate,"London, London, United Kingdom, GB",restaurant,Casual,https://www.google.com/maps?cid=3629633612051364647,
Jarna Traditional Restaurant,ready,Casual,2,$$,category estimate,"Tiranë, Tiranë, Albania, AL",restaurant,Casual,https://www.google.com/maps?cid=1800808019283248155,
Jemma Hollywood,ready,Casual,2,$$,category estimate,"Los Angeles, Los Angeles, CA, US",italian_restaurant,Casual,https://www.google.com/maps?cid=3021908309493125183,
Jimmy's Red Hots,ready,Casual,2,$$,category estimate,"Chicago, Chicago, IL, US",hot_dog_stand,Casual,https://www.google.com/maps?cid=8077868754899695121,
Johnnie's Beef,ready,Casual,2,$$,category estimate,"Elmwood Park, Elmwood Park, IL, US",fast_food_restaurant,Casual; Want to go,https://www.google.com/maps?cid=14000821940932265502,
Jones,ready,Casual,2,$$,category estimate,"West Hollywood, West Hollywood, CA, US",italian_restaurant,Casual,https://www.google.com/maps?cid=10057629126821585059,
Juveniles,ready,Casual,2,$$,category estimate,"Paris, Paris, France, FR",french_restaurant,Casual,https://www.google.com/maps?cid=2572703823328619153,
JY House London 久遇茶室,ready,Casual,2,$$,category estimate,"London, London, United Kingdom, GB",tea_and_coffee_shop,Default list,https://www.google.com/maps?cid=1013042549131554117,
Kawamata Seafood,ready,Casual,2,$$,category estimate,"Dana Point, Dana Point, CA, US",seafood_restaurant,Casual,https://www.google.com/maps?cid=9924820006075224611,
Ken’s Fish Bar,ready,Casual,2,$$,category estimate,"London, London, United Kingdom, GB",fish_and_chips_restaurant,Casual,https://www.google.com/maps?cid=15157119714195528187,
Khinkali House,ready,Casual,2,$$,category estimate,"Glendale, Glendale, CA, US",georgian_restaurant,Casual,https://www.google.com/maps?cid=9105219678194109539,
KOMAL,ready,Casual,2,$$,category estimate,"Los Angeles, Los Angeles, CA, US",mexican_restaurant,Casual; Default list,https://www.google.com/maps?cid=1029790968821230888,
Kung Wo Beancurd Factory,ready,Casual,2,$$,category estimate,"Sham Shui Po, Sham Shui Po, Hong Kong, HK",tofu_shop,Default list,https://www.google.com/maps?cid=17593128379089612879,
L’Auberge Aveyronnaise,ready,Casual,2,$$,category estimate,"Paris, Paris, France, FR",french_restaurant,Casual,https://www.google.com/maps?cid=17623375295315507893,
L’échappée belle hôtel restaurant,ready,Casual,2,$$,category estimate,"L'Isle-Jourdain, L'Isle-Jourdain, France, FR",french_restaurant,Casual,https://www.google.com/maps?cid=160394355479185189,
La Cepa de Bernardo,ready,Casual,2,$$,category estimate,"Donostia / San Sebastián, Donostia / San Sebastián, Spain, ES",bar_and_grill,Casual,https://www.google.com/maps?cid=1444666435640295660,
La Crème de Paris,ready,Casual,2,$$,category estimate,"Paris, Paris, France, FR",french_restaurant,Casual,https://www.google.com/maps?cid=14582227009144808498,
La Merenda,ready,Casual,2,$$,category estimate,"Nice, Nice, France, FR",french_restaurant,Casual,https://www.google.com/maps?cid=6396226014574904605,
La Volta,ready,Casual,2,$$,category estimate,"Causeway Bay, Causeway Bay, Hong Kong, HK",italian_restaurant,Casual,https://www.google.com/maps?cid=17633033441203446355,
Lady of The Grapes Covent Garden,ready,Casual,2,$$,category estimate,"London, London, United Kingdom, GB",french_restaurant,Casual,https://www.google.com/maps?cid=7256980975592070575,
Lahpet Shoreditch,ready,Casual,2,$$,category estimate,"London, London, United Kingdom, GB",burmese_restaurant,Casual,https://www.google.com/maps?cid=11419031043785862898,
Lau Haa Hot Pot Restaurant,ready,Casual,2,$$,category estimate,"Causeway Bay, Causeway Bay, Hong Kong, HK",hot_pot_restaurant,Default list,https://www.google.com/maps?cid=16999160884944427815,
Le Bistrot des Serruriers,ready,Casual,2,$$,category estimate,"Nice, Nice, France, FR",restaurant,Casual,https://www.google.com/maps?cid=14111430418638840539,
Le Hut Dinette,ready,Casual,2,$$,category estimate,"Santa Ana, Santa Ana, CA, US",restaurant,Casual,https://www.google.com/maps?cid=11449467124250259561,
Le Lodge Restaurant,ready,Casual,2,$$,category estimate,"Samoëns, Samoëns, France, FR",restaurant,Casual,https://www.google.com/maps?cid=10598619706005277437,
Le Petit Châtelet,ready,Casual,2,$$,category estimate,"Paris, Paris, France, FR",french_restaurant,Casual,https://www.google.com/maps?cid=8031788311437657181,
Le Petit Pontoise,ready,Casual,2,$$,category estimate,"Paris, Paris, France, FR",french_restaurant,Casual,https://www.google.com/maps?cid=1066918772778280520,
Le Thermomètre,ready,Casual,2,$$,category estimate,"Geneva, Geneva, Switzerland, CH",french_restaurant,Casual,https://www.google.com/maps?cid=10385769268162331744,
Le Verre Volé,ready,Casual,2,$$,category estimate,"Paris, Paris, France, FR",french_restaurant,Casual,https://www.google.com/maps?cid=11537081553782396809,
Lechonera La Piraña,ready,Casual,2,$$,category estimate,"Bronx, Bronx, NY, US",puerto_rican_restaurant,Casual,https://www.google.com/maps?cid=1243722005096459320,
Lee's Fish & Chips Shop,ready,Casual,2,$$,category estimate,"London, London, United Kingdom, GB",fish_and_chips_takeaway,Casual,https://www.google.com/maps?cid=13447835039451771277,
Legacy Boucherie,ready,Casual,2,$$,category estimate,"Glendale, Glendale, CA, US",butcher_shop,Default list,https://www.google.com/maps?cid=7716223014646518553,
Les Arlots,ready,Casual,2,$$,category estimate,"Paris, Paris, France, FR",bistro,Casual,https://www.google.com/maps?cid=12980719309324349440,
Lioni Italian Heroes,ready,Casual,2,$$,category estimate,"Brooklyn, Brooklyn, NY, US",sandwich_shop,Casual,https://www.google.com/maps?cid=16500636413424739590,
Loreto,ready,Casual,2,$$,category estimate,"Los Angeles, Los Angeles, CA, US",mexican_restaurant,Casual,https://www.google.com/maps?cid=18090061668752152495,
Los Sabrosos al Horno,ready,Casual,2,$$,category estimate,,,Casual,https://www.google.com/maps?cid=15218573212296704012,
Lupe's Burritos,ready,Casual,2,$$,category estimate,"Los Angeles, Los Angeles, CA, US",mexican_restaurant,Casual,https://www.google.com/maps?cid=4192537666963850834,
Macheen,ready,Casual,2,$$,category estimate,"Los Angeles, Los Angeles, CA, US",mexican_restaurant,Casual,https://www.google.com/maps?cid=14867751274092591405,
Madmanden,ready,Casual,2,$$,category estimate,"Copenhagen, Copenhagen, Denmark, DK",restaurant,Casual,https://www.google.com/maps?cid=9869342733550099375,
Maison de la Truffe,ready,Casual,2,$$,category estimate,"Paris, Paris, France, FR",haute_french_restaurant,Default list,https://www.google.com/maps?cid=7274266561301150440,
Maize at the Station,ready,Casual,2,$$,category estimate,"Champaign, Champaign, IL, US",mexican_restaurant,Casual,https://www.google.com/maps?cid=11224597438076703902,
Malibu Seafood,ready,Casual,2,$$,category estimate,"Malibu, Malibu, CA, US",seafood_restaurant,Casual,https://www.google.com/maps?cid=16267492185728653033,
Mamie,ready,Casual,2,$$,category estimate,"West Hollywood, West Hollywood, CA, US",italian_restaurant,Casual,https://www.google.com/maps?cid=14112421539553945970,
Mariage Freres,ready,Casual,2,$$,category estimate,"London, London, United Kingdom, GB",tea_house,Default list,https://www.google.com/maps?cid=15386967075157694880,
Mariscos 4 Vientos,ready,Casual,2,$$,category estimate,"Los Angeles, Los Angeles, CA, US",seafood_restaurant,Default list,https://www.google.com/maps?cid=2743708056827973612,
Mariscos Jalisco,ready,Casual,2,$$,category estimate,"Los Angeles, Los Angeles, CA, US",mexican_restaurant,Casual,https://www.google.com/maps?cid=13698782773011424457,
Mariscos Los Corchos,ready,Casual,2,$$,category estimate,,,Casual,https://www.google.com/maps?cid=3190616978240322059,
Max & Helen's,ready,Casual,2,$$,category estimate,"Los Angeles, Los Angeles, CA, US",american_restaurant,Casual,https://www.google.com/maps?cid=7333578908953962740,
Meat & Essentials,ready,Casual,2,$$,category estimate,"San Marino, San Marino, CA, US",butcher_shop,Default list,https://www.google.com/maps?cid=7460348868842605845,
Melt Oberkampf,ready,Casual,2,$$,category estimate,"Paris, Paris, France, FR",meat_dish_restaurant,Casual,https://www.google.com/maps?cid=339006173457009804,
Mendocino Farms,ready,Casual,2,$$,category estimate,"Pasadena, Pasadena, CA, US",sandwich_shop,Casual,https://www.google.com/maps?cid=5223773208621092298,
Mercado Jamón Ibérico,ready,Casual,2,$$,category estimate,"Madrid, Madrid, Spain, ES",cured_ham_bar,Default list,https://www.google.com/maps?cid=14621167922429489363,
Mestizo Mexican Restaurant & Tequila Bar,ready,Casual,2,$$,category estimate,"London, London, United Kingdom, GB",mexican_restaurant,Casual,https://www.google.com/maps?cid=3414687001357602298,
Midi12 La Fayette,ready,Casual,2,$$,category estimate,"Paris, Paris, France, FR",creperie,Casual,https://www.google.com/maps?cid=13921837438720967128,
Mido’s,ready,Casual,2,$$,category estimate,"New York, New York, NY, US",halal_restaurant,Casual,https://www.google.com/maps?cid=15981359477183687513,
Mido’s,ready,Casual,2,$$,category estimate,"New York, New York, NY, US",fast_food_restaurant,Casual,https://www.google.com/maps?cid=10239804734187635400,
Mini Kabob,ready,Casual,2,$$,category estimate,"Glendale, Glendale, CA, US",armenian_restaurant,Casual,https://www.google.com/maps?cid=9302795358204593394,
Mo's Burritos Restaurant,ready,Casual,2,$$,category estimate,"Champaign, Champaign, IL, US",mexican_restaurant,Casual,https://www.google.com/maps?cid=5195153707458977578,
Moriya Shoten Motomachi Honten,ready,Casual,2,$$,category estimate,"Kobe, Kobe, Hyogo, Japan, JP",butcher_shop_deli,Default list,https://www.google.com/maps?cid=6262813821475030528,
Mr. Beef,ready,Casual,2,$$,category estimate,"Chicago, Chicago, IL, US",sandwich_shop,Casual,https://www.google.com/maps?cid=5266869347571401666,
Napolis Italian Restaurant,ready,Casual,2,$$,category estimate,"Champaign, Champaign, IL, US",restaurant,Casual,https://www.google.com/maps?cid=2318642288109150857,
Newkirk's,ready,Casual,2,$$,category estimate,"San Francisco, San Francisco, CA, US",restaurant,Casual,https://www.google.com/maps?cid=17889107321795861085,
North Sea Fish Restaurant,ready,Casual,2,$$,category estimate,"London, London, United Kingdom, GB",fish_and_chips_restaurant,Casual,https://www.google.com/maps?cid=5396039246893793354,
Nystekt Strömming,ready,Casual,2,$$,category estimate,"Stockholm, Stockholm, Sweden, SE",fast_food_restaurant,Casual,https://www.google.com/maps?cid=9048706371593831003,
Ohana Superette,ready,Casual,2,$$,category estimate,"Los Angeles, Los Angeles, CA, US",hawaiian_restaurant,Casual,https://www.google.com/maps?cid=15436386171989439517,
Open Market,ready,Casual,2,$$,category estimate,"Los Angeles, Los Angeles, CA, US",sandwich_shop,Casual,https://www.google.com/maps?cid=6239644713376498961,
Operabaren,ready,Casual,2,$$,category estimate,"Stockholm, Stockholm, Sweden, SE",restaurant,Casual,https://www.google.com/maps?cid=10558880156317701475,
Ox 9 Lanzhou Handpulled Noodles,ready,Casual,2,$$,category estimate,"San Mateo, San Mateo, CA, US",chinese_noodle_restaurant,Want to go,https://www.google.com/maps?cid=16103521298289975847,
Padella Borough Market,ready,Casual,2,$$,category estimate,"London, London, United Kingdom, GB",italian_restaurant,Casual,https://www.google.com/maps?cid=12644428216325895588,
Pakeeza Food Restaurant,ready,Casual,2,$$,category estimate,"Tsim Sha Tsui, Tsim Sha Tsui, Hong Kong, HK",halal_restaurant,Casual,https://www.google.com/maps?cid=14730361320401412708,
Palmer's Sugar House,ready,Casual,2,$$,category estimate,"Shelburne, Shelburne, VT, US",sugar_shack,Casual,https://www.google.com/maps?cid=13437640576709762875,
Pann's Restaurant,ready,Casual,2,$$,category estimate,"Los Angeles, Los Angeles, CA, US",diner,Casual,https://www.google.com/maps?cid=7931513411817058372,
Parrillan Borough Yards,ready,Casual,2,$$,category estimate,"London, London, United Kingdom, GB",spanish_restaurant,Casual,https://www.google.com/maps?cid=15756875822082072192,
Parrillan Coal Drops Yard,ready,Casual,2,$$,category estimate,"London, London, United Kingdom, GB",spanish_restaurant,Casual,https://www.google.com/maps?cid=3210540346693506647,
Peixes,ready,Casual,2,$$,category estimate,"Nice, Nice, France, FR",restaurant,Casual,https://www.google.com/maps?cid=10671411443294762888,
Philippe The Original,ready,Casual,2,$$,category estimate,"Los Angeles, Los Angeles, CA, US",sandwich_shop,Casual,https://www.google.com/maps?cid=722222560848336805,
Pijja Palace,ready,Casual,2,$$,category estimate,"Los Angeles, Los Angeles, CA, US",restaurant,Casual,https://www.google.com/maps?cid=4342925815491505337,
Pisillo Italian Panini fidi,ready,Casual,2,$$,category estimate,"New York, New York, NY, US",italian_restaurant,Casual,https://www.google.com/maps?cid=14127375662685888442,
Pistola,ready,Casual,2,$$,category estimate,"Madrid, Madrid, Spain, ES",sandwich_shop,Casual,https://www.google.com/maps?cid=11203285723843577652,
Poke Go,ready,Casual,2,$$,category estimate,"Sham Shui Po, Sham Shui Po, Hong Kong, HK",new_american_restaurant,Casual,https://www.google.com/maps?cid=17136702090785446931,
Postcard Teas,ready,Casual,2,$$,category estimate,"London, London, United Kingdom, GB",tea_store,Default list,https://www.google.com/maps?cid=8547901780065877955,
Prakash Shakahari Upahar Kendra,ready,Casual,2,$$,category estimate,"Mumbai, Mumbai, Maharashtra, India, IN",marathi_restaurant,Casual,https://www.google.com/maps?cid=5662171394925712472,
Prova O Melhor Tapas,ready,Casual,2,$$,category estimate,"Lisbon, Lisbon, Portugal, PT",portuguese_restaurant,Casual,https://www.google.com/maps?cid=10286252846005971088,
Prubechu,ready,Casual,2,$$,category estimate,"San Francisco, San Francisco, CA, US",pacific_rim_restaurant,Casual,https://www.google.com/maps?cid=16684141539697013474,
PUGON by Amare,ready,Casual,2,$$,category estimate,"Baguio, Baguio, Benguet, Philippines, PH",italian_restaurant,Casual,https://www.google.com/maps?cid=8131035245877312830,
Raheem's Kulcha-Nahari,ready,Casual,2,$$,category estimate,"Lucknow, Lucknow, Uttar Pradesh, India, IN",mughlai_restaurant,Casual,https://www.google.com/maps?cid=16192122053157619494,
Randall & Aubin,ready,Casual,2,$$,category estimate,"London, London, United Kingdom, GB",seafood_restaurant,Casual,https://www.google.com/maps?cid=4572036273148513978,
Recoin,ready,Casual,2,$$,category estimate,"Paris, Paris, France, FR",restaurant,Casual,https://www.google.com/maps?cid=13567131065164662785,
Red Hook Tavern,ready,Casual,2,$$,category estimate,"Brooklyn, Brooklyn, NY, US",american_restaurant,Casual,https://www.google.com/maps?cid=16115000416066489261,
Redhot Ranch,ready,Casual,2,$$,category estimate,"Chicago, Chicago, IL, US",hot_dog_restaurant,Casual,https://www.google.com/maps?cid=13403817255675772084,
Restaurant La Campana,ready,Casual,2,$$,category estimate,"Madrid, Madrid, Spain, ES",restaurant,Casual,https://www.google.com/maps?cid=14844424724010047350,
Restaurant Les Armures,ready,Casual,2,$$,category estimate,"Geneva, Geneva, Switzerland, CH",swiss_restaurant,Casual,https://www.google.com/maps?cid=17118191894769699339,
Restaurant Pelikan,ready,Casual,2,$$,category estimate,"Stockholm, Stockholm, Sweden, SE",swedish_restaurant,Casual,https://www.google.com/maps?cid=16720244894218062023,
Restaurante Pica-Pau | Gastronomia Portuguesa,ready,Casual,2,$$,category estimate,"Lisbon, Lisbon, Portugal, PT",portuguese_restaurant,Casual,https://www.google.com/maps?cid=16549071757303345433,
Restoran Sea Park,ready,Casual,2,$$,Google Places,"Petaling Jaya, Petaling Jaya, Selangor, Malaysia, MY",food_court,Asian casual,https://www.google.com/maps?cid=2386590632025232082,
Rochelle Canteen,ready,Casual,2,$$,category estimate,"London, London, United Kingdom, GB",modern_european_restaurant,Casual,https://www.google.com/maps?cid=8510742783179523110,
Rock and Sole Plaice,ready,Casual,2,$$,category estimate,"London, London, United Kingdom, GB",fish_and_chips_restaurant,Casual,https://www.google.com/maps?cid=5248698202328707385,
Rolo’s,ready,Casual,2,$$,category estimate,"Ridgewood, Ridgewood, NY, US",bar_and_grill,Casual,https://www.google.com/maps?cid=14239410717641982050,
Royal Lobster LA,ready,Casual,2,$$,category estimate,"Los Angeles, Los Angeles, CA, US",restaurant,Casual,https://www.google.com/maps?cid=10869877256660037056,
S&P Lunch,ready,Casual,2,$$,category estimate,"New York, New York, NY, US",american_restaurant,Casual,https://www.google.com/maps?cid=15321135847989048621,
Sandy's,ready,Casual,2,$$,category estimate,"San Francisco, San Francisco, CA, US",sandwich_shop,Casual,https://www.google.com/maps?cid=5755386928655743446,
Santa Barbara Shellfish Company,ready,Casual,2,$$,category estimate,"Santa Barbara, Santa Barbara, CA, US",seafood_restaurant,Casual,https://www.google.com/maps?cid=17397857432915069347,
"Santo Remedio - Asador, London Bridge",ready,Casual,2,$$,category estimate,"London, London, United Kingdom, GB",mexican_restaurant,Casual,https://www.google.com/maps?cid=16051900711840692336,
Saucy Chick Indi-Mex Eatery,ready,Casual,2,$$,category estimate,"Pasadena, Pasadena, CA, US",restaurant,Casual,https://www.google.com/maps?cid=13056656913665461099,
Savta,ready,Casual,2,$$,category estimate,"Los Angeles, Los Angeles, CA, US",restaurant,Casual,https://www.google.com/maps?cid=8560450631546894563,
Scandic No 53,ready,Casual,2,$$,category estimate,"Stockholm, Stockholm, Sweden, SE",hotel,Default list,https://www.google.com/maps?cid=16690148604618875620,
Schønnemann,ready,Casual,2,$$,category estimate,"Copenhagen, Copenhagen, Denmark, DK",danish_restaurant,Casual,https://www.google.com/maps?cid=6496112117496071376,
Shaban Nonveg Corner,ready,Casual,2,$$,category estimate,"Lucknow, Lucknow, Uttar Pradesh, India, IN",non_vegetarian_restaurant,Casual,https://www.google.com/maps?cid=11573218330433075016,
Sharif's Famous,ready,Casual,2,$$,category estimate,"New York, New York, NY, US",halal_restaurant,Casual,https://www.google.com/maps?cid=15661975256665397401,
Shoots Fish & Beer,ready,Casual,2,$$,category estimate,"Oceanside, Oceanside, CA, US",seafood_restaurant,Casual,https://www.google.com/maps?cid=15406823476957610058,
Silberbauers Bistro,ready,Casual,2,$$,category estimate,"Copenhagen, Copenhagen, Denmark, DK",bistro,Casual,https://www.google.com/maps?cid=1814984609596852272,
Smør,ready,Casual,2,$$,category estimate,"New York, New York, NY, US",scandinavian_restaurant,Casual,https://www.google.com/maps?cid=1357061756434843938,
Son del North,ready,Casual,2,$$,category estimate,"New York, New York, NY, US",burrito_restaurant,Want to go,https://www.google.com/maps?cid=6874209058699743227,
Sonoratown,ready,Casual,2,$$,category estimate,"Los Angeles, Los Angeles, CA, US",mexican_restaurant,Casual,https://www.google.com/maps?cid=4986511368808354132,
Sotto Mare,ready,Casual,2,$$,category estimate,"San Francisco, San Francisco, CA, US",seafood_restaurant,Casual,https://www.google.com/maps?cid=11842344414635121701,
Superdawg Drive-In,ready,Casual,2,$$,category estimate,"Chicago, Chicago, IL, US",hot_dog_stand,Casual,https://www.google.com/maps?cid=11553935411167180023,
Suzette South Kensington,ready,Casual,2,$$,category estimate,"London, London, United Kingdom, GB",creperie,Casual,https://www.google.com/maps?cid=13929450602056327337,
Swan Oyster Depot,ready,Casual,2,$$,category estimate,"San Francisco, San Francisco, CA, US",seafood_restaurant,Casual; Want to go,https://www.google.com/maps?cid=16765858646085057492,
Sylvia's Restaurant,ready,Casual,2,$$,category estimate,"New York, New York, NY, US",soul_food_restaurant,Casual,https://www.google.com/maps?cid=4809434786579159646,
Takos Al Pastor,ready,Casual,2,$$,category estimate,"Madrid, Madrid, Spain, ES",mexican_restaurant,Casual,https://www.google.com/maps?cid=5861125246067077258,
Taksim Ocakbasi Restaurant,ready,Casual,2,$$,category estimate,"Perly, Perly, Switzerland, CH",restaurant,Casual,https://www.google.com/maps?cid=13478018594107319156,
Tamila,ready,Casual,2,$$,category estimate,"London, London, United Kingdom, GB",restaurant,Casual,https://www.google.com/maps?cid=7644460236726502112,
TAP: The Ale Project,ready,Casual,2,$$,category estimate,"Mong Kok, Mong Kok, Hong Kong, HK",beer_hall,Casual,https://www.google.com/maps?cid=6992640735845782792,
Taste Of Heaven,ready,Casual,2,$$,category estimate,"Brooklyn, Brooklyn, NY, US",soul_food_restaurant,Casual,https://www.google.com/maps?cid=14718858482368531771,
TEST KITCHEN,ready,Casual,2,$$,category estimate,"Sai Ying Pun, Sai Ying Pun, Hong Kong, HK",restaurant,Favorite places,https://www.google.com/maps?cid=17036590362309754659,
Tev’s & Family Kitchen,ready,Casual,2,$$,category estimate,"Los Angeles, Los Angeles, CA, US",restaurant,Casual,https://www.google.com/maps?cid=2215910619844198317,
The Apple Pan,ready,Casual,2,$$,category estimate,"Los Angeles, Los Angeles, CA, US",american_restaurant,Casual,https://www.google.com/maps?cid=14202941258591444234,
The Bombay Canteen,ready,Casual,2,$$,category estimate,"Mumbai, Mumbai, Maharashtra, India, IN",modern_indian_restaurant,Casual,https://www.google.com/maps?cid=7371392037146984617,
The Cow,ready,Casual,2,$$,category estimate,"London, London, United Kingdom, GB",gastropub,Casual,https://www.google.com/maps?cid=5952083275328235685,
The Daily Catch North End,ready,Casual,2,$$,category estimate,"Boston, Boston, MA, US",seafood_restaurant,Casual,https://www.google.com/maps?cid=11935355669967721300,
The Golden Chip of Hanwell,ready,Casual,2,$$,category estimate,"London, London, United Kingdom, GB",fish_and_chips_takeaway,Casual,https://www.google.com/maps?cid=1994249564424188347,
The Hat,ready,Casual,2,$$,category estimate,"Pasadena, Pasadena, CA, US",sandwich_shop,Casual,https://www.google.com/maps?cid=14587852984782184727,
The Red Chickz,ready,Casual,2,$$,category estimate,"Los Angeles, Los Angeles, CA, US",chicken_shop,Casual,https://www.google.com/maps?cid=7215713208794813058,
"The Sea, The Sea",ready,Casual,2,$$,category estimate,"London, London, United Kingdom, GB",seafood_restaurant,Favorite places,https://www.google.com/maps?cid=16987505681025438351,
The Seafood Bar,ready,Casual,2,$$,category estimate,"London, London, United Kingdom, GB",seafood_restaurant,Casual,https://www.google.com/maps?cid=7914588427581418582,
The Serving Spoon,ready,Casual,2,$$,category estimate,"Inglewood, Inglewood, CA, US",southern_restaurant_us,Casual,https://www.google.com/maps?cid=13882765798309103324,
Time Out Market New York,ready,Casual,2,$$,Google Places,"Brooklyn, Brooklyn, NY, US",food_court,Casual,https://www.google.com/maps?cid=15282526839072256612,
Tiny Tim's Tearoom,ready,Casual,2,$$,category estimate,"Canterbury, Canterbury, United Kingdom, GB",tea_and_coffee_shop,Casual,https://www.google.com/maps?cid=17453616241272891411,
Tony Khachapuri at Oui Melrose,ready,Casual,2,$$,category estimate,"Los Angeles, Los Angeles, CA, US",fast_food_restaurant,Casual,https://www.google.com/maps?cid=10509932886870350816,
Top Restaurant,ready,Casual,2,$$,category estimate,"Pasadena, Pasadena, CA, US",hawaiian_restaurant,Casual; Want to go,https://www.google.com/maps?cid=14214248872975511550,
Trattoria Trippa,ready,Casual,2,$$,category estimate,"Milan, Milan, Metropolitan City of Milan, Italy, IT",italian_restaurant,Casual,https://www.google.com/maps?cid=18192360968431489571,
Turkey and the Wolf,ready,Casual,2,$$,category estimate,"New Orleans, New Orleans, LA, US",sandwich_shop,Casual,https://www.google.com/maps?cid=4241282359973146367,
Two Hommés,ready,Casual,2,$$,category estimate,"Inglewood, Inglewood, CA, US",restaurant,Casual,https://www.google.com/maps?cid=7253566086314990547,
Ubatuba Acai - Pasadena,ready,Casual,2,$$,category estimate,"Pasadena, Pasadena, CA, US",acai_shop,Casual,https://www.google.com/maps?cid=8797569813425657260,
Von Crumb,ready,Casual,2,$$,category estimate,"London, London, United Kingdom, GB",restaurant,Casual,https://www.google.com/maps?cid=16069539767540355854,
Yuca's,ready,Casual,2,$$,category estimate,"Los Angeles, Los Angeles, CA, US",mexican_restaurant,Casual,https://www.google.com/maps?cid=17573893502587326133,
Zé da Mouraria 3,ready,Casual,2,$$,category estimate,"Lisbon, Lisbon, Portugal, PT",restaurant,Casual,https://www.google.com/maps?cid=11489949727677714693,
Zhengyalov Hatz - Glendale,ready,Casual,2,$$,category estimate,"Glendale, Glendale, CA, US",armenian_restaurant,Casual,https://www.google.com/maps?cid=15245100805125860537,
Zira Uzbek Kitchen,ready,Casual,2,$$,category estimate,"Los Angeles, Los Angeles, CA, US",uzbeki_restaurant,Casual; Want to go,https://www.google.com/maps?cid=10927560006651602015,
神戸肉 但馬牛 牛肉商 石田屋。,ready,Casual,2,$$,category estimate,"Kobe, Kobe, Hyogo, Japan, JP",butcher_shop_deli,Default list,https://www.google.com/maps?cid=16762439303099225728,
Asakusa Chicken,ready,Chicken,2,$$,category estimate,"Taito City, Taito City, Tokyo, Japan, JP",takeout_restaurant,Asian casual,https://www.google.com/maps?cid=13093032871766290648,
Asam Chicken Rice,ready,Chicken,2,$$,category estimate,"Central, Central, Hong Kong, HK",malaysian_restaurant,Asian casual,https://www.google.com/maps?cid=15258407547870744794,
BURD CHICKEN RICE,ready,Chicken,2,$$,category estimate,"West Covina, West Covina, CA, US",asian_fusion_restaurant,Asian casual,https://www.google.com/maps?cid=14997230353486226531,
Chicky's,ready,Chicken,2,$$,category estimate,"Jamaica, Jamaica, NY, US",chicken_restaurant,Casual,https://www.google.com/maps?cid=15269717151025289597,
Cluck2Go,ready,Chicken,2,$$,category estimate,"Pasadena, Pasadena, CA, US",chicken_restaurant,Asian casual,https://www.google.com/maps?cid=18202296265813702382,
daybird,ready,Chicken,2,$$,category estimate,"Los Angeles, Los Angeles, CA, US",chicken_restaurant,Casual,https://www.google.com/maps?cid=10255284944236067175,
Dinah's Chicken Glendale,ready,Chicken,2,$$,category estimate,"Glendale, Glendale, CA, US",chicken_restaurant,Casual,https://www.google.com/maps?cid=8723003892728901740,
Double Chicken Please,ready,Chicken,2,$$,category estimate,"New York, New York, NY, US",bar,Casual,https://www.google.com/maps?cid=18322206185658411422,
Dulan's Soul Food Kitchen,ready,Chicken,2,$$,category estimate,"Inglewood, Inglewood, CA, US",restaurant,Casual,https://www.google.com/maps?cid=5446436530762524059,
Fluffies Hot Chicken - LES,ready,Chicken,2,$$,category estimate,"New York, New York, NY, US",chicken_restaurant,Want to go,https://www.google.com/maps?cid=10944770360538177511,
Flying Cock - Rotisserie & More,ready,Chicken,2,$$,category estimate,"Sai Ying Pun, Sai Ying Pun, Hong Kong, HK",western_restaurant,Casual,https://www.google.com/maps?cid=608978489050087241,
FOWL,ready,Chicken,2,$$,category estimate,"London, London, United Kingdom, GB",chicken_restaurant,Western nicer,https://www.google.com/maps?cid=2873038324244167439,
Go-Ang Kaomunkai Pratunam,ready,Chicken,2,$$,category estimate,"Ratchathewi, Ratchathewi, Bangkok, Thailand, TH",chicken_restaurant,Asian casual,https://www.google.com/maps?cid=11429574275127970787,
Gokigen Tori – Best Yakitori in Culver City,ready,Chicken,2,$$,category estimate,"Culver City, Culver City, CA, US",yakitori_restaurant,Asian fancy,https://www.google.com/maps?cid=18366405559338542533,
Gol Tong Chicken,ready,Chicken,2,$$,category estimate,"Los Angeles, Los Angeles, CA, US",chicken_restaurant,Asian casual,https://www.google.com/maps?cid=13702443939761082183,
Good Friend Chicken,ready,Chicken,2,$$,category estimate,"London, London, United Kingdom, GB",fried_chicken_takeaway,Asian casual,https://www.google.com/maps?cid=2271866089394843960,
Gus's World Famous Fried Chicken,ready,Chicken,2,$$,category estimate,"Burbank, Burbank, CA, US",chicken_restaurant,Casual; Want to go,https://www.google.com/maps?cid=6931647682323383984,
Gus’s World Famous Fried Chicken,ready,Chicken,2,$$,category estimate,"Los Angeles, Los Angeles, CA, US",chicken_restaurant,Casual,https://www.google.com/maps?cid=9249059009405331448,
Harley's Butchery & Rotisserie,ready,Chicken,2,$$,category estimate,"London, London, United Kingdom, GB",butcher_shop_deli,Casual,https://www.google.com/maps?cid=6347060255442919255,
Heng Heng Chicken Rice,ready,Chicken,2,$$,category estimate,"Los Angeles, Los Angeles, CA, US",restaurant,Asian casual,https://www.google.com/maps?cid=10956909733859428880,
Honey's Kettle Fried Chicken,ready,Chicken,2,$$,category estimate,"Culver City, Culver City, CA, US",chicken_restaurant,Casual,https://www.google.com/maps?cid=7619707792588291839,
Howlin' Ray's Hot Chicken - Chinatown,ready,Chicken,2,$$,category estimate,"Los Angeles, Los Angeles, CA, US",chicken_restaurant,Casual,https://www.google.com/maps?cid=482792306849415632,
Howlin' Ray's Hot Chicken - Pasadena,ready,Chicken,2,$$,category estimate,"Pasadena, Pasadena, CA, US",chicken_restaurant,Casual,https://www.google.com/maps?cid=2239904572156956286,
Humble Chicken 3.0,ready,Chicken,2,$$,category estimate,"London, London, United Kingdom, GB",japanese_restaurant,Asian fancy,https://www.google.com/maps?cid=1746803575043981235,
Lasita Rotisserie & Natural Wine,ready,Chicken,2,$$,category estimate,"Los Angeles, Los Angeles, CA, US",restaurant,Asian casual,https://www.google.com/maps?cid=5946813948261830657,
Le Coupe,ready,Chicken,2,$$,category estimate,"Los Angeles, Los Angeles, CA, US",chicken_restaurant,Casual,https://www.google.com/maps?cid=9901152530322162497,
Loli Farms,ready,Chicken,2,$$,category estimate,"Pasadena, Pasadena, CA, US",chicken_restaurant,Casual; Want to go,https://www.google.com/maps?cid=10285012682887293906,
Moffett's Family Restaurant & Chicken Pie Shoppe,ready,Chicken,2,$$,category estimate,"Arcadia, Arcadia, CA, US",family_restaurant,Casual,https://www.google.com/maps?cid=16981257643028432565,
No.1 Plus Chicken - Dallas,ready,Chicken,2,$$,category estimate,"Dallas, Dallas, TX, US",korean_restaurant,Asian casual,https://www.google.com/maps?cid=1592417363770068655,
Restoran Wong Mei Kee,ready,Chicken,2,$$,category estimate,"Kuala Lumpur, Kuala Lumpur, Federal Territory of Kuala Lumpur, Malaysia, MY",restaurant,Asian casual,https://www.google.com/maps?cid=89589825951338072,
Shlap Muan Chicken Wings,ready,Chicken,2,$$,category estimate,"Long Beach, Long Beach, CA, US",chicken_wings_restaurant,Asian casual,https://www.google.com/maps?cid=1810745293631921895,
Sisters and Brothers,ready,Chicken,2,$$,category estimate,"Seattle, Seattle, WA, US",chicken_restaurant,Casual,https://www.google.com/maps?cid=6216306145996225289,
Torimeshi Toritō Bunten,ready,Chicken,2,$$,category estimate,"Chuo City, Chuo City, Tokyo, Japan, JP",chicken_restaurant,Asian casual,https://www.google.com/maps?cid=15075554772542388363,
Toritsune Shizendo,ready,Chicken,2,$$,category estimate,"Chiyoda City, Chiyoda City, Tokyo, Japan, JP",chicken_restaurant,Asian casual,https://www.google.com/maps?cid=1906920972555628923,
Toriyoshi,ready,Chicken,2,$$,category estimate,"Meguro City, Meguro City, Tokyo, Japan, JP",yakitori_restaurant,Asian casual,https://www.google.com/maps?cid=14052269556519611228,
Twozone Chicken - LA,ready,Chicken,2,$$,category estimate,"Los Angeles, Los Angeles, CA, US",chicken_restaurant,Asian casual,https://www.google.com/maps?cid=8861391233286062310,
Weekend Chicken Club & Bar,ready,Chicken,2,$$,category estimate,"Zhongxing Village, Zhongxing Village, Xinyi District, Taipei City, Taiwan, TW",bistro,Asian casual,https://www.google.com/maps?cid=8575234619972538995,
Yakitori Ando,ready,Chicken,2,$$,category estimate,"Honolulu, Honolulu, HI, US",yakitori_restaurant,Asian casual,https://www.google.com/maps?cid=12895696793962298000,
Yakitori Ichimatsu,ready,Chicken,2,$$,category estimate,"Osaka, Osaka, Japan, JP",yakitori_restaurant,Asian fancy,https://www.google.com/maps?cid=1087722571695552376,
YAKITORI NISHI,ready,Chicken,2,$$,category estimate,"Lomita, Lomita, CA, US",yakitori_restaurant,Asian casual,https://www.google.com/maps?cid=742233959046541115,
Yakitori Tsuta,ready,Chicken,2,$$,category estimate,"San Diego, San Diego, CA, US",japanese_restaurant,Asian fancy,https://www.google.com/maps?cid=1755402919941376981,
Yuchan Shokudo (formerly Yakitori Yuchan),ready,Chicken,2,$$,category estimate,"Davis, Davis, CA, US",japanese_restaurant,Asian casual,https://www.google.com/maps?cid=11395056771822249765,
Auren's Deli,ready,Deli,2,$$,category estimate,"Frederiksberg, Frederiksberg, Denmark, DK",deli,Casual,https://www.google.com/maps?cid=17030057501598102299,
Bodega SF,ready,Deli,2,$$,category estimate,"San Francisco, San Francisco, CA, US",vietnamese_restaurant,Asian casual,https://www.google.com/maps?cid=8398096136453693148,
Casa Della Mozzarella,ready,Deli,2,$$,category estimate,"Bronx, Bronx, NY, US",deli,Casual,https://www.google.com/maps?cid=17096938367813269417,
Deli Board,ready,Deli,2,$$,category estimate,"San Francisco, San Francisco, CA, US",sandwich_shop,Casual,https://www.google.com/maps?cid=572681753558665126,
Faicco’s Italian Specialties,ready,Deli,2,$$,category estimate,"New York, New York, NY, US",deli,Casual,https://www.google.com/maps?cid=12302698207455477032,
Golden Deli San Gabriel,ready,Deli,2,$$,category estimate,"San Gabriel, San Gabriel, CA, US",vietnamese_restaurant,Asian casual,https://www.google.com/maps?cid=15352697684205332067,
Katz's Delicatessen,ready,Deli,2,$$,category estimate,"New York, New York, NY, US",deli,Casual,https://www.google.com/maps?cid=3545819340560108778,
Langer's Delicatessen-Restaurant,ready,Deli,1,$,Google Places,"Los Angeles, Los Angeles, CA, US",deli,Casual; Want to go,https://www.google.com/maps?cid=3940228766818485505,
Manny's Cafeteria & Delicatessen,ready,Deli,2,$$,category estimate,"Chicago, Chicago, IL, US",cafeteria,Casual,https://www.google.com/maps?cid=206386881049849301,
Publican Quality Meats,ready,Deli,2,$$,category estimate,"Chicago, Chicago, IL, US",butcher_shop,Default list,https://www.google.com/maps?cid=1448203988972636390,
"Sal, Kris & Charlie's Deli",ready,Deli,2,$$,category estimate,"Astoria, Astoria, NY, US",sandwich_shop,Casual,https://www.google.com/maps?cid=1628663321870720232,
Schneider Deli River North,ready,Deli,2,$$,category estimate,"Chicago, Chicago, IL, US",deli,Casual,https://www.google.com/maps?cid=5969011719316561513,
Zia's Delicatessen,ready,Deli,2,$$,category estimate,"Davis, Davis, CA, US",deli,Casual,https://www.google.com/maps?cid=14665181576763967998,
Artelice Pâtisserie,ready,Desserts,1,$,category estimate,"Los Angeles, Los Angeles, CA, US",dessert_shop,Coffee,https://www.google.com/maps?cid=2683785396645810004,
Artelice Pâtisserie,ready,Desserts,1,$,category estimate,"Burbank, Burbank, CA, US",pastry_shop,Default list,https://www.google.com/maps?cid=12402621668226988100,
Fábrica da Nata - Pastéis de Nata,ready,Desserts,1,$,category estimate,"Lisbon, Lisbon, Portugal, PT",pastry_shop,Coffee,https://www.google.com/maps?cid=10972987016392226298,
Fondry,ready,Desserts,1,$,category estimate,"Los Angeles, Los Angeles, CA, US",pastry_shop,Coffee,https://www.google.com/maps?cid=17957166985886556406,
Fosselman's Ice Cream Co.,ready,Desserts,1,$,category estimate,"Alhambra, Alhambra, CA, US",ice_cream_shop,Dessert,https://www.google.com/maps?cid=7745751819544811704,
HARUCAKE,ready,Desserts,1,$,category estimate,"Los Angeles, Los Angeles, CA, US",cake_shop,Dessert,https://www.google.com/maps?cid=2252876321340201475,
Horchatería Alboraya,ready,Desserts,1,$,category estimate,"Madrid, Madrid, Spain, ES",ice_cream_shop,Casual,https://www.google.com/maps?cid=15640543726518399964,
ici Tea Drinks,ready,Desserts,1,$,category estimate,"San Gabriel, San Gabriel, CA, US",bubble_tea_store,Dessert,https://www.google.com/maps?cid=5020493061945466883,
Jarling's Custard Cup,ready,Desserts,1,$,category estimate,"Champaign, Champaign, IL, US",ice_cream_shop,Dessert,https://www.google.com/maps?cid=101335089449117213,
K. Panich Sticky Rice,ready,Desserts,1,$,category estimate,"Phra Nakhon, Phra Nakhon, Bangkok, Thailand, TH",dessert_shop,Asian casual,https://www.google.com/maps?cid=1879480900184167701,
Kanomwaan Thai Gelato and Dessert Cafe,ready,Desserts,1,$,category estimate,"Los Angeles, Los Angeles, CA, US",dessert_shop,Dessert,https://www.google.com/maps?cid=9129353013863978582,
Københavns Bageri,ready,Desserts,1,$,category estimate,"Copenhagen, Copenhagen, Denmark, DK",pastry_shop,Coffee,https://www.google.com/maps?cid=2925426012559289760,
La Pâtisserie Cyril Lignac - Galeries Lafayette Le Gourmet,ready,Desserts,1,$,category estimate,"Paris, Paris, France, FR",patisserie,Coffee,https://www.google.com/maps?cid=5355307710278478421,
Lysée,ready,Desserts,1,$,category estimate,"New York, New York, NY, US",dessert_shop,Coffee,https://www.google.com/maps?cid=13306609497048601226,
Mandro Teahouse,ready,Desserts,1,$,category estimate,"Davis, Davis, CA, US",tea_house,Dessert,https://www.google.com/maps?cid=4968138409168680885,
Margie's Candies,ready,Desserts,1,$,category estimate,"Chicago, Chicago, IL, US",ice_cream_shop,Dessert,https://www.google.com/maps?cid=11959834773880916001,
Mashti Malone’s,ready,Desserts,1,$,category estimate,"Los Angeles, Los Angeles, CA, US",ice_cream_shop,Dessert,https://www.google.com/maps?cid=10844861814978643750,
Meet Fresh,ready,Desserts,1,$,category estimate,"Temple City, Temple City, CA, US",dessert_restaurant,Dessert,https://www.google.com/maps?cid=3656678844398857808,
Mori Yoshida,ready,Desserts,1,$,category estimate,"Paris, Paris, France, FR",pastry_shop,Coffee,https://www.google.com/maps?cid=10288079353788462215,
ONE65 San Francisco,ready,Desserts,2,$$,Google Places,"San Francisco, San Francisco, CA, US",french_restaurant,Dessert,https://www.google.com/maps?cid=12717132763794429512,
Paris S'eveille,ready,Desserts,1,$,category estimate,"Meguro City, Meguro City, Tokyo, Japan, JP",patisserie,Dessert,https://www.google.com/maps?cid=7592301599385418155,
Paris Super Crepes,ready,Desserts,1,$,category estimate,"Champaign, Champaign, IL, US",dessert_shop,Casual,https://www.google.com/maps?cid=16471046103577252888,
Pastéis de Belém,ready,Desserts,1,$,category estimate,"Lisbon, Lisbon, Portugal, PT",pastry_shop,Coffee,https://www.google.com/maps?cid=18442230332396508773,
Pâtisserie Michalak | Etienne Marcel,ready,Desserts,1,$,category estimate,"Paris, Paris, France, FR",patisserie,Coffee,https://www.google.com/maps?cid=16951466814434187357,
Pâtisserie Millefeuille,ready,Desserts,1,$,category estimate,"Central, Central, Hong Kong, HK",cake_shop,Coffee,https://www.google.com/maps?cid=8722949293611334681,
Phuketique Bangkok,ready,Desserts,1,$,category estimate,"Watthana, Watthana, Bangkok, Thailand, TH",dessert_shop,Asian casual,https://www.google.com/maps?cid=12715630189765777719,
Rokkaku Chikiriya,ready,Desserts,1,$,category estimate,"Kyoto, Kyoto, Japan, JP",tea_store,Dessert,https://www.google.com/maps?cid=8245566164483155289,
Silk. (Times Square),ready,Desserts,1,$,category estimate,"Causeway Bay, Causeway Bay, Hong Kong, HK",bubble_tea_store,Dessert,https://www.google.com/maps?cid=6719942324178269049,
Stella Pastry,ready,Desserts,1,$,category estimate,"San Francisco, San Francisco, CA, US",pastry_shop,Dessert,https://www.google.com/maps?cid=5625813202332955756,
Sul & Beans,ready,Desserts,1,$,category estimate,"Los Angeles, Los Angeles, CA, US",dessert_shop,Dessert,https://www.google.com/maps?cid=12486753440186116264,
Tu Cha,ready,Desserts,1,$,category estimate,"Los Angeles, Los Angeles, CA, US",bubble_tea_store,Dessert,https://www.google.com/maps?cid=14254524298305866876,
Yolo Berry Yogurt,ready,Desserts,1,$,category estimate,"Davis, Davis, CA, US",frozen_yogurt_shop,Dessert,https://www.google.com/maps?cid=4535219815437679692,
BAO Marylebone,ready,Dim Sum,2,$$,category estimate,"London, London, United Kingdom, GB",taiwanese_restaurant,Asian casual,https://www.google.com/maps?cid=15325823670171072779,
BAO Soho,ready,Dim Sum,2,$$,category estimate,"London, London, United Kingdom, GB",taiwanese_restaurant,Asian casual,https://www.google.com/maps?cid=17075063459011009932,
Bistro 1968,ready,Dim Sum,2,$$,category estimate,"San Gabriel, San Gabriel, CA, US",dim_sum_restaurant,Asian casual,https://www.google.com/maps?cid=5892210784483527923,
Chuan Palace 念川居,ready,Dim Sum,2,$$,category estimate,"Mong Kok, Mong Kok, Hong Kong, HK",dim_sum_restaurant,Asian casual,https://www.google.com/maps?cid=3515771355282220007,
Chubby Dumplings,ready,Dim Sum,2,$$,category estimate,"Burbank, Burbank, CA, US",dumpling_restaurant,Asian casual,https://www.google.com/maps?cid=14929372584197790301,
Dim Sum Duck King’s Cross Road,ready,Dim Sum,2,$$,category estimate,"London, London, United Kingdom, GB",dim_sum_restaurant,Asian casual,https://www.google.com/maps?cid=11654035274469743822,
Dimsum house,ready,Dim Sum,2,$$,category estimate,"Champaign, Champaign, IL, US",chinese_restaurant,Asian casual,https://www.google.com/maps?cid=3709806462627005173,
Gyoza Taizou,ready,Dim Sum,2,$$,category estimate,"Kyoto, Kyoto, Japan, JP",dumpling_restaurant,Asian casual,https://www.google.com/maps?cid=2448783360412865390,
HK Lounge Bistro,ready,Dim Sum,2,$$,category estimate,"San Francisco, San Francisco, CA, US",dim_sum_restaurant,Asian casual,https://www.google.com/maps?cid=5618802236237661269,
Hong Kong Dim Sum House,ready,Dim Sum,2,$$,category estimate,"San Gabriel, San Gabriel, CA, US",dim_sum_restaurant,Asian casual,https://www.google.com/maps?cid=4877060985709421256,
KAMINARI GYOZA BAR,ready,Dim Sum,2,$$,category estimate,"Los Angeles, Los Angeles, CA, US",dumpling_restaurant,Asian casual,https://www.google.com/maps?cid=778510460033854237,
Lunasia Dim Sum House,ready,Dim Sum,2,$$,category estimate,"Alhambra, Alhambra, CA, US",dim_sum_restaurant,Asian casual,https://www.google.com/maps?cid=3308824034866572166,
MOMO Moment,ready,Dim Sum,2,$$,category estimate,"Kennedy Town, Kennedy Town, Hong Kong, HK",dumpling_restaurant,Asian casual,https://www.google.com/maps?cid=8128890340396573127,
Monta Factory,ready,Dim Sum,2,$$,category estimate,"Glendale, Glendale, CA, US",dumpling_restaurant,Casual,https://www.google.com/maps?cid=6493080470845483328,
Mormor restaurang & dumpling,ready,Dim Sum,2,$$,category estimate,"Stockholm, Stockholm, Sweden, SE",dumpling_restaurant,Asian casual,https://www.google.com/maps?cid=7767690546679790254,
Yang Kee Dumpling,ready,Dim Sum,2,$$,category estimate,"Davis, Davis, CA, US",dumpling_restaurant,Asian casual,https://www.google.com/maps?cid=11641378839280955789,
1919 Lanzhou Beef Noodle,ready,East Asian,2,$$,category estimate,"Arcadia, Arcadia, CA, US",chinese_noodle_restaurant,Asian casual,https://www.google.com/maps?cid=5216391081571201844,
606,ready,East Asian,2,$$,category estimate,"San Francisco, San Francisco, CA, US",chinese_restaurant,Asian casual,https://www.google.com/maps?cid=10910231840583371800,
88 tofu house,ready,East Asian,2,$$,category estimate,"Sheung Wan, Sheung Wan, Hong Kong, HK",korean_restaurant,Asian casual,https://www.google.com/maps?cid=14366949070400740214,
886,ready,East Asian,2,$$,category estimate,"New York, New York, NY, US",taiwanese_restaurant,Asian casual,https://www.google.com/maps?cid=8889600543534722657,
Alice’s Kitchen - Temple City,ready,East Asian,2,$$,category estimate,"Temple City, Temple City, CA, US",chinese_restaurant,Asian casual,https://www.google.com/maps?cid=17239803969028093608,
Antidote,ready,East Asian,2,$$,category estimate,"North Point, North Point, Hong Kong, HK",korean_restaurant,Asian casual,https://www.google.com/maps?cid=2234694256053472981,
Apgujeong Sanghoe,ready,East Asian,2,$$,category estimate,"Gangnam District, Gangnam District, Seoul, South Korea, KR",korean_restaurant,Asian casual,https://www.google.com/maps?cid=6833775526131242784,
ARIARI,ready,East Asian,2,$$,category estimate,"New York, New York, NY, US",korean_restaurant,Asian casual,https://www.google.com/maps?cid=7693712546969276816,
Arirang Korean Restaurant,ready,East Asian,2,$$,category estimate,"Wan Chai, Wan Chai, Hong Kong, HK",korean_restaurant,Asian casual,https://www.google.com/maps?cid=8961507025130487067,
Atoboy,ready,East Asian,2,$$,category estimate,"New York, New York, NY, US",korean_restaurant,Asian casual,https://www.google.com/maps?cid=14690485147034737433,
August Gatherings富瑤,ready,East Asian,2,$$,category estimate,"New York, New York, NY, US",cantonese_restaurant,Asian casual,https://www.google.com/maps?cid=2806457813675570680,
Auntie Qiu Kitchen,ready,East Asian,2,$$,category estimate,"Arcadia, Arcadia, CA, US",chinese_restaurant,Asian casual,https://www.google.com/maps?cid=16395581747437429854,
Auntie Qiu Kitchen 裘家生煎,ready,East Asian,2,$$,category estimate,"Alhambra, Alhambra, CA, US",restaurant,Asian casual,https://www.google.com/maps?cid=17247863232141348369,
Australia Dairy Company,ready,East Asian,2,$$,category estimate,"Jordan, Jordan, Hong Kong, HK",cha_chaan_teng_hong_kong_style_cafe,Asian casual,https://www.google.com/maps?cid=18038164721409490895,
Ayam Gepuk Kriuk Setiawangsa,ready,East Asian,2,$$,category estimate,"Kuala Lumpur, Kuala Lumpur, Federal Territory of Kuala Lumpur, Malaysia, MY",restaurant,Asian casual,https://www.google.com/maps?cid=16018822820891751095,
Ayam Gepuk Top Global Bukit Jelutong,ready,East Asian,2,$$,category estimate,"Shah Alam, Shah Alam, Selangor, Malaysia, MY",restaurant,Asian casual,https://www.google.com/maps?cid=369880817194465725,
BCD Tofu House,ready,East Asian,2,$$,category estimate,"Los Angeles, Los Angeles, CA, US",korean_restaurant,Asian casual,https://www.google.com/maps?cid=16725801337060668058,
Binchoyaki,ready,East Asian,2,$$,category estimate,"Sacramento, Sacramento, CA, US",japanese_restaurant,Asian casual,https://www.google.com/maps?cid=6210665144539574572,
Birdie,ready,East Asian,2,$$,category estimate,"Central, Central, Hong Kong, HK",japanese_restaurant,Asian casual,https://www.google.com/maps?cid=10190836518018745535,
BISTRO DE まいど,ready,East Asian,2,$$,category estimate,"Shibuya, Shibuya, Tokyo, Japan, JP",izakaya_restaurant,Asian casual,https://www.google.com/maps?cid=14238450622930668014,
Bobo's Farm,ready,East Asian,2,$$,category estimate,"New Paltz, New Paltz, NY, US",farm,Asian casual,https://www.google.com/maps?cid=4544149122304144762,
Budonoki,ready,East Asian,2,$$,category estimate,"Los Angeles, Los Angeles, CA, US",restaurant,Asian casual,https://www.google.com/maps?cid=5831477637854295976,
Buja Kalguksu (Causeway Bay),ready,East Asian,2,$$,category estimate,"Bowrington, Bowrington, Hong Kong, HK",korean_restaurant,Asian casual,https://www.google.com/maps?cid=13968541631264734305,
Bún chả 74 Hàng Quạt,ready,East Asian,2,$$,category estimate,"Ha Noi, Ha Noi, Vietnam, VN",restaurant,Asian casual,https://www.google.com/maps?cid=4700130425588139083,
BUSAN NIGHT,ready,East Asian,2,$$,category estimate,"Central, Central, Hong Kong, HK",korean_restaurant,Asian casual,https://www.google.com/maps?cid=673357718924215313,
Cà Ri Dê Ấn Độ Musa,ready,East Asian,2,$$,category estimate,"Ho Chi Minh, Ho Chi Minh, Vietnam, VN",restaurant,Asian casual,https://www.google.com/maps?cid=15568052708729850585,
Canton Element,ready,East Asian,2,$$,category estimate,"London, London, United Kingdom, GB",chinese_restaurant,Asian casual,https://www.google.com/maps?cid=16486164629038863111,
Canton Room,ready,East Asian,2,$$,category estimate,"Wan Chai, Wan Chai, Hong Kong, HK",chinese_restaurant,Asian casual,https://www.google.com/maps?cid=14681813242214853232,
Cempaka,ready,East Asian,2,$$,category estimate,"London, London, United Kingdom, GB",restaurant,Asian casual,https://www.google.com/maps?cid=2465674360293533995,
CENSU,ready,East Asian,2,$$,category estimate,"Mid-Levels, Mid-Levels, Hong Kong, HK",japanese_restaurant,Asian casual,https://www.google.com/maps?cid=12660801724419374434,
Central Restaurant,ready,East Asian,2,$$,category estimate,"Tong Mi, Tong Mi, Hong Kong, HK",cantonese_restaurant,Asian casual; Want to go,https://www.google.com/maps?cid=7438442464140533946,
Cheung Hing Kee Shanghai Pan Fried Buns,ready,East Asian,2,$$,category estimate,"Tsim Sha Tsui, Tsim Sha Tsui, Hong Kong, HK",shanghainese_restaurant,Asian casual,https://www.google.com/maps?cid=8159380231779556721,
Cheung Hing Kee Shanghai Pan-Fried Buns - Wan Chai,ready,East Asian,2,$$,category estimate,"Wan Chai, Wan Chai, Hong Kong, HK",shanghainese_restaurant,Asian casual,https://www.google.com/maps?cid=12598491101614985509,
Chikinmos Ayala,ready,East Asian,2,$$,category estimate,"Madrid, Madrid, Spain, ES",restaurant,Asian casual,https://www.google.com/maps?cid=12772580264275993910,
Chitose,ready,East Asian,2,$$,category estimate,"Osaka, Osaka, Japan, JP",okonomiyaki_restaurant,Asian casual,https://www.google.com/maps?cid=12697853774598797665,
Cho Dang Gol,ready,East Asian,2,$$,category estimate,"New York, New York, NY, US",korean_restaurant,Asian casual,https://www.google.com/maps?cid=14931410923550432298,
Chong Qing Special Noodles,ready,East Asian,2,$$,category estimate,"San Gabriel, San Gabriel, CA, US",sichuan_restaurant,Asian casual,https://www.google.com/maps?cid=12829831904427938895,
Chongqing Lao Zao,ready,East Asian,2,$$,category estimate,"Flushing, Flushing, NY, US",hot_pot_restaurant,Asian casual,https://www.google.com/maps?cid=10473503338668131831,
Chowking,ready,East Asian,2,$$,category estimate,"Cerritos, Cerritos, CA, US",chinese_restaurant,Casual,https://www.google.com/maps?cid=3851403797798823348,
Chubby Curry,ready,East Asian,2,$$,category estimate,"Covina, Covina, CA, US",japanese_restaurant,Asian casual,https://www.google.com/maps?cid=6164298109502492001,
Chuck’s Takeaway,ready,East Asian,2,$$,category estimate,"San Francisco, San Francisco, CA, US",catering_food_and_drink_supplier,Asian casual; Want to go,https://www.google.com/maps?cid=16714848687386148964,
Chung Kee Restaurant,ready,East Asian,2,$$,category estimate,"Wan Chai, Wan Chai, Hong Kong, HK",chinese_restaurant,Asian casual; Want to go,https://www.google.com/maps?cid=2938726336590296084,
Cindy's Kitchen,ready,East Asian,2,$$,category estimate,"Hacienda Heights, Hacienda Heights, CA, US",chinese_restaurant,Asian casual,https://www.google.com/maps?cid=489638916059166173,
Clarence Hong Kong,ready,East Asian,2,$$,category estimate,"Central, Central, Hong Kong, HK",french_restaurant,Western nicer,https://www.google.com/maps?cid=18386620558165752439,
Cocobang,ready,East Asian,2,$$,category estimate,"San Francisco, San Francisco, CA, US",korean_restaurant,Asian casual,https://www.google.com/maps?cid=9850875129472306288,
Combo A,ready,East Asian,2,$$,category estimate,"Los Angeles, Los Angeles, CA, US",chinese_restaurant,Asian casual,https://www.google.com/maps?cid=8803839926591352003,
Comé RICE Kitchen,ready,East Asian,2,$$,category estimate,"Copenhagen, Copenhagen, Denmark, DK",asian_restaurant,Asian casual,https://www.google.com/maps?cid=5528217069762912485,
Corner Beef Noodle House,ready,East Asian,2,$$,category estimate,"El Monte, El Monte, CA, US",taiwanese_restaurant,Asian casual,https://www.google.com/maps?cid=899121215163581784,
Crying Tiger,ready,East Asian,2,$$,category estimate,"Chicago, Chicago, IL, US",southeast_asian_restaurant,Asian casual,https://www.google.com/maps?cid=18211127411922263887,
Daeho Kalbijim & Beef Soup,ready,East Asian,2,$$,category estimate,"San Francisco, San Francisco, CA, US",korean_restaurant,Asian casual,https://www.google.com/maps?cid=14511245178569392468,
Dai Ho Restaurant,ready,East Asian,2,$$,category estimate,"Temple City, Temple City, CA, US",taiwanese_restaurant,Asian casual,https://www.google.com/maps?cid=9660625225263927086,
Danbi,ready,East Asian,2,$$,category estimate,"Los Angeles, Los Angeles, CA, US",restaurant,Asian casual,https://www.google.com/maps?cid=12293637400293324579,
Danji Hong Kong,ready,East Asian,2,$$,category estimate,"Wan Chai, Wan Chai, Hong Kong, HK",korean_restaurant,Asian casual,https://www.google.com/maps?cid=13844879857081981135,
Datedachi,ready,East Asian,2,$$,category estimate,"Osaka, Osaka, Japan, JP",yakitori_restaurant,Asian casual,https://www.google.com/maps?cid=7988117311787284847,
Dha Rae Oak,ready,East Asian,2,$$,category estimate,"Los Angeles, Los Angeles, CA, US",korean_restaurant,Asian casual,https://www.google.com/maps?cid=891407557751196504,
DIECI Hong Kong,ready,East Asian,2,$$,category estimate,"Central, Central, Hong Kong, HK",italian_restaurant,Casual; Want to go,https://www.google.com/maps?cid=11329013181660633689,
Dignity Kitchen Hong Kong,ready,East Asian,2,$$,category estimate,"Mong Kok, Mong Kok, Hong Kong, HK",singaporean_restaurant,Asian casual,https://www.google.com/maps?cid=14973731035628375305,
Dija Mara,ready,East Asian,2,$$,category estimate,"Oceanside, Oceanside, CA, US",balinese_restaurant,Asian casual,https://www.google.com/maps?cid=6387665762201186178,
Dong Yi Pork Chop Main Store,ready,East Asian,2,$$,category estimate,"Guangfu Village, Guangfu Village, Zhongzheng District, Taipei City, Taiwan, TW",taiwanese_restaurant,Asian casual,https://www.google.com/maps?cid=2108654066281725334,
Doteno Iseya,ready,East Asian,2,$$,category estimate,"Taito City, Taito City, Tokyo, Japan, JP",tempura_restaurant,Asian casual,https://www.google.com/maps?cid=17841187983383619935,
Fatt Pundit,ready,East Asian,2,$$,category estimate,"London, London, United Kingdom, GB",asian_fusion_restaurant,Asian casual,https://www.google.com/maps?cid=10160031189992083541,
Fei Xiang Gong,ready,East Asian,2,$$,category estimate,"Los Angeles, Los Angeles, CA, US",chinese_restaurant,Asian casual,https://www.google.com/maps?cid=9334029012728978479,
Fish With you 鱼你在一起（韩国城）,ready,East Asian,2,$$,category estimate,"Los Angeles, Los Angeles, CA, US",chinese_restaurant,Asian casual,https://www.google.com/maps?cid=9433439409718639491,
Four Kings 四大天王,ready,East Asian,2,$$,category estimate,"San Francisco, San Francisco, CA, US",cantonese_restaurant,Asian casual,https://www.google.com/maps?cid=4146869141711067415,
Ganso Hakata Mentaiju Nishinakasu,ready,East Asian,2,$$,category estimate,"Fukuoka, Fukuoka, Japan, JP",japanese_restaurant,Asian casual,https://www.google.com/maps?cid=16000112296655436028,
Gesek Geprek Kitchen,ready,East Asian,2,$$,category estimate,"Ampang Jaya, Ampang Jaya, Selangor, Malaysia, MY",restaurant,Asian casual,https://www.google.com/maps?cid=15254410895986615917,
Ginza Rōsokuya,ready,East Asian,2,$$,category estimate,"Chuo City, Chuo City, Tokyo, Japan, JP",chinese_noodle_restaurant,Asian casual,https://www.google.com/maps?cid=1802827410636941533,
Glorious Cuisine,ready,East Asian,2,$$,category estimate,"Sham Shui Po, Sham Shui Po, Hong Kong, HK",chinese_restaurant,Asian casual,https://www.google.com/maps?cid=16151679423827620660,
Godaime Hanayama Udon Ginza,ready,East Asian,2,$$,category estimate,"Chuo City, Chuo City, Tokyo, Japan, JP",udon_noodle_restaurant,Asian casual,https://www.google.com/maps?cid=14087346365638634398,
Godenya,ready,East Asian,2,$$,category estimate,"side, side, Hong Kong, HK",japanese_restaurant,Asian casual,https://www.google.com/maps?cid=17292354570262227429,
GOLDEN GIP,ready,East Asian,2,$$,category estimate,"Central, Central, Hong Kong, HK",restaurant,Asian casual; Want to go,https://www.google.com/maps?cid=16541832918625726504,
Good Alley,ready,East Asian,2,$$,category estimate,"Rosemead, Rosemead, CA, US",chinese_restaurant,Asian casual,https://www.google.com/maps?cid=15115104229170872502,
Good Hope Noodle,ready,East Asian,2,$$,category estimate,"Mong Kok, Mong Kok, Hong Kong, HK",chinese_noodle_restaurant,Asian casual,https://www.google.com/maps?cid=3184639069617065761,
Grand Street Skewer Cart,ready,East Asian,2,$$,category estimate,"New York, New York, NY, US",chinese_restaurant,Asian casual,https://www.google.com/maps?cid=1136850988547250033,
Gwanghwamun Gukbap/광화문국밥,ready,East Asian,2,$$,category estimate,"Jung District, Jung District, Seoul, South Korea, KR",korean_restaurant,Asian casual,https://www.google.com/maps?cid=7592193411173299263,
Haikara Izakaya,ready,East Asian,2,$$,category estimate,"Paris, Paris, France, FR",izakaya_restaurant,Asian casual,https://www.google.com/maps?cid=9815362547646592954,
Hakata Izakaya HERO,ready,East Asian,2,$$,category estimate,"Los Angeles, Los Angeles, CA, US",restaurant,Asian casual,https://www.google.com/maps?cid=1637890583021978083,
Han Mi Restaurant,ready,East Asian,2,$$,category estimate,"Artesia, Artesia, CA, US",korean_restaurant,Asian casual,https://www.google.com/maps?cid=15183659936155031784,
Han Sang,ready,East Asian,2,$$,category estimate,"Millbrae, Millbrae, CA, US",korean_restaurant,Asian casual,https://www.google.com/maps?cid=15883800840764825479,
Hanbat Sul Lung Tang,ready,East Asian,2,$$,category estimate,"Los Angeles, Los Angeles, CA, US",korean_restaurant,Asian casual,https://www.google.com/maps?cid=8434526392418546554,
Hangari Kalguksu,ready,East Asian,2,$$,category estimate,"Los Angeles, Los Angeles, CA, US",korean_restaurant,Asian casual,https://www.google.com/maps?cid=2115787031196477440,
Hangong-Gan,ready,East Asian,2,$$,category estimate,"Mapo-gu, Mapo-gu, Seoul, South Korea, KR",asian_fusion_restaurant,Asian casual,https://www.google.com/maps?cid=1656884683583274322,
Hao Tang Hao Mian (Tai Wai),ready,East Asian,2,$$,category estimate,"Tai Wai, Tai Wai, Hong Kong, HK",chinese_noodle_restaurant,Asian casual,https://www.google.com/maps?cid=16173361103107712334,
Happy AYCE Hot Pot 开心火锅,ready,East Asian,2,$$,category estimate,"Rosemead, Rosemead, CA, US",hot_pot_restaurant,Asian casual,https://www.google.com/maps?cid=749894672943675749,
Happy Chefs Happy Friends,ready,East Asian,2,$$,category estimate,"Hung Hom, Hung Hom, Hong Kong, HK",mandarin_restaurant,Asian casual,https://www.google.com/maps?cid=12944502993760635883,
Hee Kee Crab General - Tsim Sha Tsui,ready,East Asian,2,$$,category estimate,"Tsim Sha Tsui, Tsim Sha Tsui, Hong Kong, HK",cantonese_restaurant,Asian casual,https://www.google.com/maps?cid=9039990989697170067,
Heo nướng lu Ông Phú Đạt,ready,East Asian,2,$$,category estimate,"Da Nang, Da Nang, Vietnam, VN",sandwich_shop,Asian casual,https://www.google.com/maps?cid=17105276255641685791,
Her name is Kim,ready,East Asian,2,$$,category estimate,"Stockholm, Stockholm, Sweden, SE",korean_restaurant,Asian casual,https://www.google.com/maps?cid=10240717436344029469,
Hermosa Restaurant,ready,East Asian,1,$,Google Places,"Chicago, Chicago, IL, US",cambodian_restaurant,Asian casual,https://www.google.com/maps?cid=9186614933689881277,
Hikiniku to Come (Kyoto),ready,East Asian,2,$$,category estimate,"Kyoto, Kyoto, Japan, JP",syokudo_and_teishoku_restaurant,Asian casual,https://www.google.com/maps?cid=5604413755966420161,
Hikiniku to Come (Shibuya),ready,East Asian,2,$$,category estimate,"Shibuya, Shibuya, Tokyo, Japan, JP",syokudo_and_teishoku_restaurant,Asian casual,https://www.google.com/maps?cid=17184128562937308401,
"Hill Street Tai Hwa Pork Noodle, Crawford Lane",ready,East Asian,2,$$,category estimate,"Singapore, SG",hawker_stall,Asian casual,https://www.google.com/maps?cid=11089636507236303800,
Hing Kee Restaurant,ready,East Asian,2,$$,category estimate,"Yau Ma Tei, Yau Ma Tei, Hong Kong, HK",rice_restaurant,Asian casual,https://www.google.com/maps?cid=7770825836947612734,
HOJOKBAN LA,ready,East Asian,2,$$,category estimate,"Los Angeles, Los Angeles, CA, US",korean_restaurant,Asian casual; Default list,https://www.google.com/maps?cid=11732704098915364326,
Holy Basil Market,ready,East Asian,2,$$,category estimate,"Los Angeles, Los Angeles, CA, US",restaurant,Asian casual,https://www.google.com/maps?cid=11299801472983098893,
Hon’s Wun-Tun House 洪記面家,ready,East Asian,2,$$,category estimate,"San Francisco, San Francisco, CA, US",restaurant,Asian casual,https://www.google.com/maps?cid=9755410395794651298,
Honda-Ya,ready,East Asian,2,$$,category estimate,"Tustin, Tustin, CA, US",japanese_restaurant,Asian casual,https://www.google.com/maps?cid=12786755464992196959,
Hong Kong Cuisine,ready,East Asian,2,$$,category estimate,"Happy Valley, Happy Valley, Hong Kong, HK",chinese_restaurant,Want to go,https://www.google.com/maps?cid=6334481256071880956,
Honjo,ready,East Asian,2,$$,category estimate,"Sheung Wan, Sheung Wan, Hong Kong, HK",japanese_restaurant,Asian casual,https://www.google.com/maps?cid=6083313731134893235,
Honke Shibato,ready,East Asian,2,$$,category estimate,"Osaka, Osaka, Japan, JP",unagi_restaurant,Asian casual,https://www.google.com/maps?cid=3834257724898493989,
House of Culture,ready,East Asian,2,$$,category estimate,"Sai Ying Pun, Sai Ying Pun, Hong Kong, HK",eclectic_restaurant,Asian casual,https://www.google.com/maps?cid=17918762718589294865,
Huku Japanese Bistro,ready,East Asian,2,$$,category estimate,"Davis, Davis, CA, US",japanese_restaurant,Asian casual,https://www.google.com/maps?cid=15193813760164315446,
Hunan Style,ready,East Asian,2,$$,category estimate,"Davis, Davis, CA, US",hunan_restaurant,Asian casual,https://www.google.com/maps?cid=5919424470743115299,
Ichirin Hikiniku,ready,East Asian,2,$$,category estimate,"Tsuen Wan, Tsuen Wan, Hong Kong, HK",yakiniku_restaurant,Asian casual,https://www.google.com/maps?cid=10817020084486326316,
INKO NITO - Soho,ready,East Asian,2,$$,category estimate,"London, London, United Kingdom, GB",japanese_restaurant,Asian casual,https://www.google.com/maps?cid=8373399600343406649,
INYUN,ready,East Asian,2,$$,category estimate,"Brentford, Brentford, United Kingdom, GB",korean_restaurant,Asian casual,https://www.google.com/maps?cid=1272002392301447348,
Izakaya kogane,ready,East Asian,2,$$,category estimate,"Shibuya, Shibuya, Tokyo, Japan, JP",izakaya_restaurant,Asian casual,https://www.google.com/maps?cid=12659095188956629901,
Izakaya Tonchinkan 呑み屋 とんちんかん,ready,East Asian,2,$$,category estimate,"Arcadia, Arcadia, CA, US",izakaya_restaurant,Asian casual,https://www.google.com/maps?cid=16353081290777807415,
Jason Penang Cuisine,ready,East Asian,2,$$,category estimate,"Singapore, SG",hawker_stall,Asian casual,https://www.google.com/maps?cid=8753669845508476662,
Jeonpo Meat Shop (Wan Chai),ready,East Asian,2,$$,category estimate,"Wan Chai, Wan Chai, Hong Kong, HK",korean_barbecue_restaurant,Asian casual,https://www.google.com/maps?cid=10230854363311788182,
Ji Rong Peking Duck 吉荣烤鸭,ready,East Asian,2,$$,category estimate,"Rosemead, Rosemead, CA, US",chinese_restaurant,Asian casual,https://www.google.com/maps?cid=4991186319433629730,
JIJA by Vicky Lau,ready,East Asian,2,$$,category estimate,"Tsim Sha Tsui, Tsim Sha Tsui, Hong Kong, HK",restaurant,Asian casual,https://www.google.com/maps?cid=15482954653056591149,
Joy,ready,East Asian,2,$$,category estimate,"Los Angeles, Los Angeles, CA, US",taiwanese_restaurant,Asian casual,https://www.google.com/maps?cid=11170611211847156163,
Junidan-ya,ready,East Asian,2,$$,category estimate,"Kyoto, Kyoto, Japan, JP",shabu_shabu_restaurant,Asian casual,https://www.google.com/maps?cid=7866897119911620867,
JunTong SulLungTang,ready,East Asian,2,$$,category estimate,"Los Angeles, Los Angeles, CA, US",korean_restaurant,Asian casual,https://www.google.com/maps?cid=7701402989422337796,
JUQI,ready,East Asian,2,$$,category estimate,"Flushing, Flushing, NY, US",chinese_restaurant,Asian casual,https://www.google.com/maps?cid=11411540514451733034,
K’Daeng Mieng Kham,ready,East Asian,2,$$,category estimate,"Pak Kret District, Pak Kret District, Nonthaburi, Thailand, TH",restaurant,Asian casual,https://www.google.com/maps?cid=145497468825153939,
Kam Pik Restaurant,ready,East Asian,2,$$,category estimate,"Choi Hung Estate, Choi Hung Estate, Hong Kong, HK",chinese_restaurant,Asian casual,https://www.google.com/maps?cid=14452630860234334750,
Kam's Roast Goose,ready,East Asian,2,$$,category estimate,"Wan Chai, Wan Chai, Hong Kong, HK",cantonese_restaurant,Asian casual,https://www.google.com/maps?cid=10755535674325808389,
Kamcentre Roast Goose,ready,East Asian,2,$$,category estimate,"Causeway Bay, Causeway Bay, Hong Kong, HK",cantonese_restaurant,Want to go,https://www.google.com/maps?cid=14812527072965632271,
Kamonegi,ready,East Asian,2,$$,category estimate,"Seattle, Seattle, WA, US",japanese_restaurant,Asian casual,https://www.google.com/maps?cid=12644251190606183668,
Kar Son,ready,East Asian,2,$$,category estimate,"Los Angeles, Los Angeles, CA, US",chinese_restaurant,Asian casual,https://www.google.com/maps?cid=6379261312165545709,
Kazariya,ready,East Asian,2,$$,category estimate,"Kyoto, Kyoto, Japan, JP",japanese_sweets_restaurant,Asian casual,https://www.google.com/maps?cid=8528943179837976855,
Keng Eng Kee Seafood @ Alexandra Village,ready,East Asian,2,$$,category estimate,"Singapore, SG",seafood_restaurant,Asian casual,https://www.google.com/maps?cid=12655696888150317020,
Kichi Kichi Omurice,ready,East Asian,2,$$,category estimate,"Kyoto, Kyoto, Japan, JP",japanized_western_restaurant,Asian casual,https://www.google.com/maps?cid=11015035326870229940,
King Pork Wan Nian Store,ready,East Asian,2,$$,category estimate,"Ximen Village, Ximen Village, Wanhua District, Taipei City, Taiwan, TW",chinese_restaurant,Asian casual,https://www.google.com/maps?cid=12167160044789304651,
Kinjo’s Izakaya,ready,East Asian,2,$$,category estimate,"Central, Central, Hong Kong, HK",izakaya_restaurant,Asian casual,https://www.google.com/maps?cid=17106003974746400207,
KJUN,ready,East Asian,2,$$,category estimate,"New York, New York, NY, US",korean_restaurant,Asian casual,https://www.google.com/maps?cid=6351316459628397701,
KOBA,ready,East Asian,2,$$,category estimate,"London, London, United Kingdom, GB",korean_barbecue_restaurant,Asian casual,https://www.google.com/maps?cid=16385073017192208751,
Kobawoo House,ready,East Asian,2,$$,category estimate,"Los Angeles, Los Angeles, CA, US",korean_restaurant,Asian casual,https://www.google.com/maps?cid=14324180230867411735,
konban NYC,ready,East Asian,2,$$,category estimate,"New York, New York, NY, US",izakaya_restaurant,Asian casual,https://www.google.com/maps?cid=12785811528062615373,
Konjiki,ready,East Asian,2,$$,category estimate,"London, London, United Kingdom, GB",japanese_restaurant,Asian casual,https://www.google.com/maps?cid=15258792001562444239,
Kru | Contemporary Japanese Cuisine,ready,East Asian,2,$$,category estimate,"Sacramento, Sacramento, CA, US",japanese_restaurant,Asian casual,https://www.google.com/maps?cid=11811366522740469602,
Kuromon Aquatic Cuisine (Causeway Bay),ready,East Asian,2,$$,category estimate,"Causeway Bay, Causeway Bay, Hong Kong, HK",seafood_restaurant,Asian casual,https://www.google.com/maps?cid=6346022826154349602,
Kwan Kee Claypot Rice,ready,East Asian,2,$$,category estimate,"Sai Ying Pun, Sai Ying Pun, Hong Kong, HK",cantonese_restaurant,Asian casual,https://www.google.com/maps?cid=9198654695205104473,
Kyoto Hyoto Shabu Shabu Shibuya,ready,East Asian,2,$$,category estimate,"Shibuya, Shibuya, Tokyo, Japan, JP",shabu_shabu_restaurant,Asian casual,https://www.google.com/maps?cid=6720015662759145389,
Kyoto Rikyu – Odashi & Dashimaki,ready,East Asian,2,$$,category estimate,"Kyoto, Kyoto, Japan, JP",japanese_restaurant,Asian casual,https://www.google.com/maps?cid=12638341034415544556,
Kyoto Wagyu Tonkatsu Ten no Meshi LA,ready,East Asian,2,$$,category estimate,"Los Angeles, Los Angeles, CA, US",restaurant,Asian casual,https://www.google.com/maps?cid=7971141352478688887,
LAI's Kitchen,ready,East Asian,2,$$,category estimate,"Wan Chai, Wan Chai, Hong Kong, HK",cantonese_restaurant,Asian casual,https://www.google.com/maps?cid=5359534459468967221,
LAN NOODLE,ready,East Asian,2,$$,category estimate,"West Hollywood, West Hollywood, CA, US",chinese_noodle_restaurant,Asian casual,https://www.google.com/maps?cid=1588193434346850503,
Lanzhou Beef Noodle,ready,East Asian,2,$$,category estimate,"Arcadia, Arcadia, CA, US",chinese_noodle_restaurant,Asian casual,https://www.google.com/maps?cid=5232616021620778016,
Lanzhou Lamian Noodle Bar,ready,East Asian,2,$$,category estimate,"London, London, United Kingdom, GB",chinese_noodle_restaurant,Asian casual,https://www.google.com/maps?cid=3552124610741458784,
Lim Lao Sar Fishball Noodle,ready,East Asian,2,$$,category estimate,"Samphanthawong, Samphanthawong, Bangkok, Thailand, TH",chinese_noodle_restaurant,Asian casual,https://www.google.com/maps?cid=13442143013621408054,
Lippo Chiuchow Restaurant,ready,East Asian,2,$$,category estimate,"Central, Central, Hong Kong, HK",chinese_restaurant,Asian casual,https://www.google.com/maps?cid=5739243889950030970,
Locanda dell' Angelo hong kong,ready,East Asian,2,$$,category estimate,"Happy Valley, Happy Valley, Hong Kong, HK",continental_restaurant,Western nicer,https://www.google.com/maps?cid=10808736323097333598,
London Chinese Restaurant,ready,East Asian,2,$$,category estimate,"Mong Kok, Mong Kok, Hong Kong, HK",cantonese_restaurant,Asian casual,https://www.google.com/maps?cid=10375725650094988156,
Longo Seafood Restaurant,ready,East Asian,2,$$,category estimate,"Rosemead, Rosemead, CA, US",seafood_restaurant,Asian casual,https://www.google.com/maps?cid=12025544167802575917,
Luen Fat Restaurant,ready,East Asian,2,$$,category estimate,"Kowloon City, Kowloon City, Hong Kong, HK",cha_chaan_teng_hong_kong_style_cafe,Asian casual,https://www.google.com/maps?cid=8468863538901931507,
lulu BAOBAO 手工拉麵小籠包 [ Wong Chuk Hang ],ready,East Asian,2,$$,category estimate,"Wong Chuk Hang, Wong Chuk Hang, Hong Kong, HK",chinese_restaurant,Asian casual; Want to go,https://www.google.com/maps?cid=15715668964593825612,
Lunette,ready,East Asian,2,$$,category estimate,"San Francisco, San Francisco, CA, US",cambodian_restaurant,Asian casual; Want to go,https://www.google.com/maps?cid=15858702250847672950,
Lung Gei Siu Ceoi,ready,East Asian,2,$$,category estimate,"Ngau Tau Kok, Ngau Tau Kok, Hong Kong, HK",chinese_restaurant,Asian casual,https://www.google.com/maps?cid=17580441851696460192,
Mahakala,ready,East Asian,2,$$,category estimate,"Meguro City, Meguro City, Tokyo, Japan, JP",izakaya_restaurant,Asian casual,https://www.google.com/maps?cid=18117784807553610565,
Majordomo,ready,East Asian,2,$$,category estimate,"Los Angeles, Los Angeles, CA, US",californian_restaurant,Asian casual,https://www.google.com/maps?cid=3026009850825702574,
Man Fai Octopus Ball Noodles,ready,East Asian,2,$$,category estimate,"Causeway Bay, Causeway Bay, Hong Kong, HK",chinese_noodle_restaurant,Asian casual,https://www.google.com/maps?cid=6632294658380678816,
Mandalay Restaurant,ready,East Asian,2,$$,category estimate,"San Francisco, San Francisco, CA, US",burmese_restaurant,Asian casual,https://www.google.com/maps?cid=8686963272104716245,
Master HA Korean Restaurant,ready,East Asian,2,$$,category estimate,"Los Angeles, Los Angeles, CA, US",korean_restaurant,Asian casual,https://www.google.com/maps?cid=6592114655995837318,
Matsunori Handroll Bar,ready,East Asian,2,$$,category estimate,"Boston, Boston, MA, US",japanese_restaurant,Asian casual,https://www.google.com/maps?cid=6332589871502006517,
Mawn,ready,East Asian,2,$$,category estimate,"Philadelphia, Philadelphia, PA, US",noodle_shop,Asian casual,https://www.google.com/maps?cid=8357116936547947166,
MENSHO TOKYO,ready,East Asian,2,$$,category estimate,"Culver City, Culver City, CA, US",japanese_restaurant,Asian casual,https://www.google.com/maps?cid=18012499130590374072,
MIAN,ready,East Asian,2,$$,category estimate,"San Gabriel, San Gabriel, CA, US",chinese_restaurant,Asian casual,https://www.google.com/maps?cid=14161624587339441048,
Miến Cua 94 Chả Giò Cua Biển,ready,East Asian,2,$$,category estimate,"Ho Chi Minh, Ho Chi Minh, Vietnam, VN",seafood_restaurant,Asian casual,https://www.google.com/maps?cid=14051444820493972639,
Min Fong Hong,ready,East Asian,2,$$,category estimate,"Tsuen Wan, Tsuen Wan, Hong Kong, HK",restaurant,Default list,https://www.google.com/maps?cid=196336162539131499,
Min Gaa,ready,East Asian,2,$$,category estimate,"Causeway Bay, Causeway Bay, Hong Kong, HK",chinese_noodle_restaurant,Asian casual; Want to go,https://www.google.com/maps?cid=11031926185616527433,
Modurang Family Korean Restaurant,ready,East Asian,2,$$,category estimate,"Sacramento, Sacramento, CA, US",korean_restaurant,Asian casual,https://www.google.com/maps?cid=9888801161243773393,
"Moobongri Soondae (무봉리 순대), San Gabriel",ready,East Asian,2,$$,category estimate,"San Gabriel, San Gabriel, CA, US",korean_restaurant,Asian casual,https://www.google.com/maps?cid=38172947832594207,
Mountain House East Village,ready,East Asian,2,$$,category estimate,"New York, New York, NY, US",sichuan_restaurant,Asian casual,https://www.google.com/maps?cid=17250254986069682843,
MR DRAGON NOODLE HOUSE,ready,East Asian,2,$$,category estimate,"Rosemead, Rosemead, CA, US",chinese_noodle_restaurant,Asian casual,https://www.google.com/maps?cid=14761295754827486168,
Mr. Tin Hong Kong Cuisine,ready,East Asian,2,$$,category estimate,"Yau Ma Tei, Yau Ma Tei, Hong Kong, HK",chinese_noodle_restaurant,Asian casual,https://www.google.com/maps?cid=12864507709539752906,
My Burma,ready,East Asian,2,$$,category estimate,"Davis, Davis, CA, US",burmese_restaurant,Asian casual,https://www.google.com/maps?cid=13291546112320442543,
Myeongdong Seoseo Galbi,ready,East Asian,2,$$,category estimate,"Jung District, Jung District, Seoul, South Korea, KR",korean_barbecue_restaurant,Asian casual,https://www.google.com/maps?cid=3596579898648443051,
MYONGWOLGWAN,ready,East Asian,2,$$,category estimate,"Gwangjin District, Gwangjin District, Seoul, South Korea, KR",korean_restaurant,Asian casual,https://www.google.com/maps?cid=3027417417199881756,
n/soto,ready,East Asian,2,$$,category estimate,"Los Angeles, Los Angeles, CA, US",japanese_restaurant,Asian casual,https://www.google.com/maps?cid=12263855160605087232,
Nature Pagoda,ready,East Asian,2,$$,category estimate,"San Gabriel, San Gabriel, CA, US",chinese_restaurant,Asian casual,https://www.google.com/maps?cid=4713428738698745665,
NC Peking Duck,ready,East Asian,2,$$,category estimate,"City of Industry, City of Industry, CA, US",chinese_restaurant,Asian casual,https://www.google.com/maps?cid=10938211373425128083,
Nem by Summer Rolls,ready,East Asian,2,$$,category estimate,"San Gabriel, San Gabriel, CA, US",restaurant,Asian casual,https://www.google.com/maps?cid=438454478557439042,
Neon Pigeon,ready,East Asian,2,$$,category estimate,"Singapore, SG",japanese_restaurant,Asian casual,https://www.google.com/maps?cid=13260132120987538431,
Nga Bui Beef Noodle,ready,East Asian,2,$$,category estimate,"Ho Chi Minh, Ho Chi Minh, Vietnam, VN",restaurant,Asian casual,https://www.google.com/maps?cid=15336498910240793409,
Nihonbashi Kaisen Don Tsujihan,ready,East Asian,2,$$,category estimate,"Tung Chung, Tung Chung, Hong Kong, HK",seafood_donburi_restaurant,Asian casual,https://www.google.com/maps?cid=15635027673615893217,
Niigata Katsudon Tarekatsu - Shibuya Store,ready,East Asian,2,$$,category estimate,"Shibuya, Shibuya, Tokyo, Japan, JP",katsudon_restaurant,Asian casual,https://www.google.com/maps?cid=8676642902463844994,
Nikujiru Gyoza Dandadan Kappabashi,ready,East Asian,2,$$,category estimate,"Taito City, Taito City, Tokyo, Japan, JP",izakaya_restaurant,Asian casual,https://www.google.com/maps?cid=10568295989220631657,
Noodle Inn Soho,ready,East Asian,2,$$,category estimate,"London, London, United Kingdom, GB",chinese_restaurant,Asian casual,https://www.google.com/maps?cid=11243483831418263399,
Nopa Fish,ready,East Asian,2,$$,category estimate,"San Francisco, San Francisco, CA, US",fish_restaurant,Asian casual,https://www.google.com/maps?cid=2537720833758021282,
Nudibranch,ready,East Asian,2,$$,category estimate,"New York, New York, NY, US",korean_restaurant,Western nicer,https://www.google.com/maps?cid=919400322395941667,
Okonomiyaki Restaurant Chibo dotonbori bill,ready,East Asian,2,$$,category estimate,"Osaka, Osaka, Japan, JP",okonomiyaki_restaurant,Asian casual,https://www.google.com/maps?cid=11230990528616538865,
Okonomiyaki Sakaba O,ready,East Asian,2,$$,category estimate,"Osaka, Osaka, Japan, JP",okonomiyaki_restaurant,Asian casual,https://www.google.com/maps?cid=3751223342558892528,
Old Tree Daiwan Bee,ready,East Asian,2,$$,category estimate,"London, London, United Kingdom, GB",taiwanese_restaurant,Asian casual,https://www.google.com/maps?cid=12091309285033744687,
One Rice,ready,East Asian,2,$$,category estimate,"London, London, United Kingdom, GB",chinese_restaurant,Asian casual,https://www.google.com/maps?cid=16272743746369548999,
OTOTO,ready,East Asian,2,$$,category estimate,"Los Angeles, Los Angeles, CA, US",japanese_restaurant,Asian casual,https://www.google.com/maps?cid=7101015725860910614,
Oyakodon Senmonten Marukatsu,ready,East Asian,2,$$,category estimate,"Chuo City, Chuo City, Tokyo, Japan, JP",japanese_restaurant,Asian casual,https://www.google.com/maps?cid=13901795277619399429,
Pang's Kitchen,ready,East Asian,2,$$,category estimate,"Happy Valley, Happy Valley, Hong Kong, HK",cantonese_restaurant,Asian casual,https://www.google.com/maps?cid=9682722937358005850,
Pecking House Chinatown,ready,East Asian,2,$$,category estimate,"New York, New York, NY, US",chinese_restaurant,Asian casual,https://www.google.com/maps?cid=15684591585717156390,
PERILLA korean fare,ready,East Asian,2,$$,category estimate,"Chicago, Chicago, IL, US",korean_restaurant,Asian casual,https://www.google.com/maps?cid=4233661795625122841,
Perilla LA,ready,East Asian,2,$$,category estimate,"Los Angeles, Los Angeles, CA, US",korean_restaurant,Asian casual,https://www.google.com/maps?cid=11238250638183203712,
Phnom Penh Noodle Shack,ready,East Asian,2,$$,category estimate,"Long Beach, Long Beach, CA, US",cambodian_restaurant,Asian casual,https://www.google.com/maps?cid=13696021786380741209,
Piglet & Co,ready,East Asian,2,$$,category estimate,"San Francisco, San Francisco, CA, US",restaurant,Asian casual,https://www.google.com/maps?cid=18225359374372042980,
Pigya,ready,East Asian,2,$$,category estimate,"Los Angeles, Los Angeles, CA, US",korean_barbecue_restaurant,Asian casual,https://www.google.com/maps?cid=10988420366142634477,
Pine and Crane DTLA,ready,East Asian,2,$$,category estimate,"Los Angeles, Los Angeles, CA, US",taiwanese_restaurant,Asian casual,https://www.google.com/maps?cid=7209211586548480392,
Pine and Crane Silverlake,ready,East Asian,2,$$,category estimate,"Los Angeles, Los Angeles, CA, US",taiwanese_restaurant,Asian casual,https://www.google.com/maps?cid=3108858015985676133,
Porker,ready,East Asian,2,$$,category estimate,"Central, Central, Hong Kong, HK",tonkatsu_restaurant,Asian casual,https://www.google.com/maps?cid=8210609337519757393,
Pungcheon Jangeo(eel),ready,East Asian,2,$$,category estimate,"Mapo-gu, Mapo-gu, Seoul, South Korea, KR",unagi_restaurant,Asian casual,https://www.google.com/maps?cid=8320266019169448813,
Quán Thuý 94 - Miến Cua,ready,East Asian,2,$$,category estimate,"Ho Chi Minh, Ho Chi Minh, Vietnam, VN",seafood_restaurant,Asian casual,https://www.google.com/maps?cid=2610750245937094978,
Red Seasons Restaurant,ready,East Asian,2,$$,category estimate,"Tuen Mun, Tuen Mun, Hong Kong, HK",chinese_restaurant,Asian casual,https://www.google.com/maps?cid=13406102399509100169,
Rempah Noodles,ready,East Asian,2,$$,category estimate,"Wan Chai, Wan Chai, Hong Kong, HK",singaporean_restaurant,Asian casual,https://www.google.com/maps?cid=6306084972835171740,
Restoran Char Siew Yoong,ready,East Asian,2,$$,category estimate,"Kuala Lumpur, Kuala Lumpur, Federal Territory of Kuala Lumpur, Malaysia, MY",chinese_restaurant,Asian casual,https://www.google.com/maps?cid=16125484520753290085,
Restoran S.K Lim,ready,East Asian,2,$$,category estimate,"Subang Jaya, Subang Jaya, Selangor, Malaysia, MY",chinese_restaurant,Asian casual,https://www.google.com/maps?cid=16407476686605242913,
Restoran Siu Siu,ready,East Asian,2,$$,category estimate,"Kuala Lumpur, Kuala Lumpur, Federal Territory of Kuala Lumpur, Malaysia, MY",chinese_restaurant,Asian casual,https://www.google.com/maps?cid=11419784926243898159,
Rich Crab,ready,East Asian,2,$$,category estimate,"Los Angeles, Los Angeles, CA, US",restaurant,Asian casual,https://www.google.com/maps?cid=4930399913428602049,
Rintaro,ready,East Asian,2,$$,category estimate,"San Francisco, San Francisco, CA, US",izakaya_restaurant,Asian casual,https://www.google.com/maps?cid=16233121339072713172,
ROKA Charlotte Street,ready,East Asian,2,$$,Google Places,"London, London, United Kingdom, GB",japanese_restaurant,Asian casual,https://www.google.com/maps?cid=9758376026929083999,
ROKA Mayfair,ready,East Asian,2,$$,category estimate,"London, London, United Kingdom, GB",japanese_restaurant,Asian casual,https://www.google.com/maps?cid=6424872369403411065,
Royal China (Chinatown),ready,East Asian,2,$$,category estimate,"London, London, United Kingdom, GB",chinese_restaurant,Asian casual,https://www.google.com/maps?cid=4225590080054404801,
RVR,ready,East Asian,2,$$,category estimate,"Venice, Venice, CA, US",japanese_restaurant,Asian casual,https://www.google.com/maps?cid=613581322908851085,
Saengchai Phochana,ready,East Asian,2,$$,category estimate,"Khlong Toei, Khlong Toei, Bangkok, Thailand, TH",porridge_restaurant,Asian casual,https://www.google.com/maps?cid=14171531352865327723,
Saigon Sandwich,ready,East Asian,2,$$,category estimate,"San Francisco, San Francisco, CA, US",sandwich_shop,Asian casual,https://www.google.com/maps?cid=8098574517201545436,
SAKABA MASAKA,ready,East Asian,2,$$,category estimate,"Central, Central, Hong Kong, HK",izakaya_restaurant,Asian casual; Want to go,https://www.google.com/maps?cid=15617383384496387297,
San Choi Noodle,ready,East Asian,2,$$,category estimate,"Causeway Bay, Causeway Bay, Hong Kong, HK",chinese_noodle_restaurant,Asian casual,https://www.google.com/maps?cid=2644986256674319222,
Sanbaka,ready,East Asian,2,$$,category estimate,"Chiyoda City, Chiyoda City, Tokyo, Japan, JP",japanese_restaurant,Asian casual,https://www.google.com/maps?cid=5860356426104184460,
Sanuki Udon Byakuan,ready,East Asian,2,$$,category estimate,"Osaka, Osaka, Japan, JP",udon_noodle_restaurant,Asian casual,https://www.google.com/maps?cid=17593181254953422624,
Seafood 2B,ready,East Asian,2,$$,category estimate,"Ho Chi Minh, Ho Chi Minh, Vietnam, VN",seafood_restaurant,Asian casual,https://www.google.com/maps?cid=9385247050637650379,
Seogwan by Yellowcow Kbbq 서관면옥,ready,East Asian,2,$$,category estimate,"Los Angeles, Los Angeles, CA, US",korean_barbecue_restaurant,Asian casual; Want to go,https://www.google.com/maps?cid=7635795877680498778,
Seong Buk Dong,ready,East Asian,2,$$,category estimate,"Los Angeles, Los Angeles, CA, US",korean_restaurant,Asian casual,https://www.google.com/maps?cid=3365274648335272145,
Seorae,ready,East Asian,2,$$,category estimate,"Tsim Sha Tsui, Tsim Sha Tsui, Hong Kong, HK",korean_barbecue_restaurant,Asian casual,https://www.google.com/maps?cid=878659649825919516,
Shabu Shack,ready,East Asian,2,$$,category estimate,"Davis, Davis, CA, US",shabu_shabu_restaurant,Asian casual,https://www.google.com/maps?cid=9404644986953421756,
Sheung Hei,ready,East Asian,2,$$,category estimate,"Kennedy Town, Kennedy Town, Hong Kong, HK",cantonese_restaurant,Asian casual,https://www.google.com/maps?cid=15101370093204542642,
Shui Kee,ready,East Asian,2,$$,category estimate,"Central, Central, Hong Kong, HK",chinese_noodle_restaurant,Asian casual,https://www.google.com/maps?cid=15810608433815912594,
Sichuan Impression,ready,East Asian,2,$$,Google Places,"Alhambra, Alhambra, CA, US",chinese_restaurant,Asian casual,https://www.google.com/maps?cid=9779893004379815837,
Sing Heung Yuen,ready,East Asian,2,$$,category estimate,"Central, Central, Hong Kong, HK",hong_kong_style_fast_food_restaurant,Asian casual,https://www.google.com/maps?cid=4104718539208935543,
Singapulah London,ready,East Asian,2,$$,category estimate,"London, London, United Kingdom, GB",singaporean_restaurant,Asian casual,https://www.google.com/maps?cid=11551403704315221259,
Sister Wah Beef Brisket,ready,East Asian,2,$$,category estimate,"Causeway Bay, Causeway Bay, Hong Kong, HK",chinese_noodle_restaurant,Asian casual,https://www.google.com/maps?cid=8770216752632045996,
Sit Lo Saigon,ready,East Asian,2,$$,category estimate,"Davis, Davis, CA, US",pho_restaurant,Asian casual,https://www.google.com/maps?cid=12447802485466190604,
Soosanghan Pocha 수상한포차,ready,East Asian,2,$$,category estimate,"Palisades Park, Palisades Park, NJ, US",korean_restaurant,Asian casual,https://www.google.com/maps?cid=7061059336284610201,
Soot Bull Jip,ready,East Asian,2,$$,category estimate,"Los Angeles, Los Angeles, CA, US",korean_barbecue_restaurant,Asian casual,https://www.google.com/maps?cid=16685154912665347662,
Soowon Galbi,ready,East Asian,2,$$,category estimate,"Los Angeles, Los Angeles, CA, US",korean_barbecue_restaurant,Asian casual,https://www.google.com/maps?cid=11734006477412438292,
Su Su Gourmet,ready,East Asian,2,$$,category estimate,"Boston, Boston, MA, US",chinese_restaurant,Asian casual,https://www.google.com/maps?cid=3717628362072021440,
SUKI DESU,ready,East Asian,2,$$,category estimate,"New York, New York, NY, US",japanese_restaurant,Asian casual,https://www.google.com/maps?cid=3020079620172908566,
Sun Hon Kee Restaurant,ready,East Asian,2,$$,category estimate,"Fanling, Fanling, Hong Kong, HK",chinese_restaurant,Asian casual,https://www.google.com/maps?cid=6327189102239782310,
Sun King Yuen Curry Restaurant,ready,East Asian,2,$$,category estimate,"Wan Chai, Wan Chai, Hong Kong, HK",cantonese_restaurant,Asian casual,https://www.google.com/maps?cid=18273641364991116596,
Sun Yuen Restaurant,ready,East Asian,2,$$,category estimate,"Sheung Wan, Sheung Wan, Hong Kong, HK",chinese_restaurant,Asian casual,https://www.google.com/maps?cid=10611655813956736239,
TAI ER SICHUAN CUISINE 太二川菜 (ARCADIA),ready,East Asian,2,$$,category estimate,"Arcadia, Arcadia, CA, US",restaurant,Asian casual,https://www.google.com/maps?cid=6390945349723095153,
Tai Ping Koon Restaurant (Tsim Sha Tsui),ready,East Asian,2,$$,category estimate,"Tsim Sha Tsui, Tsim Sha Tsui, Hong Kong, HK",western_restaurant,Asian casual,https://www.google.com/maps?cid=1599954500126178705,
Taniya Sanuki Udon,ready,East Asian,2,$$,category estimate,"Chuo City, Chuo City, Tokyo, Japan, JP",udon_noodle_restaurant,Asian casual,https://www.google.com/maps?cid=15762964467419992505,
Tendon Tempura Carlos Jr.,ready,East Asian,2,$$,category estimate,"Pasadena, Pasadena, CA, US",restaurant,Asian casual,https://www.google.com/maps?cid=3845390507426226327,
Tensuzu,ready,East Asian,2,$$,category estimate,"Taito City, Taito City, Tokyo, Japan, JP",tempura_restaurant,Asian casual,https://www.google.com/maps?cid=12560826116939901515,
Tenyou Yamashina,ready,East Asian,2,$$,category estimate,"Kyoto, Kyoto, Japan, JP",yakiniku_restaurant,Asian casual,https://www.google.com/maps?cid=4874857636368989417,
Thipsamai,ready,East Asian,2,$$,category estimate,"Pathum Wan, Pathum Wan, Bangkok, Thailand, TH",noodle_shop,Asian casual,https://www.google.com/maps?cid=4172396695653531113,
Thonglorhk 銅羅,ready,East Asian,2,$$,category estimate,"Kowloon City, Kowloon City, Hong Kong, HK",restaurant,Asian casual,https://www.google.com/maps?cid=17454950707913733124,
ThongSmith Hong Kong,ready,East Asian,2,$$,category estimate,"Wan Chai, Wan Chai, Hong Kong, HK",restaurant,Asian casual,https://www.google.com/maps?cid=958368773878862469,
Toakari,ready,East Asian,2,$$,category estimate,"Shibuya, Shibuya, Tokyo, Japan, JP",teppanyaki_restaurant,Asian casual,https://www.google.com/maps?cid=1096120473119217762,
Tonkatsu Hinata,ready,East Asian,2,$$,category estimate,"Shinjuku City, Shinjuku City, Tokyo, Japan, JP",tonkatsu_restaurant,Asian casual,https://www.google.com/maps?cid=10213202112042094578,
Tonkatsu Narikura,ready,East Asian,2,$$,category estimate,"Suginami City, Suginami City, Tokyo, Japan, JP",tonkatsu_restaurant,Asian casual,https://www.google.com/maps?cid=3662047457073377707,
tonkatsu.jp Omotesando,ready,East Asian,2,$$,category estimate,"Minato City, Minato City, Tokyo, Japan, JP",tonkatsu_restaurant,Asian casual,https://www.google.com/maps?cid=4966259068702203866,
Torikizoku,ready,East Asian,2,$$,category estimate,"Torrance, Torrance, CA, US",authentic_japanese_restaurant,Asian casual,https://www.google.com/maps?cid=4125190522075042716,
Torisoba Sumiya,ready,East Asian,2,$$,category estimate,"Los Angeles, Los Angeles, CA, US",japanese_restaurant,Asian casual,https://www.google.com/maps?cid=11872871306430846059,
Tsim Chai Kee Noodle,ready,East Asian,2,$$,category estimate,"Central, Central, Hong Kong, HK",chinese_noodle_restaurant,Asian casual,https://www.google.com/maps?cid=8380974872586493257,
TSUKE Artisan Noodle,ready,East Asian,2,$$,category estimate,"Pasadena, Pasadena, CA, US",japanese_restaurant,Asian casual,https://www.google.com/maps?cid=7386001688049516836,
Udon Buzjenbo,ready,East Asian,2,$$,category estimate,"Meguro City, Meguro City, Tokyo, Japan, JP",udon_noodle_restaurant,Asian casual,https://www.google.com/maps?cid=10455533256955071879,
Udon Kuranosuke,ready,East Asian,2,$$,category estimate,"Toshima City, Toshima City, Tokyo, Japan, JP",udon_noodle_restaurant,Asian casual,https://www.google.com/maps?cid=13045900681275712245,
Udon Maruka,ready,East Asian,2,$$,category estimate,"Chiyoda City, Chiyoda City, Tokyo, Japan, JP",udon_noodle_restaurant,Asian casual,https://www.google.com/maps?cid=3161639011061130460,
Udon Shin,ready,East Asian,2,$$,category estimate,"Shibuya, Shibuya, Tokyo, Japan, JP",udon_noodle_restaurant,Asian casual,https://www.google.com/maps?cid=5413784674946717542,
Um Yong Baek 엄용백,ready,East Asian,2,$$,category estimate,"Central, Central, Hong Kong, HK",korean_restaurant,Asian casual; Want to go,https://www.google.com/maps?cid=1888889998815702516,
Unagi Hitsumabushi Sumiyagura Kyōto Shijō Kawaramachi,ready,East Asian,2,$$,category estimate,"Kyoto, Kyoto, Japan, JP",unagi_restaurant,Asian casual,https://www.google.com/maps?cid=1188674862680642050,
Unagi Yondaime Kikukawa Causeway Bay,ready,East Asian,2,$$,category estimate,"Causeway Bay, Causeway Bay, Hong Kong, HK",unagi_restaurant,Asian casual,https://www.google.com/maps?cid=14912524079104611671,
Usagiya,ready,East Asian,2,$$,category estimate,"Osaka, Osaka, Japan, JP",okonomiyaki_restaurant,Asian casual,https://www.google.com/maps?cid=9197760893234292848,
Ut Coi crab noodle soup,ready,East Asian,2,$$,category estimate,"Ha Noi, Ha Noi, Vietnam, VN",noodle_shop,Asian casual,https://www.google.com/maps?cid=1923837288938868327,
Uzuki,ready,East Asian,2,$$,category estimate,"Brooklyn, Brooklyn, NY, US",japanese_restaurant,Asian casual,https://www.google.com/maps?cid=1591361941834573726,
Very Good Luck Fast Food Shop,ready,East Asian,2,$$,category estimate,"Lai Chi Kok, Lai Chi Kok, Hong Kong, HK",cha_chaan_teng_hong_kong_style_cafe,Asian casual,https://www.google.com/maps?cid=8590429411278926015,
Western Doma Noodles,ready,East Asian,2,$$,category estimate,"Los Angeles, Los Angeles, CA, US",korean_restaurant,Asian casual,https://www.google.com/maps?cid=12588317307521346748,
Win Son,ready,East Asian,2,$$,category estimate,"Brooklyn, Brooklyn, NY, US",taiwanese_restaurant,Asian casual,https://www.google.com/maps?cid=5348151006404612670,
Wing Hap Lung Restaurant,ready,East Asian,2,$$,category estimate,"Prince Edward, Prince Edward, Hong Kong, HK",cantonese_restaurant,Asian casual,https://www.google.com/maps?cid=1140596297526949900,
Wing Hop Shing Restaurant,ready,East Asian,2,$$,category estimate,"Sai Wan, Sai Wan, Hong Kong, HK",cantonese_restaurant,Asian casual,https://www.google.com/maps?cid=18267612753550907458,
Xihe Yayuan,ready,East Asian,2,$$,category estimate,"Tsim Sha Tsui, Tsim Sha Tsui, Hong Kong, HK",chinese_restaurant,Asian casual,https://www.google.com/maps?cid=7370074224885565348,
Xôi Gà Number One (Chính Gốc),ready,East Asian,2,$$,category estimate,"Ho Chi Minh, Ho Chi Minh, Vietnam, VN",restaurant,Asian casual,https://www.google.com/maps?cid=537166860481733933,
Yakiniku Nikudoushi - Kyoto Saiin,ready,East Asian,2,$$,category estimate,"Kyoto, Kyoto, Japan, JP",yakiniku_restaurant,Asian casual,https://www.google.com/maps?cid=15345529155341700165,
Yakiton Maa Chan,ready,East Asian,2,$$,category estimate,"Taito City, Taito City, Tokyo, Japan, JP",izakaya_restaurant,Asian casual,https://www.google.com/maps?cid=13900819344312448739,
Yamanoya,ready,East Asian,2,$$,category estimate,"Kyoto, Kyoto, Japan, JP",syokudo_and_teishoku_restaurant,Asian casual,https://www.google.com/maps?cid=5891969238621870621,
Yamo,ready,East Asian,2,$$,category estimate,"San Francisco, San Francisco, CA, US",burmese_restaurant,Asian casual,https://www.google.com/maps?cid=18304951286632463001,
Yang's Kitchen,ready,East Asian,2,$$,category estimate,"Alhambra, Alhambra, CA, US",asian_fusion_restaurant,Asian casual,https://www.google.com/maps?cid=13914054683256375191,
Yangmani,ready,East Asian,2,$$,category estimate,"Los Angeles, Los Angeles, CA, US",korean_restaurant,Asian casual,https://www.google.com/maps?cid=2262277417063123433,
Yardbird,ready,East Asian,2,$$,category estimate,"Sheung Wan, Sheung Wan, Hong Kong, HK",yakitori_restaurant,Asian casual,https://www.google.com/maps?cid=6475533875917067237,
Yat Lok Restaurant,ready,East Asian,2,$$,category estimate,"Central, Central, Hong Kong, HK",cantonese_restaurant,Asian casual,https://www.google.com/maps?cid=11204967095085820885,
Yeung Yan Kee Noodle Shop,ready,East Asian,2,$$,category estimate,"Sai Ying Pun, Sai Ying Pun, Hong Kong, HK",chinese_noodle_restaurant,Asian casual,https://www.google.com/maps?cid=7829407210481108552,
Yi Mei San Gabriel,ready,East Asian,2,$$,category estimate,"San Gabriel, San Gabriel, CA, US",taiwanese_restaurant,Casual,https://www.google.com/maps?cid=11851241955319322863,
Ying Kee Noodle,ready,East Asian,2,$$,category estimate,"Sai Ying Pun, Sai Ying Pun, Hong Kong, HK",chinese_noodle_restaurant,Asian casual,https://www.google.com/maps?cid=13566324445342181056,
Yo Yo's,ready,East Asian,2,$$,category estimate,"San Francisco, San Francisco, CA, US",japanese_restaurant,Asian casual,https://www.google.com/maps?cid=759253074998758053,
YOGORO,ready,East Asian,2,$$,category estimate,"Shibuya, Shibuya, Tokyo, Japan, JP",japanese_curry_restaurant,Asian casual,https://www.google.com/maps?cid=18018349025553492105,
Yotaro Honten,ready,East Asian,2,$$,category estimate,"Osaka, Osaka, Japan, JP",tempura_restaurant,Asian casual,https://www.google.com/maps?cid=12220566224983344769,
Yue Kee Roast Goose Restaurant,ready,East Asian,2,$$,category estimate,"Ting Kau, Ting Kau, Hong Kong, HK",cantonese_restaurant,Asian casual,https://www.google.com/maps?cid=11663224428888673699,
Yuk Dae Jang San Gabriel,ready,East Asian,2,$$,category estimate,"San Gabriel, San Gabriel, CA, US",korean_restaurant,Asian casual,https://www.google.com/maps?cid=15046606835613769625,
Yuk Kin Fast Food,ready,East Asian,2,$$,category estimate,"Sheung Wan, Sheung Wan, Hong Kong, HK",hong_kong_style_fast_food_restaurant,Asian casual,https://www.google.com/maps?cid=852464427184245394,
Yuki bar,ready,East Asian,2,$$,category estimate,"London, London, United Kingdom, GB",restaurant,Asian casual,https://www.google.com/maps?cid=12443940076957238568,
Yume Ga Arukara,ready,East Asian,2,$$,category estimate,"Cambridge, Cambridge, MA, US",udon_noodle_restaurant,Asian casual,https://www.google.com/maps?cid=10486221440957658875,
Yung's Roast Goose Restaurant,ready,East Asian,2,$$,category estimate,"Jordan, Jordan, Hong Kong, HK",meat_dish_restaurant,Asian casual,https://www.google.com/maps?cid=15289235609581525814,
한미축산유통,ready,East Asian,2,$$,category estimate,"Seongdong-gu, Seongdong-gu, Seoul, South Korea, KR",restaurant,Asian casual,https://www.google.com/maps?cid=8437478150989856966,
たこ焼き酒場 大屋,ready,East Asian,2,$$,category estimate,"Osaka, Osaka, Japan, JP",takoyaki_restaurant,Asian casual,https://www.google.com/maps?cid=16777223283615853836,
伽文晚飯小菜,ready,East Asian,2,$$,category estimate,"Tai Po, Tai Po, Hong Kong, HK",chinese_restaurant,Asian casual,https://www.google.com/maps?cid=5283141538004479022,
元朗合隆潮州粉麵,ready,East Asian,2,$$,category estimate,"Sheung Wan, Sheung Wan, Hong Kong, HK",restaurant,Asian casual,https://www.google.com/maps?cid=4364569260240813097,
勵進餐廳（台電酸菜白肉鍋）,ready,East Asian,2,$$,category estimate,"大安區, 大安區 Da’an District, Taipei City, Taiwan, TW",hot_pot_restaurant,Asian casual,https://www.google.com/maps?cid=6073768634444348323,
囍囍小食部,ready,East Asian,2,$$,category estimate,"To Kwa Wan, To Kwa Wan, Hong Kong, HK",snack_bar,Asian casual,https://www.google.com/maps?cid=6963710059725821825,
成都映象 Chengdu Impression,ready,East Asian,2,$$,category estimate,"Arcadia, Arcadia, CA, US",restaurant,Asian casual,https://www.google.com/maps?cid=3896296158645677709,
權記雲吞麵,ready,East Asian,2,$$,category estimate,"Central, Central, Hong Kong, HK",chinese_noodle_restaurant,Asian casual,https://www.google.com/maps?cid=7255459885166211507,
源品雞煲,ready,East Asian,2,$$,category estimate,"Tai Hang, Tai Hang, Hong Kong, HK",hot_pot_restaurant,Asian casual,https://www.google.com/maps?cid=4278783539396938691,
焼肉と釜焚きごはん 肉乃家,ready,East Asian,2,$$,category estimate,"Kobe, Kobe, Hyogo, Japan, JP",yakiniku_restaurant,Asian casual,https://www.google.com/maps?cid=7805649833530570938,
牛氣沖天清湯腩專門店,ready,East Asian,2,$$,category estimate,"Yuen Long, Yuen Long, Hong Kong, HK",chinese_noodle_restaurant,Asian casual,https://www.google.com/maps?cid=4245660223091756195,
祥囍煲仔小廚,ready,East Asian,2,$$,category estimate,"Shau Kei Wan, Shau Kei Wan, Hong Kong, HK",cantonese_restaurant,Asian casual,https://www.google.com/maps?cid=132097865343920768,
聚興家 Ju Xing Home,ready,East Asian,2,$$,category estimate,"Mong Kok, Mong Kok, Hong Kong, HK",mandarin_restaurant,Asian casual,https://www.google.com/maps?cid=10366263323563365401,
肴場あおもん,ready,East Asian,2,$$,category estimate,"Shibuya, Shibuya, Tokyo, Japan, JP",izakaya_restaurant,Asian casual,https://www.google.com/maps?cid=14364353533864193317,
船記 Ship Kee,ready,East Asian,2,$$,category estimate,"Wan Chai, Wan Chai, Hong Kong, HK",cantonese_restaurant,Asian casual,https://www.google.com/maps?cid=9648379603490226786,
襟江酒家 Kam Kong Restaurant (1909),ready,East Asian,2,$$,category estimate,"Mong Kok, Mong Kok, Hong Kong, HK",cantonese_restaurant,Asian casual; Default list,https://www.google.com/maps?cid=5168427478949962008,
金氏炒碼麵 짬뽕짬뽕,ready,East Asian,2,$$,category estimate,"Central, Central, Hong Kong, HK",korean_restaurant,Asian casual; Want to go,https://www.google.com/maps?cid=13304300456613373539,
80/20 Eighty Twenty,ready,Fine Dining,4,$$$$,category estimate,"Bang Rak, Bang Rak, Bangkok, Thailand, TH",restaurant,Fine dining,https://www.google.com/maps?cid=8357908146939974531,
A Casa do Porco Bar,ready,Fine Dining,4,$$$$,category estimate,"São Paulo, São Paulo - State of São Paulo, Brazil, BR",restaurant,Fine dining,https://www.google.com/maps?cid=16852272364333532682,
A'Barra,ready,Fine Dining,4,$$$$,category estimate,"Madrid, Madrid, Spain, ES",fine_dining_restaurant,Fine dining,https://www.google.com/maps?cid=8332118347426158702,
Aamanns 1921,ready,Fine Dining,4,$$$$,category estimate,"Copenhagen, Copenhagen, Denmark, DK",restaurant,Western nicer,https://www.google.com/maps?cid=14359203762400707343,
ADAM ALBIN,ready,Fine Dining,4,$$$$,category estimate,"Stockholm, Stockholm, Sweden, SE",fine_dining_restaurant,Fine dining,https://www.google.com/maps?cid=13947710078842838005,
aera,ready,Fine Dining,4,$$$$,category estimate,"Sheung Wan, Sheung Wan, Hong Kong, HK",fine_dining_restaurant,Western nicer,https://www.google.com/maps?cid=10675902950736550342,
AIRA,ready,Fine Dining,4,$$$$,category estimate,"Stockholm, Stockholm, Sweden, SE",fine_dining_restaurant,Fine dining,https://www.google.com/maps?cid=2509526130266439369,
Akelarre Restaurant | Pedro Subijana,ready,Fine Dining,4,$$$$,category estimate,"Donostia / San Sebastián, Donostia / San Sebastián, Spain, ES",fine_dining_restaurant,Fine dining,https://www.google.com/maps?cid=8148494774740271746,
Akoko,ready,Fine Dining,4,$$$$,category estimate,"London, London, United Kingdom, GB",west_african_restaurant,Fine dining,https://www.google.com/maps?cid=12770886826960802998,
AKUNA Restaurant,ready,Fine Dining,4,$$$$,category estimate,"Ho Chi Minh, Ho Chi Minh, Vietnam, VN",fine_dining_restaurant,Fine dining,https://www.google.com/maps?cid=5795395148375510766,
Alain Ducasse at The Dorchester,ready,Fine Dining,4,$$$$,category estimate,"London, London, United Kingdom, GB",modern_french_restaurant,Fine dining,https://www.google.com/maps?cid=4145658105376103405,
Alchemist,ready,Fine Dining,4,$$$$,category estimate,"Copenhagen Municipality, Copenhagen Municipality, Denmark, DK",fine_dining_restaurant,Fine dining,https://www.google.com/maps?cid=785939294926806503,
Alinea,ready,Fine Dining,4,$$$$,category estimate,"Chicago, Chicago, IL, US",fine_dining_restaurant,Fine dining,https://www.google.com/maps?cid=17086012509503489083,
Allora,ready,Fine Dining,4,$$$$,category estimate,"Sacramento, Sacramento, CA, US",italian_restaurant,Western nicer,https://www.google.com/maps?cid=13172056962919010503,
Alouette,ready,Fine Dining,4,$$$$,category estimate,"Copenhagen Municipality, Copenhagen Municipality, Denmark, DK",fine_dining_restaurant,Fine dining,https://www.google.com/maps?cid=16855344145948645940,
AlpiNN by Norbert Niederkofler,ready,Fine Dining,4,$$$$,category estimate,"Mareo, Mareo, Autonomous Province of Bolzano – South Tyrol, Italy, IT",restaurant,Fine dining,https://www.google.com/maps?cid=16435126260038978541,
AM par Alexandre Mazzia,ready,Fine Dining,4,$$$$,category estimate,"Marseille, Marseille, France, FR",fine_dining_restaurant,Fine dining,https://www.google.com/maps?cid=6439094579965418122,
Ambassadors Clubhouse,ready,Fine Dining,4,$$$$,category estimate,"London, London, United Kingdom, GB",punjabi_restaurant,Western nicer,https://www.google.com/maps?cid=8655409447685629783,
Animae,ready,Fine Dining,4,$$$$,category estimate,"San Diego, San Diego, CA, US",asian_restaurant,Western nicer,https://www.google.com/maps?cid=16666538206426215753,
Ankoma,ready,Fine Dining,4,$$$$,category estimate,"Causeway Bay, Causeway Bay, Hong Kong, HK",restaurant,Fine dining,https://www.google.com/maps?cid=4608532700086250584,
Aoc,ready,Fine Dining,4,$$$$,category estimate,"Copenhagen, Copenhagen, Denmark, DK",fine_dining_restaurant,Fine dining,https://www.google.com/maps?cid=9588460199047894731,
APONIENTE,ready,Fine Dining,4,$$$$,category estimate,"El Puerto de Santa María, El Puerto de Santa María, Spain, ES",fine_dining_restaurant,Fine dining,https://www.google.com/maps?cid=521805735648930199,
Arcane,ready,Fine Dining,4,$$$$,category estimate,"Central, Central, Hong Kong, HK",western_restaurant,Fine dining,https://www.google.com/maps?cid=14903797299492858275,
Arpège,ready,Fine Dining,4,$$$$,category estimate,"Paris, Paris, France, FR",haute_french_restaurant,Fine dining,https://www.google.com/maps?cid=17178096993307541465,
Arthur Surry Hills,ready,Fine Dining,4,$$$$,category estimate,"Surry Hills, Surry Hills NSW, Australia, AU",australian_restaurant,Fine dining,https://www.google.com/maps?cid=4488010374829367691,
Arzak,ready,Fine Dining,4,$$$$,category estimate,"Donostia / San Sebastián, Donostia / San Sebastián, Spain, ES",fine_dining_restaurant,Fine dining,https://www.google.com/maps?cid=12654512911765395255,
Asador Etxebarri,ready,Fine Dining,4,$$$$,category estimate,"Axpe-Martzaa / Axpe Marzana, Axpe-Martzaa / Axpe Marzana, Spain, ES",grill,Fine dining,https://www.google.com/maps?cid=3067759888287814678,
Atelier Binchotan,ready,Fine Dining,4,$$$$,category estimate,"Kuala Lumpur, Kuala Lumpur, Federal Territory of Kuala Lumpur, Malaysia, MY",restaurant,Fine dining,https://www.google.com/maps?cid=6398795438136379786,
Atelier Crenn,ready,Fine Dining,4,$$$$,category estimate,"San Francisco, San Francisco, CA, US",french_restaurant,Fine dining,https://www.google.com/maps?cid=11707832038030383689,
Atera,ready,Fine Dining,4,$$$$,category estimate,"New York, New York, NY, US",new_american_restaurant,Fine dining,https://www.google.com/maps?cid=7651445199135140306,
ATOMIX,ready,Fine Dining,4,$$$$,category estimate,"New York, New York, NY, US",korean_restaurant,Fine dining,https://www.google.com/maps?cid=14680199578814150213,
Auberge du Vieux Puits,ready,Fine Dining,4,$$$$,category estimate,"Fontjoncouse, Fontjoncouse, France, FR",fine_dining_restaurant,Fine dining,https://www.google.com/maps?cid=858188149940856679,
Avartana,ready,Fine Dining,4,$$$$,category estimate,"Chennai, Greater Chennai, Chennai, Greater Chennai, Tamil Nadu, India, IN",south_indian_restaurant,Fine dining,https://www.google.com/maps?cid=1617779788403168835,
Azurmendi jatetxea,ready,Fine Dining,4,$$$$,category estimate,"Uria, Uria, Spain, ES",fine_dining_restaurant,Fine dining,https://www.google.com/maps?cid=10419959699335549694,
Behind Restaurant,ready,Fine Dining,4,$$$$,category estimate,"London, London, United Kingdom, GB",fine_dining_restaurant,Fine dining,https://www.google.com/maps?cid=18403646762667836859,
Belcanto,ready,Fine Dining,4,$$$$,category estimate,"Lisbon, Lisbon, Portugal, PT",portuguese_restaurant,Fine dining,https://www.google.com/maps?cid=9265599208299512413,
Bell's,ready,Fine Dining,4,$$$$,category estimate,"Los Alamos, Los Alamos, CA, US",french_restaurant,Fine dining,https://www.google.com/maps?cid=13147058516972257766,
BELON,ready,Fine Dining,4,$$$$,category estimate,"Central, Central, Hong Kong, HK",french_restaurant,Fine dining,https://www.google.com/maps?cid=5152710039634143784,
Benares Mayfair,ready,Fine Dining,4,$$$$,category estimate,"London, London, United Kingdom, GB",fine_dining_restaurant,Fine dining,https://www.google.com/maps?cid=16536801048803766513,
Benu,ready,Fine Dining,4,$$$$,category estimate,"San Francisco, San Francisco, CA, US",fine_dining_restaurant,Fine dining,https://www.google.com/maps?cid=16915111327478262740,
Berners Tavern,ready,Fine Dining,4,$$$$,category estimate,"London, London, United Kingdom, GB",british_restaurant,Western nicer,https://www.google.com/maps?cid=6166386855590857079,
Birdsong,ready,Fine Dining,4,$$$$,category estimate,"San Francisco, San Francisco, CA, US",american_restaurant,Fine dining,https://www.google.com/maps?cid=10055297503267307804,
Boka,ready,Fine Dining,4,$$$$,category estimate,"Chicago, Chicago, IL, US",american_restaurant,Fine dining,https://www.google.com/maps?cid=4786586062365816212,
Boragó,ready,Fine Dining,4,$$$$,category estimate,"Vitacura, Vitacura, Chile, CL",chilean_restaurant,Fine dining,https://www.google.com/maps?cid=4165840737811702179,
Boury,ready,Fine Dining,4,$$$$,category estimate,"Roeselare, Roeselare, Belgium, BE",fine_dining_restaurant,Fine dining,https://www.google.com/maps?cid=4871750144029897647,
Californios,ready,Fine Dining,4,$$$$,category estimate,"San Francisco, San Francisco, CA, US",fine_dining_restaurant,Fine dining,https://www.google.com/maps?cid=8442746962918335853,
Casa Mono,ready,Fine Dining,4,$$$$,category estimate,"New York, New York, NY, US",spanish_restaurant,Western nicer,https://www.google.com/maps?cid=10292775770101598790,
Celera,ready,Fine Dining,4,$$$$,category estimate,"Makati City, Makati City, Metro Manila, Philippines, PH",restaurant,Fine dining,https://www.google.com/maps?cid=4528201701807171409,
CENSU TOKYO,ready,Fine Dining,4,$$$$,category estimate,"Shibuya, Shibuya, Tokyo, Japan, JP",japanese_restaurant,Fine dining,https://www.google.com/maps?cid=2666454894139991736,
Central,ready,Fine Dining,4,$$$$,category estimate,"Barranco, Barranco, Peru, PE",peruvian_restaurant,Fine dining,https://www.google.com/maps?cid=6871806548421292316,
Chapter One Restaurant,ready,Fine Dining,4,$$$$,category estimate,"Dublin 1, Dublin 1, Ireland, IE",fine_dining_restaurant,Fine dining,https://www.google.com/maps?cid=708522748158991526,
Chef's Table by Chef Art,ready,Fine Dining,4,$$$$,category estimate,"Watthana, Watthana, Bangkok, Thailand, TH",restaurant,Fine dining,https://www.google.com/maps?cid=4768050396556186386,
Cheval Blanc by Peter Knogl,ready,Fine Dining,4,$$$$,category estimate,"Basel, Basel, Switzerland, CH",fine_dining_restaurant,Fine dining,https://www.google.com/maps?cid=8462941042870939956,
Chez Bruce,ready,Fine Dining,4,$$$$,category estimate,"London, London, United Kingdom, GB",modern_european_restaurant,Western nicer,https://www.google.com/maps?cid=6261670286779794740,
Choux,ready,Fine Dining,4,$$$$,category estimate,"Amsterdam, Amsterdam, Netherlands, NL",restaurant,Fine dining,https://www.google.com/maps?cid=8966073913223497862,
Christopher Coutanceau,ready,Fine Dining,4,$$$$,category estimate,"La Rochelle, La Rochelle, France, FR",fine_dining_restaurant,Fine dining,https://www.google.com/maps?cid=8983290044945388976,
Ciel Bleu,ready,Fine Dining,4,$$$$,category estimate,"Amsterdam, Amsterdam, Netherlands, NL",restaurant,Fine dining,https://www.google.com/maps?cid=13844827734528662377,
Coque,ready,Fine Dining,4,$$$$,category estimate,"Madrid, Madrid, Spain, ES",fine_dining_restaurant,Fine dining,https://www.google.com/maps?cid=3514919010106454420,
Corenucopia by Clare Smyth,ready,Fine Dining,4,$$$$,category estimate,"London, London, United Kingdom, GB",fine_dining_restaurant,Want to go; Western nicer,https://www.google.com/maps?cid=17746103526762573672,
Cornus,ready,Fine Dining,4,$$$$,category estimate,"London, London, United Kingdom, GB",fine_dining_restaurant,Fine dining,https://www.google.com/maps?cid=10057155155642733840,
Cosme,ready,Fine Dining,4,$$$$,category estimate,"New York, New York, NY, US",mexican_restaurant,Fine dining,https://www.google.com/maps?cid=3833293956369346540,
Cristal Room by Anne-Sophie Pic,ready,Fine Dining,4,$$$$,category estimate,"Central, Central, Hong Kong, HK",restaurant,Fine dining,https://www.google.com/maps?cid=3842966034028104394,
Crown Shy,ready,Fine Dining,4,$$$$,category estimate,"New York, New York, NY, US",american_restaurant,Western nicer,https://www.google.com/maps?cid=15549094825839982866,
Cycene,ready,Fine Dining,4,$$$$,category estimate,"London, London, United Kingdom, GB",fine_dining_restaurant,Fine dining,https://www.google.com/maps?cid=17402613460307979558,
Cypsèle,ready,Fine Dining,4,$$$$,category estimate,"Paris, Paris, France, FR",restaurant,Fine dining,https://www.google.com/maps?cid=10048066919460382614,
Da Terra Restaurant,ready,Fine Dining,4,$$$$,category estimate,"London, London, United Kingdom, GB",modern_european_restaurant,Fine dining,https://www.google.com/maps?cid=17586875752991255345,
Da Vittorio Saigon,ready,Fine Dining,4,$$$$,category estimate,,,Fine dining,https://www.google.com/maps?cid=4548323249265791876,
Da Vittorio Shanghai,ready,Fine Dining,4,$$$$,category estimate,"Huangpu, Huangpu, China, CN",western_restaurant,Fine dining,https://www.google.com/maps?cid=13745583111622965793,
De Kas,ready,Fine Dining,4,$$$$,category estimate,"Amsterdam, Amsterdam, Netherlands, NL",fine_dining_restaurant,Fine dining,https://www.google.com/maps?cid=9088158947290760206,
De Librije,ready,Fine Dining,4,$$$$,category estimate,"Zwolle, Zwolle, Netherlands, NL",restaurant,Fine dining,https://www.google.com/maps?cid=2533018148294979042,
Dewakan Restaurant,ready,Fine Dining,4,$$$$,category estimate,"Kuala Lumpur, Kuala Lumpur, Federal Territory of Kuala Lumpur, Malaysia, MY",fine_dining_restaurant,Fine dining,https://www.google.com/maps?cid=5739520210191574613,
Disfrutar,ready,Fine Dining,4,$$$$,category estimate,"Barcelona, Barcelona, Spain, ES",fine_dining_restaurant,Fine dining,https://www.google.com/maps?cid=14810774391065622931,
DiverXO,ready,Fine Dining,4,$$$$,category estimate,"Madrid, Madrid, Spain, ES",fine_dining_restaurant,Fine dining,https://www.google.com/maps?cid=10924666925450625605,
Don Julio Parrilla,ready,Fine Dining,4,$$$$,category estimate,"Buenos Aires, Buenos Aires, Argentina, AR",grill,Fine dining,https://www.google.com/maps?cid=6868543431240214617,
DSTAgE,ready,Fine Dining,4,$$$$,category estimate,"Madrid, Madrid, Spain, ES",fine_dining_restaurant,Fine dining,https://www.google.com/maps?cid=13382965782164998111,
Einstein Gourmet,ready,Fine Dining,4,$$$$,category estimate,"St Gallen, St Gallen, Switzerland, CH",fine_dining_restaurant,Fine dining,https://www.google.com/maps?cid=8518309851399737457,
Ekstedt at The Yard,ready,Fine Dining,4,$$$$,category estimate,"London, London, United Kingdom, GB",fine_dining_restaurant,Fine dining,https://www.google.com/maps?cid=12982757319664238460,
El Celler de Can Roca,ready,Fine Dining,4,$$$$,category estimate,"Girona, Girona, Spain, ES",fine_dining_restaurant,Fine dining,https://www.google.com/maps?cid=2812091148598363386,
El Chato,ready,Fine Dining,4,$$$$,category estimate,"Alto, Bogota, Colombia, CO",restaurant,Fine dining,https://www.google.com/maps?cid=2177683351919525926,
Eleven Madison Park,ready,Fine Dining,4,$$$$,category estimate,"New York, New York, NY, US",fine_dining_restaurant,Fine dining,https://www.google.com/maps?cid=6220843085564913964,
ELKANO,ready,Fine Dining,4,$$$$,category estimate,"Getaria, Getaria, Spain, ES",fine_dining_restaurant,Western nicer,https://www.google.com/maps?cid=190781038226458500,
Emeril's,ready,Fine Dining,4,$$$$,category estimate,"New Orleans, New Orleans, LA, US",contemporary_louisiana_restaurant,Fine dining,https://www.google.com/maps?cid=7688214774754717053,
Enoteca Pinchiorri,ready,Fine Dining,4,$$$$,category estimate,"Florence, Florence, Metropolitan City of Florence, Italy, IT",fine_dining_restaurant,Fine dining,https://www.google.com/maps?cid=9132561147547903365,
Enrico Bartolini,ready,Fine Dining,4,$$$$,category estimate,"Milan, Milan, Metropolitan City of Milan, Italy, IT",fine_dining_restaurant,Fine dining,https://www.google.com/maps?cid=12672934582316441237,
Epicure,ready,Fine Dining,4,$$$$,category estimate,"Paris, Paris, France, FR",haute_french_restaurant,Fine dining,https://www.google.com/maps?cid=15361346635873547020,
ÉPURE,ready,Fine Dining,4,$$$$,category estimate,"Tsim Sha Tsui, Tsim Sha Tsui, Hong Kong, HK",haute_french_restaurant,Fine dining,https://www.google.com/maps?cid=14414049679375347723,
Escondido,ready,Fine Dining,4,$$$$,category estimate,"Yongsan District, Yongsan District, Seoul, South Korea, KR",mexican_restaurant,Fine dining,https://www.google.com/maps?cid=3939171919064978396,
Esmé,ready,Fine Dining,4,$$$$,category estimate,"Chicago, Chicago, IL, US",restaurant,Fine dining,https://www.google.com/maps?cid=15842570206866306325,
Estela,ready,Fine Dining,4,$$$$,category estimate,"New York, New York, NY, US",restaurant,Western nicer,https://www.google.com/maps?cid=1448415411111727216,
Evelyn's Table,ready,Fine Dining,4,$$$$,category estimate,"London, London, United Kingdom, GB",fine_dining_restaurant,Fine dining,https://www.google.com/maps?cid=2916535280006446999,
Ever Restaurant,ready,Fine Dining,4,$$$$,category estimate,"Chicago, Chicago, IL, US",restaurant,Fine dining,https://www.google.com/maps?cid=12216254539036779052,
Expendio de Maiz,ready,Fine Dining,4,$$$$,category estimate,"Cuauhtémoc, Mexico City, Mexico City, Mexico, MX",restaurant,Fine dining,https://www.google.com/maps?cid=9706918750662237026,
Fauna,ready,Fine Dining,4,$$$$,category estimate,"Guadalupe, Guadalupe, Baja California, Mexico, MX",restaurant,Fine dining,https://www.google.com/maps?cid=2721462878772136757,
Fiskebar,ready,Fine Dining,4,$$$$,category estimate,"Geneva, Geneva, Switzerland, CH",fine_dining_restaurant,Western nicer,https://www.google.com/maps?cid=15090744082205198396,
Flocons de Sel,ready,Fine Dining,4,$$$$,category estimate,"Megève, Megève, France, FR",hotel,Fine dining,https://www.google.com/maps?cid=9119439604260323324,
Florilège,ready,Fine Dining,4,$$$$,category estimate,"Minato City, Minato City, Tokyo, Japan, JP",french_restaurant,Fine dining,https://www.google.com/maps?cid=2928507772844958170,
Forge at Middleton Lodge Estate,ready,Fine Dining,4,$$$$,category estimate,"Richmond, Richmond, United Kingdom, GB",fine_dining_restaurant,Fine dining,https://www.google.com/maps?cid=16385926437636171417,
formel B,ready,Fine Dining,4,$$$$,category estimate,"Frederiksberg, Frederiksberg, Denmark, DK",fine_dining_restaurant,Fine dining,https://www.google.com/maps?cid=16179824580632040631,
Francescana at Maria Luigia,ready,Fine Dining,4,$$$$,category estimate,"Modena, Modena, Province of Modena, Italy, IT",fine_dining_restaurant,Fine dining,https://www.google.com/maps?cid=9956541103391313082,
Frantzén,ready,Fine Dining,4,$$$$,category estimate,"Stockholm, Stockholm, Sweden, SE",fine_dining_restaurant,Fine dining,https://www.google.com/maps?cid=1740043798843885046,
Freemasons At Wiswell,ready,Fine Dining,4,$$$$,category estimate,"Clitheroe, Clitheroe, United Kingdom, GB",restaurant,Fine dining,https://www.google.com/maps?cid=4095433132580108762,
FRESCO,ready,Fine Dining,4,$$$$,category estimate,"Krasnoyarsk, Krasnoyarsk, Russia, RU",restaurant,Fine dining,https://www.google.com/maps?cid=5438280656703953897,
Fyn Restaurant,ready,Fine Dining,4,$$$$,category estimate,"Cape Town, Cape Town, South Africa, ZA",restaurant,Fine dining,https://www.google.com/maps?cid=9473867220336384809,
Gabriel Kreuther,ready,Fine Dining,4,$$$$,category estimate,"New York, New York, NY, US",modern_french_restaurant,Fine dining,https://www.google.com/maps?cid=17166375559415804667,
Gaggan,ready,Fine Dining,4,$$$$,category estimate,"Watthana, Watthana, Bangkok, Thailand, TH",fine_dining_restaurant,Fine dining,https://www.google.com/maps?cid=9421799187593661952,
Georges Blanc · Restaurant Gastronomique,ready,Fine Dining,4,$$$$,category estimate,"Vonnas, Vonnas, France, FR",haute_french_restaurant,Fine dining,https://www.google.com/maps?cid=11757703777571968196,
Geranium,ready,Fine Dining,4,$$$$,category estimate,"Copenhagen, Copenhagen, Denmark, DK",fine_dining_restaurant,Fine dining,https://www.google.com/maps?cid=13094154965674940183,
Granite,ready,Fine Dining,4,$$$$,category estimate,"Paris, Paris, France, FR",haute_french_restaurant,Fine dining,https://www.google.com/maps?cid=2761659830589913013,
Gwen,ready,Fine Dining,4,$$$$,category estimate,"Los Angeles, Los Angeles, CA, US",fine_dining_restaurant,Western nicer,https://www.google.com/maps?cid=17217004795245542966,
Hajime,ready,Fine Dining,4,$$$$,category estimate,"Osaka, Osaka, Japan, JP",creative_cuisine_restaurant,Fine dining,https://www.google.com/maps?cid=16315036906105016071,
Haoma Bangkok,ready,Fine Dining,4,$$$$,category estimate,"Watthana, Watthana, Bangkok, Thailand, TH",fine_dining_restaurant,Fine dining,https://www.google.com/maps?cid=2362871564822450062,
Harbor House Inn,ready,Fine Dining,4,$$$$,category estimate,"Elk, Elk, CA, US",inn,Fine dining,https://www.google.com/maps?cid=4058153848593046497,
Heritage,ready,Fine Dining,4,$$$$,category estimate,"Long Beach, Long Beach, CA, US",restaurant,Fine dining,https://www.google.com/maps?cid=17721905840872874797,
HIDE,ready,Fine Dining,4,$$$$,category estimate,"London, London, United Kingdom, GB",modern_european_restaurant,Fine dining; Western nicer,https://www.google.com/maps?cid=12571541634905857256,
Hiša Franko,ready,Fine Dining,4,$$$$,category estimate,"Kobarid, Kobarid, Slovenia, SI",fine_dining_restaurant,Fine dining,https://www.google.com/maps?cid=451706219225608952,
Hof van Cleve,ready,Fine Dining,4,$$$$,category estimate,"Kruisem, Kruisem, Belgium, BE",fine_dining_restaurant,Fine dining,https://www.google.com/maps?cid=5019580620187941478,
Hommage,ready,Fine Dining,4,$$$$,category estimate,"Taito City, Taito City, Tokyo, Japan, JP",french_restaurant,Fine dining,https://www.google.com/maps?cid=12111461835774294931,
Hôtel L' Assiette Champenoise,ready,Fine Dining,4,$$$$,category estimate,"Tinqueux, Tinqueux, France, FR",hotel,Fine dining,https://www.google.com/maps?cid=5669214831233296298,
IGNI Fine Dining Restaurant,ready,Fine Dining,4,$$$$,category estimate,"London, London, United Kingdom, GB",fine_dining_restaurant,Western nicer,https://www.google.com/maps?cid=5731200078447646683,
ILIS,ready,Fine Dining,4,$$$$,category estimate,"Brooklyn, Brooklyn, NY, US",restaurant,Fine dining,https://www.google.com/maps?cid=2643351806534640145,
Indian Accent,ready,Fine Dining,4,$$$$,category estimate,"New Delhi, New Delhi, Delhi, India, IN",fine_dining_restaurant,Fine dining,https://www.google.com/maps?cid=18235984543408532518,
Inter Scaldes,ready,Fine Dining,4,$$$$,category estimate,"Kruiningen, Kruiningen, Netherlands, NL",restaurant,Fine dining,https://www.google.com/maps?cid=11290114522538516182,
JAAN By Kirk Westaway,ready,Fine Dining,4,$$$$,category estimate,"Singapore, SG",restaurant,Fine dining,https://www.google.com/maps?cid=13596414428476497600,
JEE,ready,Fine Dining,4,$$$$,category estimate,"Central, Central, Hong Kong, HK",cantonese_restaurant,Fine dining,https://www.google.com/maps?cid=8541093717435094785,
JL STUDIO,ready,Fine Dining,4,$$$$,category estimate,"Nantun District, Taichung City, Taiwan, TW",singaporean_restaurant,Fine dining,https://www.google.com/maps?cid=1003359279763691892,
Jônt,ready,Fine Dining,4,$$$$,category estimate,"Washington, Washington, DC, US",fine_dining_restaurant,Fine dining,https://www.google.com/maps?cid=14780435057147253388,
Kadeau,ready,Fine Dining,4,$$$$,category estimate,"Copenhagen, Copenhagen, Denmark, DK",fine_dining_restaurant,Fine dining,https://www.google.com/maps?cid=17692207346227886520,
Karen Torosyan | Bozar Restaurant,ready,Fine Dining,4,$$$$,category estimate,"Brussels, Brussels, Belgium, BE",fine_dining_restaurant,Fine dining,https://www.google.com/maps?cid=852849278769644139,
Kiln,ready,Fine Dining,4,$$$$,category estimate,"San Francisco, San Francisco, CA, US",fine_dining_restaurant,Fine dining,https://www.google.com/maps?cid=15476983298208337153,
King Hans Cellar,ready,Fine Dining,4,$$$$,category estimate,"Copenhagen, Copenhagen, Denmark, DK",fine_dining_restaurant,Fine dining,https://www.google.com/maps?cid=17047023721814532923,
Kjolle,ready,Fine Dining,4,$$$$,category estimate,"Barranco, Barranco, Peru, PE",restaurant,Fine dining,https://www.google.com/maps?cid=16501602222721309970,
L'Ambroisie,ready,Fine Dining,4,$$$$,category estimate,"Paris, Paris, France, FR",haute_french_restaurant,Fine dining,https://www.google.com/maps?cid=6545268280923392701,
L'Atelier Robuchon,ready,Fine Dining,4,$$$$,category estimate,"Geneva, Geneva, Switzerland, CH",french_restaurant,Fine dining,https://www.google.com/maps?cid=2976785552458487714,
L’Effervescence,ready,Fine Dining,4,$$$$,category estimate,"Minato City, Minato City, Tokyo, Japan, JP",haute_french_restaurant,Fine dining,https://www.google.com/maps?cid=16148763003083117490,
L'Enclume,ready,Fine Dining,4,$$$$,category estimate,"Grange-over-Sands, Grange-over-Sands, United Kingdom, GB",fine_dining_restaurant,Fine dining,https://www.google.com/maps?cid=12115559274918394866,
L’Osier,ready,Fine Dining,4,$$$$,category estimate,"Chuo City, Chuo City, Tokyo, Japan, JP",haute_french_restaurant,Fine dining,https://www.google.com/maps?cid=4632063334449475050,
La Cime,ready,Fine Dining,4,$$$$,category estimate,"Osaka, Osaka, Japan, JP",french_restaurant,Fine dining,https://www.google.com/maps?cid=17324493822690737557,
La Marine,ready,Fine Dining,4,$$$$,category estimate,"Noirmoutier-en-l'Île, Noirmoutier-en-l'Île, France, FR",fine_dining_restaurant,Fine dining,https://www.google.com/maps?cid=2267509554501268252,
La Pergola,ready,Fine Dining,4,$$$$,category estimate,"Rome, Rome, Metropolitan City of Rome Capital, Italy, IT",fine_dining_restaurant,Fine dining,https://www.google.com/maps?cid=3415200086311127769,
La Table de Colette,ready,Fine Dining,4,$$$$,category estimate,"Paris, Paris, France, FR",haute_french_restaurant,Fine dining,https://www.google.com/maps?cid=4071998697901931881,
La Truffière,ready,Fine Dining,4,$$$$,category estimate,"Paris, Paris, France, FR",haute_french_restaurant,Fine dining,https://www.google.com/maps?cid=13331799192156320432,
La Vague d'Or,ready,Fine Dining,4,$$$$,category estimate,"Saint-Tropez, Saint-Tropez, France, FR",fine_dining_restaurant,Fine dining,https://www.google.com/maps?cid=15077984474607172897,
La Villa Madie,ready,Fine Dining,4,$$$$,category estimate,"Cassis, Cassis, France, FR",fine_dining_restaurant,Fine dining,https://www.google.com/maps?cid=11993249943153465798,
Laimei Luzi,ready,Fine Dining,4,$$$$,category estimate,"Pudong, Pudong, China, CN",western_restaurant,Fine dining,https://www.google.com/maps?cid=4757007267548558190,
Lasarte,ready,Fine Dining,4,$$$$,category estimate,"Barcelona, Barcelona, Spain, ES",fine_dining_restaurant,Fine dining,https://www.google.com/maps?cid=16120092221816047104,
Lazy Bear,ready,Fine Dining,4,$$$$,category estimate,"San Francisco, San Francisco, CA, US",new_american_restaurant,Fine dining,https://www.google.com/maps?cid=9090089212916148498,
Le 1947 à Cheval Blanc,ready,Fine Dining,4,$$$$,category estimate,"Courchevel, Courchevel, France, FR",haute_french_restaurant,Fine dining,https://www.google.com/maps?cid=194421102487308585,
Le Bernardin,ready,Fine Dining,4,$$$$,category estimate,"New York, New York, NY, US",french_restaurant,Fine dining,https://www.google.com/maps?cid=7298340055988969067,
Le Calandrе,ready,Fine Dining,3,$$$,Google Places,"Sarmeola, Sarmeola, Province of Padua, Italy, IT",fine_dining_restaurant,Fine dining,https://www.google.com/maps?cid=13346066747702976936,
Le Chabichou - Hôtel & Spa,ready,Fine Dining,4,$$$$,category estimate,"Courchevel, Courchevel, France, FR",hotel,Fine dining,https://www.google.com/maps?cid=4499782520728444252,
Le Chantecler,ready,Fine Dining,4,$$$$,category estimate,"Nice, Nice, France, FR",haute_french_restaurant,Fine dining,https://www.google.com/maps?cid=17506359840332771366,
Le Châteaubriand,ready,Fine Dining,4,$$$$,category estimate,"Paris, Paris, France, FR",french_restaurant,Fine dining,https://www.google.com/maps?cid=1023628011633690808,
Le Cinq,ready,Fine Dining,4,$$$$,category estimate,"Paris, Paris, France, FR",fine_dining_restaurant,Fine dining,https://www.google.com/maps?cid=10403230837874187624,
Le Clarence,ready,Fine Dining,4,$$$$,category estimate,"Paris, Paris, France, FR",haute_french_restaurant,Fine dining,https://www.google.com/maps?cid=11879370148947669534,
Le Clos Des Sens,ready,Fine Dining,4,$$$$,category estimate,"Annecy, Annecy, France, FR",hotel,Fine dining,https://www.google.com/maps?cid=10840563891621858147,
Le Coucou,ready,Fine Dining,4,$$$$,category estimate,"New York, New York, NY, US",restaurant,Western nicer,https://www.google.com/maps?cid=15008473672031617693,
Le Louis XV-Alain Ducasse à l'Hôtel de Paris,ready,Fine Dining,4,$$$$,category estimate,"Monaco, MC",fine_dining_restaurant,Fine dining,https://www.google.com/maps?cid=6819657295104277743,
Le Petit Nice Passedat - Hôtel 5 étoiles Relais & Châteaux à Marseille,ready,Fine Dining,4,$$$$,category estimate,"Marseille, Marseille, France, FR",hotel,Fine dining,https://www.google.com/maps?cid=4991218466836976673,
Le Pré Catelan,ready,Fine Dining,4,$$$$,category estimate,"Paris, Paris, France, FR",haute_french_restaurant,Fine dining,https://www.google.com/maps?cid=11679259978117907140,
Le Sylvestre,ready,Fine Dining,4,$$$$,category estimate,"Saint-Rémy-de-Provence, Saint-Rémy-de-Provence, France, FR",fine_dining_restaurant,Fine dining,https://www.google.com/maps?cid=9437933951139100094,
Legado Restaurant,ready,Fine Dining,4,$$$$,category estimate,"London, London, United Kingdom, GB",spanish_restaurant,Western nicer,https://www.google.com/maps?cid=15183290608791178176,
Leo,ready,Fine Dining,4,$$$$,category estimate,"Bogotá, Bogota, Colombia, CO",fine_dining_restaurant,Fine dining,https://www.google.com/maps?cid=13503166177898618732,
Les 110 de Taillevent London,ready,Fine Dining,4,$$$$,category estimate,"London, London, United Kingdom, GB",french_restaurant,Western nicer,https://www.google.com/maps?cid=6411693802038106354,
Les Agitateurs - restaurant gastronomique,ready,Fine Dining,4,$$$$,category estimate,"Nice, Nice, France, FR",fine_dining_restaurant,Fine dining,https://www.google.com/maps?cid=1705661167762086501,
Les Ambassadeurs by Christophe Cussac,ready,Fine Dining,4,$$$$,category estimate,"Monaco, MC",restaurant,Fine dining,https://www.google.com/maps?cid=5677534354426100754,
Les Amis,ready,Fine Dining,4,$$$$,category estimate,"Singapore, SG",haute_french_restaurant,Fine dining,https://www.google.com/maps?cid=13346552455466084328,
Lindenhofkeller Restaurant,ready,Fine Dining,4,$$$$,category estimate,"Zürich, Zürich, Switzerland, CH",restaurant,Fine dining,https://www.google.com/maps?cid=6564830456806425575,
Localis,ready,Fine Dining,4,$$$$,category estimate,"Sacramento, Sacramento, CA, US",restaurant,Fine dining,https://www.google.com/maps?cid=3414495589440294193,
Locavore NXT,ready,Fine Dining,4,$$$$,category estimate,"Gianyar Regency, Gianyar Regency, Bali, Indonesia, ID",restaurant,Fine dining,https://www.google.com/maps?cid=6517086824827002704,
Luca,ready,Fine Dining,4,$$$$,category estimate,"London, London, United Kingdom, GB",italian_restaurant,Western nicer,https://www.google.com/maps?cid=14373679311480530900,
Lucas Carton,ready,Fine Dining,4,$$$$,category estimate,"Paris, Paris, France, FR",haute_french_restaurant,Fine dining,https://www.google.com/maps?cid=12418132134861941379,
Lucciola,ready,Fine Dining,4,$$$$,category estimate,"New York, New York, NY, US",italian_restaurant,Western nicer,https://www.google.com/maps?cid=13507667665459126975,
Maaemo,ready,Fine Dining,4,$$$$,category estimate,"Oslo, Oslo, Norway, NO",norwegian_restaurant,Fine dining,https://www.google.com/maps?cid=3396566054048758466,
Maido,ready,Fine Dining,4,$$$$,category estimate,"Miraflores, Miraflores, Peru, PE",peruvian_restaurant,Fine dining,https://www.google.com/maps?cid=814908386545305089,
Maison Lameloise,ready,Fine Dining,4,$$$$,category estimate,"Chagny, Chagny, France, FR",haute_french_restaurant,Fine dining,https://www.google.com/maps?cid=8538150224681480827,
Maison Pic,ready,Fine Dining,4,$$$$,category estimate,"Valence, Valence, France, FR",hotel,Fine dining,https://www.google.com/maps?cid=18408715460941456830,
Maito Restaurante,ready,Fine Dining,4,$$$$,category estimate,"Panama City, Panama City, Panama, PA",restaurant,Fine dining,https://www.google.com/maps?cid=8121497030771381775,
"Marlene,",ready,Fine Dining,4,$$$$,category estimate,"Lisbon, Lisbon, Portugal, PT",fine_dining_restaurant,Fine dining,https://www.google.com/maps?cid=6296795047509680381,
Martin Berasategui,ready,Fine Dining,4,$$$$,category estimate,"Lasarte, Lasarte, Spain, ES",fine_dining_restaurant,Fine dining,https://www.google.com/maps?cid=11759076827117770179,
Masque,ready,Fine Dining,4,$$$$,category estimate,"Mumbai, Mumbai, Maharashtra, India, IN",modern_indian_restaurant,Fine dining,https://www.google.com/maps?cid=12545721264655319030,
Máximo,ready,Fine Dining,4,$$$$,category estimate,"Cuauhtémoc, Mexico City, Mexico City, Mexico, MX",fine_dining_restaurant,Fine dining,https://www.google.com/maps?cid=7036648520158465067,
Mayta Restaurante,ready,Fine Dining,4,$$$$,category estimate,"Miraflores, Miraflores, Peru, PE",restaurant,Fine dining,https://www.google.com/maps?cid=8877732925407308623,
MAZ,ready,Fine Dining,4,$$$$,category estimate,"Chiyoda City, Chiyoda City, Tokyo, Japan, JP",peruvian_restaurant,Fine dining,https://www.google.com/maps?cid=12832899767815985462,
Mélisse Restaurant,ready,Fine Dining,4,$$$$,category estimate,"Santa Monica, Santa Monica, CA, US",new_american_restaurant,Fine dining,https://www.google.com/maps?cid=6062891820951463200,
Meta Restaurant,ready,Fine Dining,4,$$$$,category estimate,"Singapore, SG",fine_dining_restaurant,Fine dining,https://www.google.com/maps?cid=3743323277290624278,
Meteora,ready,Fine Dining,4,$$$$,category estimate,"Los Angeles, Los Angeles, CA, US",restaurant,Fine dining,https://www.google.com/maps?cid=6316190499064689021,
MIL Centro - Food Lab and Interpretation Center,ready,Fine Dining,4,$$$$,category estimate,"Maras, Maras, Peru, PE",restaurant,Fine dining,https://www.google.com/maps?cid=16916027771244651570,
Monsieur Dior by Dominique Crenn,ready,Fine Dining,4,$$$$,category estimate,"Beverly Hills, Beverly Hills, CA, US",restaurant,Fine dining,https://www.google.com/maps?cid=2628918309628714645,
Moody Tongue,ready,Fine Dining,4,$$$$,category estimate,"Chicago, Chicago, IL, US",restaurant,Fine dining,https://www.google.com/maps?cid=17541915741072704060,
Moor Hall Restaurant with Rooms,ready,Fine Dining,4,$$$$,category estimate,"Ormskirk, Ormskirk, United Kingdom, GB",fine_dining_restaurant,Fine dining,https://www.google.com/maps?cid=15481639534265968993,
Mora,ready,Fine Dining,4,$$$$,category estimate,"Sheung Wan, Sheung Wan, Hong Kong, HK",restaurant,Fine dining,https://www.google.com/maps?cid=11895360127086142548,
MOSU Seoul,ready,Fine Dining,4,$$$$,category estimate,"Yongsan District, Yongsan District, Seoul, South Korea, KR",fine_dining_restaurant,Fine dining,https://www.google.com/maps?cid=13414980568958057483,
Mugaritz,ready,Fine Dining,4,$$$$,category estimate,"Errenteria, Errenteria, Spain, ES",fine_dining_restaurant,Fine dining,https://www.google.com/maps?cid=6879420993764009892,
MUME,ready,Fine Dining,4,$$$$,category estimate,"De'an Village, De'an Village, Da’an District, Taipei City, Taiwan, TW",modern_european_restaurant,Fine dining,https://www.google.com/maps?cid=3458791050005111054,
Murano,ready,Fine Dining,4,$$$$,category estimate,"London, London, United Kingdom, GB",fine_dining_restaurant,Western nicer,https://www.google.com/maps?cid=6827725631825339392,
NAEUM Restaurant,ready,Fine Dining,4,$$$$,category estimate,"Singapore, SG",fine_dining_restaurant,Fine dining,https://www.google.com/maps?cid=6079679353893152501,
Neue Taverne,ready,Fine Dining,4,$$$$,category estimate,"Zürich, Zürich, Switzerland, CH",restaurant,Fine dining,https://www.google.com/maps?cid=5301562660677690098,
NOI by Paulo Airaudo,ready,Fine Dining,4,$$$$,category estimate,"Central, Central, Hong Kong, HK",restaurant,Fine dining,https://www.google.com/maps?cid=7178070846780024058,
Nōksu,ready,Fine Dining,4,$$$$,category estimate,"New York, New York, NY, US",korean_restaurant,Fine dining,https://www.google.com/maps?cid=12027034957098314330,
Noma,ready,Fine Dining,4,$$$$,category estimate,"Copenhagen Municipality, Copenhagen Municipality, Denmark, DK",scandinavian_restaurant,Fine dining,https://www.google.com/maps?cid=4821926685852557588,
Odette,ready,Fine Dining,4,$$$$,category estimate,"Singapore, SG",fine_dining_restaurant,Fine dining,https://www.google.com/maps?cid=3645182800018858020,
Olivea Farm to Table,ready,Fine Dining,4,$$$$,category estimate,"Villa de Juárez, Villa de Juárez, Baja California, Mexico, MX",fine_dining_restaurant,Fine dining,https://www.google.com/maps?cid=7805696695430222340,
Oliver’s,ready,Fine Dining,4,$$$$,category estimate,"Chicago, Chicago, IL, US",new_american_restaurant,Western nicer,https://www.google.com/maps?cid=15453571049933305859,
OMA,ready,Fine Dining,4,$$$$,category estimate,"London, London, United Kingdom, GB",greek_restaurant,Western nicer,https://www.google.com/maps?cid=14487992375442778168,
Opheem,ready,Fine Dining,4,$$$$,category estimate,"Birmingham, Birmingham, United Kingdom, GB",indian_restaurant,Fine dining,https://www.google.com/maps?cid=127310816631914729,
Oriole,ready,Fine Dining,4,$$$$,category estimate,"Chicago, Chicago, IL, US",fine_dining_restaurant,Fine dining,https://www.google.com/maps?cid=16583276377513856459,
Ormer Mayfair,ready,Fine Dining,4,$$$$,category estimate,"London, London, United Kingdom, GB",fine_dining_restaurant,Western nicer,https://www.google.com/maps?cid=15554280148574951592,
Osip restaurant,ready,Fine Dining,4,$$$$,category estimate,"Bruton, Bruton, United Kingdom, GB",fine_dining_restaurant,Fine dining,https://www.google.com/maps?cid=13608684825580621728,
Osteria Francescana,ready,Fine Dining,4,$$$$,category estimate,"Modena, Modena, Province of Modena, Italy, IT",fine_dining_restaurant,Fine dining,https://www.google.com/maps?cid=1828588549561706845,
Oteque,ready,Fine Dining,4,$$$$,category estimate,,,Fine dining,https://www.google.com/maps?cid=2365224956083362010,
Otto's French Restaurant London,ready,Fine Dining,4,$$$$,category estimate,"London, London, United Kingdom, GB",french_restaurant,Western nicer,https://www.google.com/maps?cid=16190668476193864869,
Oyatte,ready,Fine Dining,4,$$$$,category estimate,"New York, New York, NY, US",restaurant,Fine dining,https://www.google.com/maps?cid=17293481065131444107,
Parkers Arms,ready,Fine Dining,4,$$$$,category estimate,"Clitheroe, Clitheroe, United Kingdom, GB",restaurant,Fine dining,https://www.google.com/maps?cid=17913423713128670381,
Parkway Grill,ready,Fine Dining,4,$$$$,category estimate,"Pasadena, Pasadena, CA, US",fine_dining_restaurant,Western nicer,https://www.google.com/maps?cid=526299329906987894,
Paste Bangkok,ready,Fine Dining,4,$$$$,category estimate,"Pathum Wan, Pathum Wan, Bangkok, Thailand, TH",thai_restaurant,Fine dining,https://www.google.com/maps?cid=6198552378564752419,
Pavyllon Paris - Yannick Alléno,ready,Fine Dining,4,$$$$,category estimate,"Paris, Paris, France, FR",fine_dining_restaurant,Fine dining,https://www.google.com/maps?cid=17904586658971248689,
Per Se,ready,Fine Dining,4,$$$$,category estimate,"New York, New York, NY, US",fine_dining_restaurant,Fine dining,https://www.google.com/maps?cid=6783566240304368229,
Piazza Duomo,ready,Fine Dining,4,$$$$,category estimate,"Alba, Alba, Province of Cuneo, Italy, IT",fine_dining_restaurant,Fine dining,https://www.google.com/maps?cid=12655798270026763359,
Pied a Terre,ready,Fine Dining,4,$$$$,category estimate,"London, London, United Kingdom, GB",french_restaurant,Fine dining,https://www.google.com/maps?cid=17682585383596451721,
Pierre Gagnaire,ready,Fine Dining,4,$$$$,category estimate,"Paris, Paris, France, FR",french_restaurant,Fine dining,https://www.google.com/maps?cid=1788016433902070638,
Plaa,ready,Fine Dining,4,$$$$,category estimate,,,Fine dining,https://www.google.com/maps?cid=2613857773472541814,
Plaisance by Mauro Colagreco,ready,Fine Dining,4,$$$$,category estimate,"Central, Central, Hong Kong, HK",restaurant,Fine dining,https://www.google.com/maps?cid=16319482190346767941,
Plénitude,ready,Fine Dining,4,$$$$,category estimate,"Paris, Paris, France, FR",haute_french_restaurant,Fine dining,https://www.google.com/maps?cid=5378701558316860676,
Portland,ready,Fine Dining,4,$$$$,category estimate,"London, London, United Kingdom, GB",modern_european_restaurant,Western nicer,https://www.google.com/maps?cid=6025894273800892442,
Providence,ready,Fine Dining,4,$$$$,category estimate,"Los Angeles, Los Angeles, CA, US",seafood_restaurant,Fine dining,https://www.google.com/maps?cid=2886964612259195563,
Pujol,ready,Fine Dining,4,$$$$,category estimate,"Miguel Hidalgo, Mexico City, Mexico City, Mexico, MX",mexican_restaurant,Fine dining,https://www.google.com/maps?cid=11653406765589265174,
Quince,ready,Fine Dining,4,$$$$,category estimate,"San Francisco, San Francisco, CA, US",fine_dining_restaurant,Fine dining,https://www.google.com/maps?cid=18151436361062454602,
Quintonil,ready,Fine Dining,4,$$$$,category estimate,"Miguel Hidalgo, Mexico City, Mexico City, Mexico, MX",fine_dining_restaurant,Fine dining,https://www.google.com/maps?cid=12513296932522426563,
R-HAAN,ready,Fine Dining,4,$$$$,category estimate,"Watthana, Watthana, Bangkok, Thailand, TH",thai_restaurant,Fine dining,https://www.google.com/maps?cid=2096094367613923600,
Restaurant 1890 by Gordon Ramsay,ready,Fine Dining,4,$$$$,category estimate,"London, London, United Kingdom, GB",fine_dining_restaurant,Fine dining,https://www.google.com/maps?cid=12343711218721051041,
Restaurant 212,ready,Fine Dining,4,$$$$,category estimate,"Amsterdam, Amsterdam, Netherlands, NL",fine_dining_restaurant,Fine dining,https://www.google.com/maps?cid=6472438355778004782,
Restaurant ABaC,ready,Fine Dining,4,$$$$,category estimate,"Barcelona, Barcelona, Spain, ES",fine_dining_restaurant,Fine dining,https://www.google.com/maps?cid=6442229114186307327,
Restaurant Andrew Fairlie,ready,Fine Dining,4,$$$$,category estimate,"Auchterarder, Auchterarder, United Kingdom, GB",fine_dining_restaurant,Fine dining,https://www.google.com/maps?cid=1432864255088379692,
Restaurant Aure,ready,Fine Dining,4,$$$$,category estimate,"Copenhagen, Copenhagen, Denmark, DK",fine_dining_restaurant,Fine dining,https://www.google.com/maps?cid=12211291697469936198,
Restaurant Bareiss,ready,Fine Dining,4,$$$$,category estimate,"Baiersbronn, Baiersbronn, Germany, DE",fine_dining_restaurant,Fine dining,https://www.google.com/maps?cid=10250894841064060895,
Restaurant David Toutain,ready,Fine Dining,4,$$$$,category estimate,"Paris, Paris, France, FR",fine_dining_restaurant,Fine dining,https://www.google.com/maps?cid=5280236061836376229,
Restaurant de l'Hôtel de Ville de Crissier,ready,Fine Dining,4,$$$$,category estimate,"Crissier, Crissier, Switzerland, CH",haute_french_restaurant,Fine dining,https://www.google.com/maps?cid=11251102935977123487,
Restaurant Ekstedt,ready,Fine Dining,4,$$$$,category estimate,"Stockholm, Stockholm, Sweden, SE",fine_dining_restaurant,Fine dining,https://www.google.com/maps?cid=7364877820370103899,
Restaurant Fiz,ready,Fine Dining,4,$$$$,category estimate,"Singapore, SG",fine_dining_restaurant,Fine dining,https://www.google.com/maps?cid=6587484042612930456,
Restaurant Gordon Ramsay High,ready,Fine Dining,4,$$$$,category estimate,"London, London, United Kingdom, GB",restaurant,Fine dining,https://www.google.com/maps?cid=15052092055504771973,
Restaurant Guy Savoy,ready,Fine Dining,4,$$$$,category estimate,"Paris, Paris, France, FR",haute_french_restaurant,Fine dining,https://www.google.com/maps?cid=2594431552522137631,
Restaurant JAN - Jan Hartwig,ready,Fine Dining,4,$$$$,category estimate,"Munich, Munich, Germany, DE",fine_dining_restaurant,Fine dining,https://www.google.com/maps?cid=10855100713413189745,
Restaurant JATAK,ready,Fine Dining,4,$$$$,category estimate,"Copenhagen, Copenhagen, Denmark, DK",fine_dining_restaurant,Fine dining,https://www.google.com/maps?cid=10149772179220247224,
Restaurant Kei,ready,Fine Dining,4,$$$$,category estimate,"Paris, Paris, France, FR",french_restaurant,Fine dining,https://www.google.com/maps?cid=9257759260887336002,
Restaurant Koan,ready,Fine Dining,4,$$$$,category estimate,"Copenhagen, Copenhagen, Denmark, DK",fine_dining_restaurant,Fine dining,https://www.google.com/maps?cid=15927657036273587159,
"Restaurant L'Altiplano, Courchevel",ready,Fine Dining,4,$$$$,category estimate,"Courchevel, Courchevel, France, FR",restaurant,Fine dining,https://www.google.com/maps?cid=10785444607959603733,
Restaurant L'Oustau de Baumanière***,ready,Fine Dining,4,$$$$,category estimate,"Les Baux-de-Provence, Les Baux-de-Provence, France, FR",haute_french_restaurant,Fine dining,https://www.google.com/maps?cid=16808367307204542010,
Restaurant La Bouitte,ready,Fine Dining,4,$$$$,category estimate,"Les Belleville, Les Belleville, France, FR",fine_dining_restaurant,Fine dining,https://www.google.com/maps?cid=6166425700638017209,
Restaurant le Farçon,ready,Fine Dining,4,$$$$,category estimate,"Courchevel, Courchevel, France, FR",fine_dining_restaurant,Fine dining,https://www.google.com/maps?cid=14336258128490397098,
Restaurant Marcon,ready,Fine Dining,4,$$$$,category estimate,"Saint-Bonnet-le-Froid, Saint-Bonnet-le-Froid, France, FR",french_restaurant,Fine dining,https://www.google.com/maps?cid=5807510279175079032,
Restaurant Mirazur,ready,Fine Dining,4,$$$$,category estimate,"Menton, Menton, France, FR",haute_french_restaurant,Fine dining,https://www.google.com/maps?cid=10881577327455334296,
Restaurant Mýse,ready,Fine Dining,4,$$$$,category estimate,"York, York, United Kingdom, GB",fine_dining_restaurant,Fine dining,https://www.google.com/maps?cid=8122531912294829827,
Restaurant Operakällaren,ready,Fine Dining,4,$$$$,category estimate,"Stockholm, Stockholm, Sweden, SE",restaurant,Fine dining,https://www.google.com/maps?cid=9851240155126091735,
Restaurant Pearl Morissette,ready,Fine Dining,4,$$$$,category estimate,"Jordan Station, Jordan Station, ON, Canada, CA",fine_dining_restaurant,Fine dining,https://www.google.com/maps?cid=8848141978328825167,
Restaurant POTONG,ready,Fine Dining,4,$$$$,category estimate,"Samphanthawong, Samphanthawong, Bangkok, Thailand, TH",fine_dining_restaurant,Fine dining,https://www.google.com/maps?cid=8833888504967769328,
Restaurant Quique Dacosta,ready,Fine Dining,4,$$$$,category estimate,"Dénia, Dénia, Spain, ES",fine_dining_restaurant,Fine dining,https://www.google.com/maps?cid=14270564112008576894,
Restaurant Sat Bains with Rooms,ready,Fine Dining,4,$$$$,category estimate,"Nottingham, Nottingham, United Kingdom, GB",fine_dining_restaurant,Fine dining,https://www.google.com/maps?cid=7672221180729579582,
Restaurant St. Barts,ready,Fine Dining,4,$$$$,category estimate,"London, London, United Kingdom, GB",british_restaurant,Fine dining,https://www.google.com/maps?cid=1804019971621396419,
Restaurant Story,ready,Fine Dining,4,$$$$,category estimate,"London, London, United Kingdom, GB",fine_dining_restaurant,Fine dining,https://www.google.com/maps?cid=4444395067987682471,
Restaurant Tanière³,ready,Fine Dining,4,$$$$,category estimate,"Québec City, Québec City, Quebec, Canada, CA",fine_dining_restaurant,Fine dining,https://www.google.com/maps?cid=10286664918559176858,
Restaurant The White Room by Jacob Jan Boerma,ready,Fine Dining,4,$$$$,category estimate,"Amsterdam, Amsterdam, Netherlands, NL",fine_dining_restaurant,Fine dining,https://www.google.com/maps?cid=12252072569573152881,
Restaurant Tim Raue,ready,Fine Dining,4,$$$$,category estimate,"Berlin, Berlin, Germany, DE",fine_dining_restaurant,Fine dining,https://www.google.com/maps?cid=10281088159724354069,
Restaurant Tracé,ready,Fine Dining,4,$$$$,category estimate,"Paris, Paris, France, FR",haute_french_restaurant,Fine dining,https://www.google.com/maps?cid=6870341262351263705,
Restaurant Troisgros Le Bois sans feuilles,ready,Fine Dining,4,$$$$,category estimate,"Ouches, Ouches, France, FR",haute_french_restaurant,Fine dining,https://www.google.com/maps?cid=5436121786564825875,
Restaurant Überfahrt,ready,Fine Dining,4,$$$$,category estimate,"Rottach-Egern, Rottach-Egern, Germany, DE",fine_dining_restaurant,Fine dining,https://www.google.com/maps?cid=6016050698050475691,
Restaurant Yuu,ready,Fine Dining,4,$$$$,category estimate,"Brooklyn, Brooklyn, NY, US",french_restaurant,Fine dining,https://www.google.com/maps?cid=1346414656954745768,
Rêveri,ready,Fine Dining,4,$$$$,category estimate,"Sheung Wan, Sheung Wan, Hong Kong, HK",asian_restaurant,Fine dining,https://www.google.com/maps?cid=2507946131718465783,
Rijks,ready,Fine Dining,4,$$$$,category estimate,"Amsterdam, Amsterdam, Netherlands, NL",fine_dining_restaurant,Fine dining,https://www.google.com/maps?cid=6440334888050833529,
Ristorante Reale,ready,Fine Dining,4,$$$$,category estimate,"Castel di Sangro, Castel di Sangro, Province of L'Aquila, Italy, IT",fine_dining_restaurant,Fine dining,https://www.google.com/maps?cid=15534619424027198794,
SABI restaurant,ready,Fine Dining,4,$$$$,category estimate,"Carouge, Carouge, Switzerland, CH",restaurant,Fine dining,https://www.google.com/maps?cid=6714572232868504366,
Sabor,ready,Fine Dining,4,$$$$,category estimate,"London, London, United Kingdom, GB",spanish_restaurant,Want to go; Western nicer,https://www.google.com/maps?cid=9041657279560791155,
Saga,ready,Fine Dining,4,$$$$,category estimate,"New York, New York, NY, US",fine_dining_restaurant,Fine dining,https://www.google.com/maps?cid=15701297563778170726,
Saint Peter at The Grand National Hotel,ready,Fine Dining,4,$$$$,category estimate,"Paddington, Paddington NSW, Australia, AU",seafood_restaurant,Fine dining,https://www.google.com/maps?cid=16029476155435571307,
Saison,ready,Fine Dining,4,$$$$,category estimate,"San Francisco, San Francisco, CA, US",new_american_restaurant,Fine dining,https://www.google.com/maps?cid=8619894439054851420,
Salisterra,ready,Fine Dining,4,$$$$,category estimate,"Admiralty, Admiralty, Hong Kong, HK",mediterranean_restaurant,Fine dining,https://www.google.com/maps?cid=12455877387721805102,
Sanchez,ready,Fine Dining,4,$$$$,category estimate,"Copenhagen, Copenhagen, Denmark, DK",mexican_restaurant,Fine dining,https://www.google.com/maps?cid=11078749617828869389,
Schloss Schauenstein,ready,Fine Dining,4,$$$$,category estimate,"Fürstenau, Fürstenau, Switzerland, CH",restaurant,Fine dining,https://www.google.com/maps?cid=4374121060916066717,
Seafood Gastro,ready,Fine Dining,4,$$$$,category estimate,"Stockholm, Stockholm, Sweden, SE",restaurant,Fine dining,https://www.google.com/maps?cid=3790622645225755531,
SELINE,ready,Fine Dining,4,$$$$,category estimate,"Santa Monica, Santa Monica, CA, US",fine_dining_restaurant,Fine dining; Want to go,https://www.google.com/maps?cid=8414830700549712432,
SEP Hong Kong,ready,Fine Dining,4,$$$$,category estimate,"Central, Central, Hong Kong, HK",vietnamese_restaurant,Fine dining,https://www.google.com/maps?cid=8705993786621614683,
Septime,ready,Fine Dining,4,$$$$,category estimate,"Paris, Paris, France, FR",fine_dining_restaurant,Fine dining,https://www.google.com/maps?cid=226032196792640665,
Seroja,ready,Fine Dining,4,$$$$,category estimate,"Singapore, SG",malaysian_restaurant,Fine dining,https://www.google.com/maps?cid=4803875104139659091,
SÉZANNE,ready,Fine Dining,4,$$$$,category estimate,"Chiyoda City, Chiyoda City, Tokyo, Japan, JP",french_restaurant,Fine dining,https://www.google.com/maps?cid=9804217773394772014,
Shabour,ready,Fine Dining,4,$$$$,category estimate,"Paris, Paris, France, FR",fine_dining_restaurant,Fine dining,https://www.google.com/maps?cid=2936086189634435574,
SingleThread Farm - Restaurant - Inn,ready,Fine Dining,4,$$$$,category estimate,"Healdsburg, Healdsburg, CA, US",fine_dining_restaurant,Fine dining,https://www.google.com/maps?cid=17750431003036062531,
Smoke & Salt,ready,Fine Dining,4,$$$$,category estimate,"London, London, United Kingdom, GB",modern_european_restaurant,Fine dining,https://www.google.com/maps?cid=2420203605945498709,
Smyth,ready,Fine Dining,4,$$$$,category estimate,"Chicago, Chicago, IL, US",new_american_restaurant,Fine dining,https://www.google.com/maps?cid=8626814694854926596,
SOL Restaurant,ready,Fine Dining,4,$$$$,category estimate,"Central, Central, Hong Kong, HK",korean_restaurant,Fine dining,https://www.google.com/maps?cid=2438566194033817206,
Søllerød Kro,ready,Fine Dining,4,$$$$,category estimate,"Søllerød, Søllerød, Denmark, DK",fine_dining_restaurant,Fine dining,https://www.google.com/maps?cid=6230498988877512462,
Somni,ready,Fine Dining,4,$$$$,category estimate,"West Hollywood, West Hollywood, CA, US",fine_dining_restaurant,Fine dining,https://www.google.com/maps?cid=11460204618223752492,
Sons & Daughters,ready,Fine Dining,4,$$$$,category estimate,"San Francisco, San Francisco, CA, US",fine_dining_restaurant,Fine dining,https://www.google.com/maps?cid=13158002390033623163,
St. John,ready,Fine Dining,4,$$$$,category estimate,"London, London, United Kingdom, GB",british_restaurant,Western nicer,https://www.google.com/maps?cid=605580187776530391,
Steirereck,ready,Fine Dining,4,$$$$,category estimate,"Vienna, Vienna, Austria, AT",fine_dining_restaurant,Fine dining,https://www.google.com/maps?cid=7862296293303992340,
stoke,ready,Fine Dining,4,$$$$,category estimate,"Berlin, Berlin, Germany, DE",restaurant,Fine dining,https://www.google.com/maps?cid=12125506416384798620,
Sud 777,ready,Fine Dining,2,$$,Google Places,"Álvaro Obregón, Mexico City, Mexico City, Mexico, MX",fine_dining_restaurant,Fine dining,https://www.google.com/maps?cid=14077241734210021619,
Sühring,ready,Fine Dining,4,$$$$,category estimate,"Yan Nawa, Yan Nawa, Bangkok, Thailand, TH",fine_dining_restaurant,Fine dining,https://www.google.com/maps?cid=14221094247222971234,
Sven Wassmer Memories,ready,Fine Dining,4,$$$$,category estimate,"Bad Ragaz, Bad Ragaz, Switzerland, CH",fine_dining_restaurant,Fine dining,https://www.google.com/maps?cid=3759383861267203268,
Ta Vie,ready,Fine Dining,4,$$$$,category estimate,"Central, Central, Hong Kong, HK",french_restaurant,Fine dining,https://www.google.com/maps?cid=8430662374835522454,
Table Bruno Verjus,ready,Fine Dining,4,$$$$,category estimate,"Paris, Paris, France, FR",french_restaurant,Fine dining,https://www.google.com/maps?cid=18402434249105822088,
Tamarind,ready,Fine Dining,4,$$$$,category estimate,"London, London, United Kingdom, GB",indian_restaurant,Fine dining,https://www.google.com/maps?cid=286063871698650677,
Tantris,ready,Fine Dining,4,$$$$,category estimate,"Munich, Munich, Germany, DE",fine_dining_restaurant,Fine dining,https://www.google.com/maps?cid=3036160364147634096,
Tavern,ready,Fine Dining,4,$$$$,category estimate,"London, London, United Kingdom, GB",british_restaurant,Fine dining,https://www.google.com/maps?cid=15715936106250682085,
The Angel at Hetton,ready,Fine Dining,4,$$$$,category estimate,"Skipton, Skipton, United Kingdom, GB",hotel,Fine dining,https://www.google.com/maps?cid=11991354338912753846,
The Cavalier,ready,Fine Dining,4,$$$$,category estimate,"San Francisco, San Francisco, CA, US",modern_british_restaurant,Western nicer,https://www.google.com/maps?cid=18154702054332687430,
The Chef's Table at Brooklyn Fare,ready,Fine Dining,4,$$$$,category estimate,"New York, New York, NY, US",fine_dining_restaurant,Fine dining,https://www.google.com/maps?cid=11591689293888412621,
The Cross,ready,Fine Dining,4,$$$$,category estimate,"Kenilworth, Kenilworth, United Kingdom, GB",fine_dining_restaurant,Fine dining,https://www.google.com/maps?cid=2857014351200132539,
The French Laundry,ready,Fine Dining,4,$$$$,category estimate,"Yountville, Yountville, CA, US",fine_dining_restaurant,Fine dining,https://www.google.com/maps?cid=1946667430148039777,
The Glenturret Lalique Restaurant,ready,Fine Dining,4,$$$$,category estimate,"Crieff, Crieff, United Kingdom, GB",fine_dining_restaurant,Fine dining,https://www.google.com/maps?cid=18122074014143826800,
The Hand and Flowers,ready,Fine Dining,4,$$$$,category estimate,"Marlow, Marlow, United Kingdom, GB",fine_dining_restaurant,Fine dining,https://www.google.com/maps?cid=17291922225333583304,
The Jane,ready,Fine Dining,4,$$$$,category estimate,"Antwerp, Antwerp, Belgium, BE",fine_dining_restaurant,Fine dining,https://www.google.com/maps?cid=7800367866905161533,
The Kitchen Restaurant,ready,Fine Dining,4,$$$$,category estimate,"Sacramento, Sacramento, CA, US",new_american_restaurant,Fine dining,https://www.google.com/maps?cid=14106886741384964200,
The Lanesborough Grill,ready,Fine Dining,4,$$$$,category estimate,"London, London, United Kingdom, GB",modern_british_restaurant,Western nicer,https://www.google.com/maps?cid=9666608839066546719,
The Modern,ready,Fine Dining,4,$$$$,category estimate,"New York, New York, NY, US",restaurant,Fine dining,https://www.google.com/maps?cid=12751425680490052044,
The Pem,ready,Fine Dining,4,$$$$,category estimate,"London, London, United Kingdom, GB",modern_british_restaurant,Fine dining,https://www.google.com/maps?cid=11951322579626083053,
The Sanderson Sydney,ready,Fine Dining,4,$$$$,category estimate,"Sydney, Sydney NSW, Australia, AU",restaurant,Western nicer,https://www.google.com/maps?cid=7113942830331169172,
The Table,ready,Fine Dining,4,$$$$,category estimate,"Hamburg, Hamburg, Germany, DE",fine_dining_restaurant,Fine dining,https://www.google.com/maps?cid=13832886466650038531,
The Table,ready,Fine Dining,4,$$$$,category estimate,"Mumbai, Mumbai, Maharashtra, India, IN",italian_restaurant,Fine dining,https://www.google.com/maps?cid=2393741507571782114,
The Three Hills,ready,Fine Dining,4,$$$$,category estimate,"Cambridge, Cambridge, United Kingdom, GB",inn,Fine dining,https://www.google.com/maps?cid=6052286107628715237,
The Unruly Pig,ready,Fine Dining,4,$$$$,category estimate,"Woodbridge, Woodbridge, United Kingdom, GB",gastropub,Western nicer,https://www.google.com/maps?cid=821845264096057235,
The Waterside Inn,ready,Fine Dining,4,$$$$,category estimate,"Maidenhead, Maidenhead, United Kingdom, GB",fine_dining_restaurant,Fine dining,https://www.google.com/maps?cid=4452091705189466918,
The Wild Rabbit,ready,Fine Dining,4,$$$$,category estimate,"Chipping Norton, Chipping Norton, United Kingdom, GB",inn,Fine dining,https://www.google.com/maps?cid=106524573806110678,
Torrisi,ready,Fine Dining,4,$$$$,category estimate,"New York, New York, NY, US",italian_restaurant,Western nicer,https://www.google.com/maps?cid=6030612915373587334,
Toyo Eatery,ready,Fine Dining,4,$$$$,category estimate,"Makati City, Makati City, Metro Manila, Philippines, PH",filipino_restaurant,Fine dining,https://www.google.com/maps?cid=462274759707113327,
Trèsind Dubai,ready,Fine Dining,4,$$$$,category estimate,"Dubai - United Arab Emirates, AE",fine_dining_restaurant,Fine dining,https://www.google.com/maps?cid=2039052538854086966,
Trinity,ready,Fine Dining,4,$$$$,category estimate,"London, London, United Kingdom, GB",fine_dining_restaurant,Default list,https://www.google.com/maps?cid=2942630547370624054,
Trivet,ready,Fine Dining,4,$$$$,category estimate,"London, London, United Kingdom, GB",fine_dining_restaurant,Western nicer,https://www.google.com/maps?cid=4049487709739770560,
TURK FATIH TUTAK,ready,Fine Dining,4,$$$$,category estimate,"Şişli, Şişli/İstanbul, Türkiye, TR",fine_dining_restaurant,Fine dining,https://www.google.com/maps?cid=11086473770627030104,
"Ugly Butterfly Restaurant and Bar, Cornwall",ready,Fine Dining,4,$$$$,category estimate,"Newquay, Newquay, United Kingdom, GB",fine_dining_restaurant,Western nicer,https://www.google.com/maps?cid=18105451411182475110,
Ukiyo,ready,Fine Dining,4,$$$$,category estimate,"Shibuya, Shibuya, Tokyo, Japan, JP",restaurant,Fine dining,https://www.google.com/maps?cid=10689335593382722674,
Uliassi,ready,Fine Dining,4,$$$$,category estimate,"Senigallia, Senigallia, Province of Ancona, Italy, IT",fine_dining_restaurant,Fine dining,https://www.google.com/maps?cid=9804984004304696211,
ULTRAVIOLET BY PAUL PAIRET,ready,Fine Dining,4,$$$$,category estimate,"Huangpu, Huangpu, Shanghai, China, CN",,Fine dining,https://www.google.com/maps?cid=12163261137018591439,
VEA Restaurant,ready,Fine Dining,4,$$$$,category estimate,"Central, Central, Hong Kong, HK",restaurant,Fine dining,https://www.google.com/maps?cid=11425735451916111054,
VELROSIER,ready,Fine Dining,4,$$$$,category estimate,"Kyoto, Kyoto, Japan, JP",chinese_restaurant,Fine dining,https://www.google.com/maps?cid=1313096853007742559,
Vendôme,ready,Fine Dining,4,$$$$,category estimate,"Bergisch Gladbach, Bergisch Gladbach, Germany, DE",fine_dining_restaurant,Fine dining,https://www.google.com/maps?cid=13169908232753814309,
Vespertine,ready,Fine Dining,4,$$$$,category estimate,"Culver City, Culver City, CA, US",fine_dining_restaurant,Fine dining,https://www.google.com/maps?cid=9329584066258161208,
Villa AiDA,ready,Fine Dining,4,$$$$,category estimate,"Iwade, Iwade, Wakayama, Japan, JP",restaurant,Fine dining,https://www.google.com/maps?cid=16011003526046037393,
Vin Folk,ready,Fine Dining,4,$$$$,category estimate,"Hermosa Beach, Hermosa Beach, CA, US",fine_dining_restaurant,Western nicer,https://www.google.com/maps?cid=7430138964448887904,
Vue de monde,ready,Fine Dining,4,$$$$,category estimate,"Melbourne, Melbourne VIC, Australia, AU",fine_dining_restaurant,Fine dining,https://www.google.com/maps?cid=21100068875993751,
Waldhotel Sonnora,ready,Fine Dining,4,$$$$,category estimate,"Dreis, Dreis, Germany, DE",fine_dining_restaurant,Fine dining,https://www.google.com/maps?cid=3305123369627343972,
White Swan at Fence,ready,Fine Dining,4,$$$$,category estimate,"Burnley, Burnley, United Kingdom, GB",fine_dining_restaurant,Fine dining,https://www.google.com/maps?cid=11678978853248748211,
WING Restaurant,ready,Fine Dining,4,$$$$,category estimate,"Central, Central, Hong Kong, HK",chinese_restaurant,Fine dining,https://www.google.com/maps?cid=6658928834558820881,
Wolfgat,ready,Fine Dining,4,$$$$,category estimate,"Paternoster, Paternoster, South Africa, ZA",restaurant,Fine dining,https://www.google.com/maps?cid=8132532060725549780,
Yiaga,ready,Fine Dining,4,$$$$,category estimate,"East Melbourne, East Melbourne VIC, Australia, AU",restaurant,Fine dining,https://www.google.com/maps?cid=3343339639923488504,
Ynyshir Restaurant and Rooms,ready,Fine Dining,4,$$$$,category estimate,"Machynlleth, Machynlleth, United Kingdom, GB",fine_dining_restaurant,Fine dining,https://www.google.com/maps?cid=14758168621465228375,
Zén,ready,Fine Dining,4,$$$$,category estimate,"Singapore, SG",fine_dining_restaurant,Fine dining,https://www.google.com/maps?cid=14623526607672315118,
Adel's Famous Halal Food,ready,Middle Eastern,2,$$,category estimate,"New York, New York, NY, US",halal_restaurant,Casual,https://www.google.com/maps?cid=10237056674453852351,
Al Arez 2,ready,Middle Eastern,2,$$,category estimate,"London, London, United Kingdom, GB",lebanese_restaurant,Casual,https://www.google.com/maps?cid=16200164012431736565,
Albi,ready,Middle Eastern,2,$$,category estimate,"Washington, Washington, DC, US",middle_eastern_restaurant,Casual,https://www.google.com/maps?cid=12886406497782890762,
Anteb Restaurant,ready,Middle Eastern,2,$$,category estimate,"Yerevan, Yerevan, Armenia, AM",middle_eastern_restaurant,Casual,https://www.google.com/maps?cid=3710543583750614067,
Azizam,ready,Middle Eastern,2,$$,category estimate,"Los Angeles, Los Angeles, CA, US",persian_restaurant,Casual,https://www.google.com/maps?cid=17735715627543625623,
Baba Ghanouj,ready,Middle Eastern,2,$$,category estimate,"London, London, United Kingdom, GB",lebanese_restaurant,Casual,https://www.google.com/maps?cid=10473835433224432277,
Barkaas Indo-Arabic Restaurant,ready,Middle Eastern,2,$$,category estimate,"Lucknow, Lucknow, Uttar Pradesh, India, IN",middle_eastern_restaurant,Casual,https://www.google.com/maps?cid=16064231961488744339,
Beit Rima,ready,Middle Eastern,2,$$,category estimate,"San Francisco, San Francisco, CA, US",middle_eastern_restaurant,Casual,https://www.google.com/maps?cid=6031502507306345747,
Berenjak,ready,Middle Eastern,2,$$,category estimate,"Los Angeles, Los Angeles, CA, US",persian_restaurant,Want to go,https://www.google.com/maps?cid=9767529255722191433,
Berenjak Soho,ready,Middle Eastern,2,$$,category estimate,"London, London, United Kingdom, GB",persian_restaurant,Casual,https://www.google.com/maps?cid=13571049445325058150,
Bushra,ready,Middle Eastern,2,$$,category estimate,"Tsim Sha Tsui, Tsim Sha Tsui, Hong Kong, HK",middle_eastern_restaurant,Western nicer,https://www.google.com/maps?cid=3915436996491669250,
Falafel Jakoub,ready,Middle Eastern,2,$$,category estimate,"Berlin, Berlin, Germany, DE",falafel_restaurant,Casual,https://www.google.com/maps?cid=2759962479764124136,
Falafel STOP,ready,Middle Eastern,2,$$,category estimate,"Sunnyvale, Sunnyvale, CA, US",mediterranean_restaurant,Casual,https://www.google.com/maps?cid=9726814169553864452,
Galit,ready,Middle Eastern,2,$$,category estimate,"Chicago, Chicago, IL, US",middle_eastern_restaurant,Western nicer,https://www.google.com/maps?cid=13918607967268859872,
L'As du Fallafel,ready,Middle Eastern,2,$$,category estimate,"Paris, Paris, France, FR",falafel_restaurant,Casual,https://www.google.com/maps?cid=8143357663097373890,
Miya Miya Shawarma,ready,Middle Eastern,2,$$,category estimate,"Los Angeles, Los Angeles, CA, US",shawarma_restaurant,Casual,https://www.google.com/maps?cid=9173304832730121736,
Royal Grill Halal Food,ready,Middle Eastern,2,$$,category estimate,"New York, New York, NY, US",halal_restaurant,Casual,https://www.google.com/maps?cid=139329195043411579,
Shiraz Restaurant,ready,Middle Eastern,2,$$,category estimate,"Glendale, Glendale, CA, US",persian_restaurant,Casual,https://www.google.com/maps?cid=2373102784321314415,
Shukette,ready,Middle Eastern,2,$$,category estimate,"New York, New York, NY, US",middle_eastern_restaurant,Casual,https://www.google.com/maps?cid=12186516540852036484,
Skaf's Lebanese Cuisine,ready,Middle Eastern,2,$$,category estimate,"Glendale, Glendale, CA, US",lebanese_restaurant,Casual,https://www.google.com/maps?cid=17919818346577307276,
Taste of Tehran Restaurant,ready,Middle Eastern,2,$$,category estimate,"Los Angeles, Los Angeles, CA, US",persian_restaurant,Casual,https://www.google.com/maps?cid=17318581476440575837,
Toranj Restaurant,ready,Middle Eastern,2,$$,category estimate,"Los Angeles, Los Angeles, CA, US",persian_restaurant,Casual,https://www.google.com/maps?cid=8075987429803985109,
CENTO Pasta Bar,ready,Pasta,2,$$,category estimate,"Los Angeles, Los Angeles, CA, US",restaurant,Casual,https://www.google.com/maps?cid=8160701325387984428,
LaRina Pastificio & Vino,ready,Pasta,2,$$,category estimate,"Brooklyn, Brooklyn, NY, US",italian_restaurant,Western nicer,https://www.google.com/maps?cid=10180085879458910267,
Notto Pasta Bar Piccadilly,ready,Pasta,2,$$,category estimate,"London, London, United Kingdom, GB",italian_restaurant,Western nicer,https://www.google.com/maps?cid=4028971127882532986,
800 Grader,ready,Pizza,2,$$,category estimate,"Stockholm, Stockholm, Sweden, SE",pizza_restaurant,Casual,https://www.google.com/maps?cid=9989919373331123417,
Alley Cats Pizza,ready,Pizza,2,$$,category estimate,"London, London, United Kingdom, GB",pizza_restaurant,Casual,https://www.google.com/maps?cid=13168339311014515887,
Angelo's Pizzeria,ready,Pizza,2,$$,category estimate,"Philadelphia, Philadelphia, PA, US",pizza_restaurant,Casual,https://www.google.com/maps?cid=2799461792011742256,
Apollonia's Pizzeria,ready,Pizza,2,$$,category estimate,"Los Angeles, Los Angeles, CA, US",pizza_restaurant,Casual,https://www.google.com/maps?cid=12148995906216210487,
Arrivederci pizzeria,ready,Pizza,2,$$,category estimate,"Paris, Paris, France, FR",pizza_restaurant,Casual,https://www.google.com/maps?cid=8461682749628259486,
Bad Boy Pizza Society | Bad Boy Pizzeria,ready,Pizza,2,$$,category estimate,"London, London, United Kingdom, GB",restaurant,Casual,https://www.google.com/maps?cid=13303090583200308432,
Bad Boy Pizza Society | Seven Dials,ready,Pizza,2,$$,category estimate,"London, London, United Kingdom, GB",pizza_restaurant,Casual,https://www.google.com/maps?cid=13780164891192492779,
Breadstall Pizza,ready,Pizza,2,$$,category estimate,"London, London, United Kingdom, GB",pizza_restaurant,Casual,https://www.google.com/maps?cid=2140288112563615677,
Cello's Pizzeria,ready,Pizza,2,$$,category estimate,"New York, New York, NY, US",pizza_restaurant,Casual,https://www.google.com/maps?cid=12812980409901541753,
Cinquecento Neapolitan Pizzeria (Chelsea),ready,Pizza,2,$$,category estimate,"London, London, United Kingdom, GB",neapolitan_restaurant,Casual,https://www.google.com/maps?cid=9081782360289388999,
Detroit Pizza London,ready,Pizza,2,$$,category estimate,"London, London, United Kingdom, GB",pizza_restaurant,Casual,https://www.google.com/maps?cid=909282338853483287,
Dough Hands East,ready,Pizza,2,$$,category estimate,"London, London, United Kingdom, GB",pizza_restaurant,Casual,https://www.google.com/maps?cid=5773255744801250627,
Emmer Pizzeria & Café,ready,Pizza,2,$$,category estimate,"Admiralty, Admiralty, Hong Kong, HK",pizza_restaurant,Casual,https://www.google.com/maps?cid=11274485243462317280,
Emmett's,ready,Pizza,2,$$,category estimate,"New York, New York, NY, US",pizza_restaurant,Casual,https://www.google.com/maps?cid=5893840874029049395,
Fiata Pizza,ready,Pizza,2,$$,category estimate,"Central, Central, Hong Kong, HK",pizza_restaurant,Casual,https://www.google.com/maps?cid=2398836531948901678,
Fiorelli Pizza,ready,Pizza,2,$$,category estimate,"Los Angeles, Los Angeles, CA, US",pizza_restaurant,Casual,https://www.google.com/maps?cid=2955128543558543380,
Gracey's Pizza,ready,Pizza,2,$$,category estimate,"London, London, United Kingdom, GB",restaurant,Casual,https://www.google.com/maps?cid=936742056828093524,
L’industrie Pizzeria - West Village,ready,Pizza,2,$$,category estimate,"New York, New York, NY, US",pizza_restaurant,Casual,https://www.google.com/maps?cid=8717713234455965360,
L'industrie Pizzeria - Williamsburg,ready,Pizza,2,$$,category estimate,"Brooklyn, Brooklyn, NY, US",pizza_restaurant,Casual,https://www.google.com/maps?cid=10791742978073970501,
La Piedigrotta Varese,ready,Pizza,2,$$,category estimate,"Varese, Varese, Province of Varese, Italy, IT",pizza_restaurant,Casual,https://www.google.com/maps?cid=11766396289264016514,
Lahmajune Factory,ready,Pizza,2,$$,category estimate,"Glendale, Glendale, CA, US",restaurant,Casual,https://www.google.com/maps?cid=8966341790051793465,
Lauretta’s Pizzeria,ready,Pizza,2,$$,category estimate,"London, London, United Kingdom, GB",restaurant,Casual,https://www.google.com/maps?cid=3243633303545505169,
Little Napoli Pizzeria,ready,Pizza,2,$$,category estimate,"Wan Chai, Wan Chai, Hong Kong, HK",pizza_restaurant,Casual,https://www.google.com/maps?cid=15408779184475804575,
Lou Malnati's Pizzeria,ready,Pizza,2,$$,category estimate,"Chicago, Chicago, IL, US",pizza_restaurant,Casual,https://www.google.com/maps?cid=17413796533590589894,
Lucali,ready,Pizza,2,$$,category estimate,"Brooklyn, Brooklyn, NY, US",pizza_restaurant,Casual,https://www.google.com/maps?cid=17481342074422520503,
Majka Pizzeria,ready,Pizza,2,$$,category estimate,"Sacramento, Sacramento, CA, US",pizza_restaurant,Casual,https://www.google.com/maps?cid=10955286548231988259,
Mama's TOO! Pizzeria West Village,ready,Pizza,2,$$,category estimate,"New York, New York, NY, US",pizza_restaurant,Casual,https://www.google.com/maps?cid=5234602151780165430,
Mama's TOO! Upper West Side,ready,Pizza,2,$$,category estimate,"New York, New York, NY, US",pizza_restaurant,Casual,https://www.google.com/maps?cid=13289863101746079058,
Marta,ready,Pizza,2,$$,category estimate,"London, London, United Kingdom, GB",restaurant,Casual,https://www.google.com/maps?cid=2217783776914592196,
Milly's Pizza In The Pan- West Town,ready,Pizza,2,$$,category estimate,"Chicago, Chicago, IL, US",pizza_restaurant,Casual,https://www.google.com/maps?cid=2589268534229323030,
Oi Vita Pizzeria,ready,Pizza,2,$$,category estimate,"London, London, United Kingdom, GB",pizza_restaurant,Casual,https://www.google.com/maps?cid=13887668795993171576,
Papa Razzi’s Pizza,ready,Pizza,2,$$,category estimate,"Malibu, Malibu, CA, US",pizza_restaurant,Casual,https://www.google.com/maps?cid=14808949266549176567,
Pepe In Grani,ready,Pizza,2,$$,category estimate,"Caiazzo, Caiazzo, Province of Caserta, Italy, IT",pizza_restaurant,Casual,https://www.google.com/maps?cid=8881610055981767978,
Pequod's Pizza,ready,Pizza,2,$$,category estimate,"Chicago, Chicago, IL, US",pizza_restaurant,Casual,https://www.google.com/maps?cid=18021047304236743757,
PIZZ'AMICI,ready,Pizza,2,$$,category estimate,"Chicago, Chicago, IL, US",pizza_restaurant,Casual,https://www.google.com/maps?cid=4274703572823560440,
Pizza Pilgrims Covent Garden,ready,Pizza,2,$$,category estimate,"London, London, United Kingdom, GB",neapolitan_restaurant,Casual,https://www.google.com/maps?cid=17735597761891726926,
Pizza Pilgrims Soho,ready,Pizza,2,$$,category estimate,"London, London, United Kingdom, GB",pizza_restaurant,Casual,https://www.google.com/maps?cid=10981601687798011862,
Pizzeria Bianco,ready,Pizza,2,$$,category estimate,"Los Angeles, Los Angeles, CA, US",pizza_restaurant,Casual,https://www.google.com/maps?cid=4797258066774559181,
Pizzeria Iovine's,ready,Pizza,2,$$,category estimate,"Paris, Paris, France, FR",pizza_restaurant,Casual,https://www.google.com/maps?cid=9428469325060638366,
Pizzeria Mozza,ready,Pizza,2,$$,category estimate,"Los Angeles, Los Angeles, CA, US",pizza_restaurant,Western nicer,https://www.google.com/maps?cid=9212053440366273991,
Pizzeria Uno,ready,Pizza,2,$$,category estimate,"Chicago, Chicago, IL, US",pizza_restaurant,Casual,https://www.google.com/maps?cid=1063186773568786146,
Quarter Sheets,ready,Pizza,2,$$,category estimate,"Los Angeles, Los Angeles, CA, US",pizza_restaurant,Casual,https://www.google.com/maps?cid=5439697233934470118,
Sartoria Panatieri | Pizzeria Barcelona,ready,Pizza,2,$$,category estimate,"Barcelona, Barcelona, Spain, ES",pizza_restaurant,Casual,https://www.google.com/maps?cid=11889271287026254268,
Sartoria Panatieri | Pizzería Barcelona,ready,Pizza,2,$$,category estimate,"Barcelona, Barcelona, Spain, ES",pizza_restaurant,Casual,https://www.google.com/maps?cid=9833298363824109907,
Sarv's Slice,ready,Pizza,2,$$,category estimate,"London, London, United Kingdom, GB",pizza_restaurant,Casual,https://www.google.com/maps?cid=4829531279766985293,
Secret Pizza,ready,Pizza,2,$$,category estimate,"Los Angeles, Los Angeles, CA, US",pizza_restaurant,Casual,https://www.google.com/maps?cid=17897638709365910172,
Sei Pizza Bar,ready,Pizza,2,$$,category estimate,"Los Angeles, Los Angeles, CA, US",pizza_restaurant,Want to go; Casual,https://www.google.com/maps?cid=1280393895361653217,
Settebello Pizzeria Napoletana,ready,Pizza,2,$$,category estimate,"Pasadena, Pasadena, CA, US",pizza_restaurant,Casual,https://www.google.com/maps?cid=14767780767754943420,
Slice House by Tony Gemignani,ready,Pizza,2,$$,category estimate,"Burbank, Burbank, CA, US",pizza_restaurant,Casual; Want to go,https://www.google.com/maps?cid=11998628013036497460,
SURT,ready,Pizza,2,$$,category estimate,"Copenhagen, Copenhagen, Denmark, DK",pizza_restaurant,Casual,https://www.google.com/maps?cid=5934149368897473502,
Triple Beam Pizza,ready,Pizza,2,$$,category estimate,"Los Angeles, Los Angeles, CA, US",pizza_restaurant,Casual,https://www.google.com/maps?cid=14439294065793254760,
Una Pizza Napoletana,ready,Pizza,2,$$,category estimate,"New York, New York, NY, US",pizza_restaurant,Casual,https://www.google.com/maps?cid=12132304911525935905,
Akahoshi Ramen,ready,Ramen,2,$$,category estimate,"Chicago, Chicago, IL, US",ramen_restaurant,Asian casual; Default list,https://www.google.com/maps?cid=2157346840695116099,
Bone Daddies Soho,ready,Ramen,2,$$,category estimate,"London, London, United Kingdom, GB",ramen_restaurant,Asian casual,https://www.google.com/maps?cid=8024483903378743198,
Bone Daddies Victoria,ready,Ramen,2,$$,category estimate,"London, London, United Kingdom, GB",ramen_restaurant,Asian casual,https://www.google.com/maps?cid=16058617093047968434,
Butao (Central),ready,Ramen,2,$$,category estimate,"Central, Central, Hong Kong, HK",ramen_restaurant,Asian casual,https://www.google.com/maps?cid=15883095126454423198,
Ginza Hachigou,ready,Ramen,2,$$,category estimate,"Chuo City, Chuo City, Tokyo, Japan, JP",ramen_restaurant,Asian casual,https://www.google.com/maps?cid=13357916488765453786,
Ginza Tsukiya,ready,Ramen,2,$$,category estimate,"Chuo City, Chuo City, Tokyo, Japan, JP",ramen_restaurant,Asian casual,https://www.google.com/maps?cid=17057082084971244582,
GONZO!,ready,Ramen,2,$$,category estimate,"Carlsbad, Carlsbad, CA, US",ramen_restaurant,Asian casual,https://www.google.com/maps?cid=4646290334311877854,
Ichitora Ramen,ready,Ramen,2,$$,category estimate,"Wan Chai, Wan Chai, Hong Kong, HK",ramen_restaurant,Asian casual,https://www.google.com/maps?cid=10994641541926822291,
Iruca Tokyo Roppongi,ready,Ramen,2,$$,category estimate,"Minato City, Minato City, Tokyo, Japan, JP",ramen_restaurant,Asian casual,https://www.google.com/maps?cid=10027284661028432112,
Ivan Ramen,ready,Ramen,2,$$,category estimate,"New York, New York, NY, US",ramen_restaurant,Asian casual,https://www.google.com/maps?cid=4142597012995188991,
Kajiken Champaign,ready,Ramen,2,$$,category estimate,"Champaign, Champaign, IL, US",ramen_restaurant,Asian casual,https://www.google.com/maps?cid=16361753514949450726,
Kajiken Ramen,ready,Ramen,2,$$,category estimate,"New York, New York, NY, US",japanese_restaurant,Asian casual,https://www.google.com/maps?cid=4732354247126516282,
Kamitora Tonkotsu Ramen,ready,Ramen,2,$$,category estimate,"Wan Chai, Wan Chai, Hong Kong, HK",ramen_restaurant,Asian casual,https://www.google.com/maps?cid=2409389535122688298,
Karashibi Miso Ramen Kikanbo Kanda Honten,ready,Ramen,2,$$,category estimate,"Chiyoda City, Chiyoda City, Tokyo, Japan, JP",ramen_restaurant,Asian casual,https://www.google.com/maps?cid=13122633145404946701,
Kodawari Ramen (Tsukiji),ready,Ramen,2,$$,category estimate,"Paris, Paris, France, FR",ramen_restaurant,Asian casual,https://www.google.com/maps?cid=1727592373647959246,
Koku Ryu Ramen,ready,Ramen,2,$$,category estimate,"Wan Chai, Wan Chai, Hong Kong, HK",ramen_restaurant,Asian casual,https://www.google.com/maps?cid=10593405321508086764,
Maru De Sankaku鯛白湯拉麵 Central,ready,Ramen,2,$$,category estimate,"Central, Central, Hong Kong, HK",ramen_restaurant,Asian casual,https://www.google.com/maps?cid=14872651582917683206,
Men-ya Inoichi Hanare,ready,Ramen,2,$$,category estimate,"Kyoto, Kyoto, Japan, JP",ramen_restaurant,Asian casual,https://www.google.com/maps?cid=9308459117682630403,
Mensho Tokyo SF,ready,Ramen,2,$$,category estimate,"San Francisco, San Francisco, CA, US",ramen_restaurant,Asian casual,https://www.google.com/maps?cid=17252469779755439990,
Menya Hanabi Arcadia - The Original Nagoya Mazesoba,ready,Ramen,2,$$,category estimate,"Arcadia, Arcadia, CA, US",ramen_restaurant,Asian casual,https://www.google.com/maps?cid=12494569269949751227,
Moeyo Mensuke Ramen,ready,Ramen,2,$$,category estimate,"Osaka, Osaka, Japan, JP",ramen_restaurant,Asian casual,https://www.google.com/maps?cid=15211390249895172293,
Nagahama No.1 Ramen,ready,Ramen,2,$$,category estimate,"Central, Central, Hong Kong, HK",ramen_restaurant,Asian casual,https://www.google.com/maps?cid=463705806280487179,
NEXT Shikaku,ready,Ramen,2,$$,category estimate,"Central, Central, Hong Kong, HK",ramen_restaurant,Asian casual,https://www.google.com/maps?cid=10386948303859539706,
Ramen House Konjiki Hototogisu (THE SOUTHSIDE),ready,Ramen,2,$$,category estimate,"Wong Chuk Hang, Wong Chuk Hang, Hong Kong, HK",ramen_restaurant,Asian casual,https://www.google.com/maps?cid=5304151624154519951,
Ramen Kamo to Negi Ueno Okachimachi Main Store,ready,Ramen,2,$$,category estimate,"Taito City, Taito City, Tokyo, Japan, JP",ramen_restaurant,Asian casual,https://www.google.com/maps?cid=16545202979838677239,
Ramen Nagi,ready,Ramen,2,$$,category estimate,"Arcadia, Arcadia, CA, US",japanese_restaurant,Asian casual,https://www.google.com/maps?cid=17457456971164546348,
Ramen Nishiki,ready,Ramen,2,$$,category estimate,"Kyoto, Kyoto, Japan, JP",ramen_restaurant,Asian casual,https://www.google.com/maps?cid=14050527343501950581,
Ramen Tatsunoya,ready,Ramen,2,$$,category estimate,"Pasadena, Pasadena, CA, US",ramen_restaurant,Asian casual,https://www.google.com/maps?cid=14283333875655335111,
Ramenya Shima,ready,Ramen,2,$$,category estimate,"Shibuya, Shibuya, Tokyo, Japan, JP",ramen_restaurant,Asian casual,https://www.google.com/maps?cid=12760060714749299394,
Sato Ramen House,ready,Ramen,2,$$,category estimate,"Pasadena, Pasadena, CA, US",ramen_restaurant,Asian casual,https://www.google.com/maps?cid=13832675945279145074,
Shugetsu (Central),ready,Ramen,2,$$,category estimate,"Central, Central, Hong Kong, HK",ramen_restaurant,Asian casual,https://www.google.com/maps?cid=17020316557675358091,
Slurp Ramen,ready,Ramen,2,$$,category estimate,"Copenhagen, Copenhagen, Denmark, DK",ramen_restaurant,Asian casual,https://www.google.com/maps?cid=10201153255525275854,
Takano Ramen (K11 MUSEA),ready,Ramen,2,$$,category estimate,"Tsim Sha Tsui, Tsim Sha Tsui, Hong Kong, HK",ramen_restaurant,Asian casual,https://www.google.com/maps?cid=5776980450373795640,
Takesan Donabe Ramen Opéra,ready,Ramen,2,$$,category estimate,"Paris, Paris, France, FR",ramen_restaurant,Asian casual,https://www.google.com/maps?cid=3601224063966311497,
TONCHIN BROOKLYN,ready,Ramen,2,$$,category estimate,"Brooklyn, Brooklyn, NY, US",ramen_restaurant,Asian casual,https://www.google.com/maps?cid=16060920744949073094,
Tsujita Higobashi,ready,Ramen,2,$$,category estimate,"Osaka, Osaka, Japan, JP",ramen_restaurant,Asian casual,https://www.google.com/maps?cid=16132070691390919343,
Tsujita LA Artisan Noodles,ready,Ramen,2,$$,category estimate,"Los Angeles, Los Angeles, CA, US",ramen_restaurant,Asian casual,https://www.google.com/maps?cid=17719888859871212575,
Tsujita Shinsaibashi,ready,Ramen,2,$$,category estimate,"Osaka, Osaka, Japan, JP",ramen_restaurant,Asian casual,https://www.google.com/maps?cid=3665299552480428035,
TSUKE Artisan Noodle,ready,Ramen,2,$$,category estimate,"San Gabriel, San Gabriel, CA, US",ramen_restaurant,Asian casual,https://www.google.com/maps?cid=701966869002360882,
幕多 (尖沙咀),ready,Ramen,2,$$,category estimate,"Tsim Sha Tsui, Tsim Sha Tsui, Hong Kong, HK",ramen_restaurant,Asian casual,https://www.google.com/maps?cid=8372654835629400799,
Anjappar Chettinad Indian Restaurant,ready,South Asian,2,$$,category estimate,"Tsim Sha Tsui, Tsim Sha Tsui, Hong Kong, HK",indian_restaurant,Casual,https://www.google.com/maps?cid=10490743063727926830,
Ashoka The Great Cuisine Of India,ready,South Asian,2,$$,category estimate,"Artesia, Artesia, CA, US",indian_restaurant,Casual,https://www.google.com/maps?cid=9228153894824188429,
Besharam,ready,South Asian,2,$$,category estimate,"San Francisco, San Francisco, CA, US",indian_restaurant,Casual,https://www.google.com/maps?cid=8581795061234155490,
Bhanu Indian Cuisine & Market,ready,South Asian,2,$$,category estimate,"San Gabriel, San Gabriel, CA, US",indian_restaurant,Casual,https://www.google.com/maps?cid=15510799542061924991,
Bombay Bustle,ready,South Asian,2,$$,category estimate,"London, London, United Kingdom, GB",indian_restaurant,Western nicer,https://www.google.com/maps?cid=13197912625281202070,
Bombay Dreams,ready,South Asian,2,$$,category estimate,"Central, Central, Hong Kong, HK",indian_restaurant,Western nicer,https://www.google.com/maps?cid=10391887003229370852,
Chautari Restaurant,ready,South Asian,2,$$,category estimate,"Sheung Wan, Sheung Wan, Hong Kong, HK",indian_restaurant,Casual,https://www.google.com/maps?cid=3590667776652574016,
"Chourangi - Best Indian Restaurant in London, UK",ready,South Asian,2,$$,category estimate,"London, London, United Kingdom, GB",indian_restaurant,Western nicer,https://www.google.com/maps?cid=12308780722954882865,
Chutney Tandoor House,ready,South Asian,2,$$,category estimate,"Central, Central, Hong Kong, HK",modern_indian_restaurant,Western nicer,https://www.google.com/maps?cid=9913786588155260986,
Colonel Saab High Holborn,ready,South Asian,2,$$,category estimate,"London, London, United Kingdom, GB",indian_restaurant,Casual,https://www.google.com/maps?cid=1589804327701290707,
Copra,ready,South Asian,2,$$,category estimate,"San Francisco, San Francisco, CA, US",indian_restaurant,Casual,https://www.google.com/maps?cid=2014299451089600556,
Empire Empire,ready,South Asian,2,$$,category estimate,"London, London, United Kingdom, GB",indian_restaurant,Casual,https://www.google.com/maps?cid=15376005746948425082,
Gaylord Indian Restaurant,ready,South Asian,2,$$,category estimate,"Tsim Sha Tsui, Tsim Sha Tsui, Hong Kong, HK",indian_restaurant,Casual,https://www.google.com/maps?cid=14182270883172064768,
Hoppers Marylebone,ready,South Asian,2,$$,category estimate,"London, London, United Kingdom, GB",sri_lankan_restaurant,Casual,https://www.google.com/maps?cid=15617835826059494377,
Hyderabad House,ready,South Asian,2,$$,category estimate,"Chicago, Chicago, IL, US",restaurant,Casual,https://www.google.com/maps?cid=6913160136347619946,
Jo Jo Indian Cuisine,ready,South Asian,2,$$,category estimate,"Wan Chai, Wan Chai, Hong Kong, HK",indian_restaurant,Western nicer,https://www.google.com/maps?cid=15201814003949585153,
Kohinoor Indian Restaurant and Lounge,ready,South Asian,2,$$,category estimate,"Champaign, Champaign, IL, US",restaurant,Casual,https://www.google.com/maps?cid=6359174808115840268,
Kotuwa,ready,South Asian,2,$$,category estimate,"Singapore, SG",sri_lankan_restaurant,Western nicer,https://www.google.com/maps?cid=14138786652240232208,
Kricket Soho,ready,South Asian,2,$$,category estimate,"London, London, United Kingdom, GB",indian_restaurant,Western nicer,https://www.google.com/maps?cid=6058777204676259184,
Kurrypinch | Modern Sri Lankan Cuisine by Chef G,ready,South Asian,2,$$,category estimate,"Los Angeles, Los Angeles, CA, US",sri_lankan_restaurant,Casual,https://www.google.com/maps?cid=13702560534714658864,
Leela,ready,South Asian,2,$$,category estimate,"Causeway Bay, Causeway Bay, Hong Kong, HK",indian_restaurant,Western nicer,https://www.google.com/maps?cid=13275611623286300117,
Manakamana Nepali Restaurant,ready,South Asian,2,$$,category estimate,"Jordan, Jordan, Hong Kong, HK",nepalese_restaurant,Casual,https://www.google.com/maps?cid=10238270194515796294,
Manthan,ready,South Asian,2,$$,category estimate,"London, London, United Kingdom, GB",indian_restaurant,Western nicer,https://www.google.com/maps?cid=18269555213629957676,
Oudh 1722,ready,South Asian,2,$$,category estimate,"London, London, United Kingdom, GB",indian_restaurant,Western nicer,https://www.google.com/maps?cid=17333438995973834821,
Pahli Hill Bandra Bhai,ready,South Asian,2,$$,category estimate,"London, London, United Kingdom, GB",indian_restaurant,Want to go; Western nicer,https://www.google.com/maps?cid=11675324515308895728,
Prince and The Peacock,ready,South Asian,2,$$,category estimate,"Central, Central, Hong Kong, HK",restaurant,Western nicer,https://www.google.com/maps?cid=2643195533927868921,
Rajasthan Rifles,ready,South Asian,2,$$,category estimate,"Central, Central, Hong Kong, HK",indian_restaurant,Western nicer,https://www.google.com/maps?cid=11774643317804635110,
Rambutan,ready,South Asian,2,$$,category estimate,"London, London, United Kingdom, GB",sri_lankan_restaurant,Default list; Western nicer,https://www.google.com/maps?cid=256573347670374579,
The Regency Club,ready,South Asian,2,$$,category estimate,"Edgware, Edgware, United Kingdom, GB",indian_restaurant,Casual,https://www.google.com/maps?cid=16968866571489748090,
Yeti Restaurant,ready,South Asian,2,$$,category estimate,"Davis, Davis, CA, US",indian_restaurant,Casual,https://www.google.com/maps?cid=5439325244514349848,
7 Floor Malaysia Tea Room,ready,Southeast Asian,2,$$,category estimate,"London, London, United Kingdom, GB",malaysian_restaurant,Asian casual,https://www.google.com/maps?cid=9292895226959799737,
An Choi in HK,ready,Southeast Asian,2,$$,category estimate,"Sheung Wan, Sheung Wan, Hong Kong, HK",vietnamese_restaurant,Asian casual,https://www.google.com/maps?cid=3362697525528314547,
Asura,ready,Southeast Asian,2,$$,category estimate,"Tsim Sha Tsui, Tsim Sha Tsui, Hong Kong, HK",thai_restaurant,Asian casual,https://www.google.com/maps?cid=14439056159988783003,
Ayam Gepuk Kg Pandan,ready,Southeast Asian,2,$$,category estimate,"Kuala Lumpur, Kuala Lumpur, Federal Territory of Kuala Lumpur, Malaysia, MY",malaysian_restaurant,Asian casual,https://www.google.com/maps?cid=4647545367340139630,
Ayam Gepuk Top Global TTDI,ready,Southeast Asian,2,$$,category estimate,"Kuala Lumpur, Kuala Lumpur, Federal Territory of Kuala Lumpur, Malaysia, MY",indonesian_restaurant,Asian casual,https://www.google.com/maps?cid=10381969852473318688,
Baan Phadthai,ready,Southeast Asian,2,$$,category estimate,"Bang Rak, Bang Rak, Bangkok, Thailand, TH",thai_restaurant,Asian casual,https://www.google.com/maps?cid=9619203171561343722,
Baan Rao Thai Restaurant,ready,Southeast Asian,2,$$,category estimate,"Lantau Island, Lantau Island, Hong Kong, HK",thai_restaurant,Asian casual,https://www.google.com/maps?cid=8447960051742254589,
Banana Leaf,ready,Southeast Asian,2,$$,category estimate,"Temple City, Temple City, CA, US",indonesian_restaurant,Asian casual,https://www.google.com/maps?cid=876719297982972717,
Bangkok Bold Kitchen at Central Embassy,ready,Southeast Asian,2,$$,category estimate,"Pathum Wan, Pathum Wan, Bangkok, Thailand, TH",thai_restaurant,Asian casual,https://www.google.com/maps?cid=1638462116833185881,
Bangkok Supper Club,ready,Southeast Asian,2,$$,category estimate,"New York, New York, NY, US",thai_restaurant,Asian casual,https://www.google.com/maps?cid=11835826344916881018,
Bánh Anh Em,ready,Southeast Asian,2,$$,category estimate,"New York, New York, NY, US",vietnamese_restaurant,Asian casual,https://www.google.com/maps?cid=5340050237851437698,
Bánh Bèo Huế O Trinh,ready,Southeast Asian,2,$$,category estimate,"Ho Chi Minh, Ho Chi Minh, Vietnam, VN",vietnamese_restaurant,Asian casual,https://www.google.com/maps?cid=13808951146370016455,
Bánh Mì Cô Út,ready,Southeast Asian,2,$$,category estimate,"New York, New York, NY, US",vietnamese_restaurant,Asian casual,https://www.google.com/maps?cid=4805976662203488461,
Banh Mi Hoa Phat,ready,Southeast Asian,2,$$,category estimate,"Monterey Park, Monterey Park, CA, US",vietnamese_restaurant,Asian casual; Want to go,https://www.google.com/maps?cid=16771733034030292092,
Banh Mi Nem,ready,Southeast Asian,2,$$,category estimate,"Wan Chai, Wan Chai, Hong Kong, HK",vietnamese_restaurant,Asian casual,https://www.google.com/maps?cid=2804001655454596186,
Bánh Xèo Bà Dưỡng,ready,Southeast Asian,2,$$,category estimate,"Da Nang, Da Nang, Vietnam, VN",vietnamese_restaurant,Asian casual,https://www.google.com/maps?cid=16504230407304081311,
Belly,ready,Southeast Asian,2,$$,category estimate,"London, London, United Kingdom, GB",filipino_restaurant,Western nicer,https://www.google.com/maps?cid=8230024827235080999,
Bếp Mẹ Ỉn - Vietnamese Restaurant,ready,Southeast Asian,2,$$,category estimate,"Ho Chi Minh, Ho Chi Minh, Vietnam, VN",vietnamese_restaurant,Asian casual,https://www.google.com/maps?cid=4821895918633354167,
Bun Cha 1008,ready,Southeast Asian,2,$$,category estimate,"Stanton, Stanton, CA, US",vietnamese_restaurant,Asian casual,https://www.google.com/maps?cid=4769362837429831916,
Bún chả Hương Liên,ready,Southeast Asian,2,$$,category estimate,"Ha Noi, Ha Noi, Vietnam, VN",vietnamese_restaurant,Asian casual,https://www.google.com/maps?cid=9108413969528951015,
Cay Tre Soho,ready,Southeast Asian,2,$$,category estimate,"London, London, United Kingdom, GB",vietnamese_restaurant,Asian casual,https://www.google.com/maps?cid=12173991135406672666,
Chả Cá Lã Vọng,ready,Southeast Asian,2,$$,category estimate,"Ho Chi Minh, Ho Chi Minh, Vietnam, VN",vietnamese_restaurant,Asian casual,https://www.google.com/maps?cid=10999275596918121305,
Champak Resturant by ATUM,ready,Southeast Asian,2,$$,category estimate,"Mong Kok, Mong Kok, Hong Kong, HK",thai_restaurant,Asian casual,https://www.google.com/maps?cid=11431445424267397514,
Champor-Champor,ready,Southeast Asian,2,$$,category estimate,"London, London, United Kingdom, GB",thai_restaurant,Asian casual,https://www.google.com/maps?cid=16415612202000688453,
Chao Krung Thai,ready,Southeast Asian,2,$$,category estimate,"Los Angeles, Los Angeles, CA, US",thai_restaurant,Asian casual,https://www.google.com/maps?cid=17673482243836998847,
Chet's,ready,Southeast Asian,2,$$,category estimate,"London, London, United Kingdom, GB",thai_restaurant,Asian casual,https://www.google.com/maps?cid=13910923896284752716,
Chôm Chôm,ready,Southeast Asian,2,$$,category estimate,"Central, Central, Hong Kong, HK",vietnamese_restaurant,Asian casual,https://www.google.com/maps?cid=8442856505204971159,
City Càphê,ready,Southeast Asian,2,$$,category estimate,"London, London, United Kingdom, GB",vietnamese_restaurant,Asian casual,https://www.google.com/maps?cid=17617590864755774949,
Cô Thành,ready,Southeast Asian,2,$$,category estimate,"London, London, United Kingdom, GB",vietnamese_restaurant,Asian casual,https://www.google.com/maps?cid=15822362608043533538,
Com Tam Kieu Restaurant,ready,Southeast Asian,2,$$,category estimate,"San Gabriel, San Gabriel, CA, US",vietnamese_restaurant,Asian casual,https://www.google.com/maps?cid=14835302766087147536,
Đào Liễu,ready,Southeast Asian,2,$$,category estimate,"Ho Chi Minh, Ho Chi Minh, Vietnam, VN",vietnamese_restaurant,Asian casual,https://www.google.com/maps?cid=4245235736477246412,
E-Jae Pak Mor,ready,Southeast Asian,2,$$,category estimate,"Seattle, Seattle, WA, US",thai_restaurant,Asian casual,https://www.google.com/maps?cid=11899277438664297980,
Elar's Lechon the Original,ready,Southeast Asian,2,$$,category estimate,"Quezon City, Quezon City, Metro Manila, Philippines, PH",lechon_restaurant,Asian casual,https://www.google.com/maps?cid=17297644433235985534,
Farang London,ready,Southeast Asian,2,$$,category estimate,"London, London, United Kingdom, GB",thai_restaurant,Asian casual,https://www.google.com/maps?cid=11679642036243996398,
Fish Cheeks,ready,Southeast Asian,2,$$,category estimate,"New York, New York, NY, US",thai_restaurant,Asian casual,https://www.google.com/maps?cid=719976793782274368,
Hà,ready,Southeast Asian,2,$$,category estimate,"Ha Noi, Ha Noi, Vietnam, VN",pho_restaurant,Asian casual,https://www.google.com/maps?cid=8054910055158635592,
Ha's Snack Bar,ready,Southeast Asian,2,$$,category estimate,"New York, New York, NY, US",restaurant,Asian casual,https://www.google.com/maps?cid=6416295664439432078,
Hai Nam Saigon,ready,Southeast Asian,2,$$,category estimate,"Alhambra, Alhambra, CA, US",vietnamese_restaurant,Asian casual,https://www.google.com/maps?cid=13542555370112691079,
HaiSous Vietnamese Kitchen,ready,Southeast Asian,2,$$,category estimate,"Chicago, Chicago, IL, US",vietnamese_restaurant,Asian casual,https://www.google.com/maps?cid=14555020182035843465,
Hanuman Thai Eatery,ready,Southeast Asian,2,$$,category estimate,"Costa Mesa, Costa Mesa, CA, US",thai_restaurant,Asian casual,https://www.google.com/maps?cid=1636960801529633082,
Here Duan (Banthat Thong),ready,Southeast Asian,2,$$,category estimate,"Pathum Wan, Pathum Wan, Bangkok, Thailand, TH",thai_restaurant,Asian casual,https://www.google.com/maps?cid=524935244971962758,
Hug Esan,ready,Southeast Asian,2,$$,category estimate,"Elmhurst, Elmhurst, NY, US",thai_restaurant,Asian casual,https://www.google.com/maps?cid=9826995649354577465,
Ipoh Kopitiam,ready,Southeast Asian,1,$,Google Places,"Alhambra, Alhambra, CA, US",malaysian_restaurant,Asian casual,https://www.google.com/maps?cid=5397450133416429658,
Jitlada Restaurant,ready,Southeast Asian,2,$$,category estimate,"Los Angeles, Los Angeles, CA, US",thai_restaurant,Asian casual,https://www.google.com/maps?cid=2904124693560473337,
Kaew Jao Jorm,ready,Southeast Asian,2,$$,category estimate,"Brooklyn, Brooklyn, NY, US",thai_restaurant,Asian casual,https://www.google.com/maps?cid=913600102386483443,
Kasama,ready,Southeast Asian,2,$$,category estimate,"Chicago, Chicago, IL, US",filipino_restaurant,Casual; Want to go,https://www.google.com/maps?cid=1511937650574120901,
Katong Laksa (George's),ready,Southeast Asian,2,$$,category estimate,"Singapore, SG",hawker_stall,Asian casual,https://www.google.com/maps?cid=9710001270862804834,
Kelang,ready,Southeast Asian,2,$$,category estimate,"Brooklyn, Brooklyn, NY, US",malaysian_restaurant,Asian casual,https://www.google.com/maps?cid=3415886210242430372,
Kevin & Chris’s Noodle House,ready,Southeast Asian,2,$$,category estimate,"San Francisco, San Francisco, CA, US",vietnamese_restaurant,Asian casual,https://www.google.com/maps?cid=11358015950526245521,
"Khao San (Megabox, Kowloon Bay)",ready,Southeast Asian,2,$$,category estimate,"Kowloon Bay, Kowloon Bay, Hong Kong, HK",thai_restaurant,Asian casual,https://www.google.com/maps?cid=6657018380231366232,
Kin Khao Thai Eatery,ready,Southeast Asian,2,$$,category estimate,"Monrovia, Monrovia, CA, US",thai_restaurant,Asian casual,https://www.google.com/maps?cid=8237161168762921810,
Kingfisher,ready,Southeast Asian,2,$$,category estimate,"San Diego, San Diego, CA, US",vietnamese_restaurant,Asian casual,https://www.google.com/maps?cid=13402879480771353149,
KJB Pho & Eggrolls,ready,Southeast Asian,2,$$,category estimate,"Costa Mesa, Costa Mesa, CA, US",restaurant,Asian casual,https://www.google.com/maps?cid=17101177337183528811,
Kuya Lord,ready,Southeast Asian,2,$$,category estimate,"Los Angeles, Los Angeles, CA, US",filipino_restaurant,Asian casual,https://www.google.com/maps?cid=15049910070204482530,
La Dong,ready,Southeast Asian,2,$$,category estimate,"New York, New York, NY, US",vietnamese_restaurant,Asian casual,https://www.google.com/maps?cid=7982730646946057228,
Lanxang Thai Restaurant,ready,Southeast Asian,2,$$,category estimate,"Champaign, Champaign, IL, US",thai_restaurant,Asian casual,https://www.google.com/maps?cid=13193760753783404427,
Le Pho WeHo,ready,Southeast Asian,2,$$,category estimate,"West Hollywood, West Hollywood, CA, US",restaurant,Asian casual,https://www.google.com/maps?cid=5746867412073597706,
Le Viet,ready,Southeast Asian,2,$$,category estimate,"Tsim Sha Tsui, Tsim Sha Tsui, Hong Kong, HK",vietnamese_restaurant,Asian casual,https://www.google.com/maps?cid=11304817738377208006,
Luv2eat Thai Bistro,ready,Southeast Asian,2,$$,category estimate,"Los Angeles, Los Angeles, CA, US",thai_restaurant,Asian casual,https://www.google.com/maps?cid=12528156803725902974,
Mắm,ready,Southeast Asian,2,$$,category estimate,"New York, New York, NY, US",vietnamese_restaurant,Asian casual,https://www.google.com/maps?cid=1195473898074130668,
Mama Hong's,ready,Southeast Asian,2,$$,category estimate,"Orange, Orange, CA, US",vietnamese_restaurant,Asian casual,https://www.google.com/maps?cid=7366365779243796303,
Mama Tiger Noodles,ready,Southeast Asian,2,$$,category estimate,"Central, Central, Hong Kong, HK",thai_restaurant,Asian casual,https://www.google.com/maps?cid=13287105426270758167,
Med Salleh Kopitiam,ready,Southeast Asian,2,$$,category estimate,"London, London, United Kingdom, GB",malaysian_restaurant,Asian casual,https://www.google.com/maps?cid=12097851676714728314,
Medan Kitchen,ready,Southeast Asian,2,$$,category estimate,"Rosemead, Rosemead, CA, US",indonesian_restaurant,Asian casual,https://www.google.com/maps?cid=13764534464633859009,
Mesa Thai Cuisine,ready,Southeast Asian,2,$$,category estimate,"Los Angeles, Los Angeles, CA, US",thai_restaurant,Asian casual,https://www.google.com/maps?cid=15647728222420881362,
MIYA มีญ่า,ready,Southeast Asian,2,$$,category estimate,"Altadena, Altadena, CA, US",thai_restaurant,Asian casual,https://www.google.com/maps?cid=13565441499958653708,
Naks,ready,Southeast Asian,2,$$,category estimate,"New York, New York, NY, US",filipino_restaurant,Casual,https://www.google.com/maps?cid=10096959100828512788,
NASI KERABU MOKNAB MALURI CHERAS,ready,Southeast Asian,2,$$,category estimate,"Cheras, Cheras, Federal Territory of Kuala Lumpur, Malaysia, MY",nasi_restaurant,Asian casual,https://www.google.com/maps?cid=16724404107491753035,
Ngon Ngon,ready,Southeast Asian,2,$$,category estimate,"London, London, United Kingdom, GB",vietnamese_restaurant,Asian casual,https://www.google.com/maps?cid=8153869400448066453,
Ngự Bình Restaurant,ready,Southeast Asian,2,$$,category estimate,"Westminster, Westminster, CA, US",vietnamese_restaurant,Asian casual,https://www.google.com/maps?cid=16627396624807294826,
Nha Trang Vietnamese Cuisine,ready,Southeast Asian,2,$$,category estimate,"Pasadena, Pasadena, CA, US",vietnamese_restaurant,Asian casual,https://www.google.com/maps?cid=9939150669218622946,
Night + Market Song,ready,Southeast Asian,2,$$,category estimate,"Los Angeles, Los Angeles, CA, US",thai_restaurant,Asian casual,https://www.google.com/maps?cid=13070593271424050212,
Nipa Thai,ready,Southeast Asian,2,$$,Google Places,"London, London, United Kingdom, GB",thai_restaurant,Asian casual,https://www.google.com/maps?cid=10394003140112035153,
Nón Lá,ready,Southeast Asian,2,$$,category estimate,"New York, New York, NY, US",vietnamese_restaurant,Asian casual,https://www.google.com/maps?cid=1948398277068817600,
Normah's,ready,Southeast Asian,2,$$,category estimate,"London, London, United Kingdom, GB",malaysian_restaurant,Asian casual,https://www.google.com/maps?cid=13146143453482097832,
Ong Lai Kopitiam,ready,Southeast Asian,2,$$,category estimate,"London, London, United Kingdom, GB",malaysian_restaurant,Asian casual,https://www.google.com/maps?cid=5122831664647213039,
Pa Ord Noodle,ready,Southeast Asian,2,$$,category estimate,"Los Angeles, Los Angeles, CA, US",thai_restaurant,Asian casual,https://www.google.com/maps?cid=18138388783403220598,
Pandan Leaf Indonesian Food,ready,Southeast Asian,2,$$,category estimate,"Causeway Bay, Causeway Bay, Hong Kong, HK",indonesian_restaurant,Asian casual; Want to go,https://www.google.com/maps?cid=5540121026224123758,
Phat Phuc Noodle Bar,ready,Southeast Asian,2,$$,category estimate,"London, London, United Kingdom, GB",vietnamese_restaurant,Asian casual,https://www.google.com/maps?cid=18023201915501093142,
Pho 10 Ly Quoc Su,ready,Southeast Asian,2,$$,category estimate,"Ha Noi, Ha Noi, Vietnam, VN",pho_restaurant,Asian casual,https://www.google.com/maps?cid=17916388403015504363,
Phở 87,ready,Southeast Asian,2,$$,category estimate,"Los Angeles, Los Angeles, CA, US",vietnamese_restaurant,Asian casual,https://www.google.com/maps?cid=12939590075768877217,
Phở Bánh Mì Chè Cali,ready,Southeast Asian,2,$$,category estimate,"Pasadena, Pasadena, CA, US",vietnamese_restaurant,Asian casual,https://www.google.com/maps?cid=17102838573542210229,
Pho Binh,ready,Southeast Asian,2,$$,category estimate,"Ha Noi, Ha Noi, Vietnam, VN",pho_restaurant,Asian casual,https://www.google.com/maps?cid=8394879268517149352,
Pho Ga 26,ready,Southeast Asian,2,$$,category estimate,"Ha Noi, Ha Noi, Vietnam, VN",pho_restaurant,Asian casual,https://www.google.com/maps?cid=12415549703230439121,
Phở Gà Bò Hương Bình,ready,Southeast Asian,2,$$,category estimate,"Ho Chi Minh, Ho Chi Minh, Vietnam, VN",pho_restaurant,Asian casual,https://www.google.com/maps?cid=9576693014418456529,
Pho Kadao,ready,Southeast Asian,2,$$,category estimate,"Rosemead, Rosemead, CA, US",vietnamese_restaurant,Asian casual,https://www.google.com/maps?cid=11148918997383457530,
Pho Ngoon,ready,Southeast Asian,2,$$,category estimate,"San Gabriel, San Gabriel, CA, US",vietnamese_restaurant,Asian casual,https://www.google.com/maps?cid=1261449909671046844,
Pho Saigon Republic,ready,Southeast Asian,2,$$,category estimate,"Los Angeles, Los Angeles, CA, US",vietnamese_restaurant,Asian casual,https://www.google.com/maps?cid=16832473049558247159,
Pho Vit 115,ready,Southeast Asian,2,$$,category estimate,"El Monte, El Monte, CA, US",vietnamese_restaurant,Asian casual,https://www.google.com/maps?cid=10550931726157943446,
PIN TO,ready,Southeast Asian,2,$$,category estimate,"Wan Chai, Wan Chai, Hong Kong, HK",thai_restaurant,Asian casual,https://www.google.com/maps?cid=4089759462259667816,
Platapian Soho,ready,Southeast Asian,2,$$,category estimate,"London, London, United Kingdom, GB",thai_restaurant,Asian casual,https://www.google.com/maps?cid=12361153155713942110,
Plaza Khao Gaeng Tottenham Court Road,ready,Southeast Asian,2,$$,category estimate,"London, London, United Kingdom, GB",thai_restaurant,Asian casual,https://www.google.com/maps?cid=17735768413423196191,
Pranakhon,ready,Southeast Asian,2,$$,category estimate,"New York, New York, NY, US",thai_restaurant,Asian casual,https://www.google.com/maps?cid=753707069040689621,
President Thai Restaurant,ready,Southeast Asian,2,$$,category estimate,"Pasadena, Pasadena, CA, US",thai_restaurant,Asian casual,https://www.google.com/maps?cid=9673927909284676284,
Prik-Yuak,ready,Southeast Asian,2,$$,category estimate,"Phaya Thai, Phaya Thai, Bangkok, Thailand, TH",thai_restaurant,Asian casual,https://www.google.com/maps?cid=9362316531038215559,
Quán 295E Việt - Thái,ready,Southeast Asian,2,$$,category estimate,"Ho Chi Minh, Ho Chi Minh, Vietnam, VN",restaurant,Asian casual,https://www.google.com/maps?cid=7494361057433652826,
Quan Nem Restaurant,ready,Southeast Asian,2,$$,category estimate,"Ho Chi Minh, Ho Chi Minh, Vietnam, VN",vietnamese_restaurant,Asian casual,https://www.google.com/maps?cid=3952559707961084783,
Quan Ngon Nha Trang Restaurant,ready,Southeast Asian,2,$$,category estimate,"San Gabriel, San Gabriel, CA, US",vietnamese_restaurant,Asian casual,https://www.google.com/maps?cid=15394554149799443805,
Rasa Sayang Restaurant,ready,Southeast Asian,2,$$,category estimate,"London, London, United Kingdom, GB",malaysian_restaurant,Asian casual,https://www.google.com/maps?cid=9949291564257742226,
Roasted Duck by Pa Ord,ready,Southeast Asian,2,$$,category estimate,"Los Angeles, Los Angeles, CA, US",thai_restaurant,Asian casual,https://www.google.com/maps?cid=1118561587943505629,
Roti King,ready,Southeast Asian,2,$$,category estimate,"London, London, United Kingdom, GB",malaysian_restaurant,Asian casual,https://www.google.com/maps?cid=10137998710171492266,
Ruen Pair,ready,Southeast Asian,2,$$,category estimate,"Los Angeles, Los Angeles, CA, US",thai_restaurant,Asian casual,https://www.google.com/maps?cid=10635960683071135803,
Sabah Malaysian Cuisine,ready,Southeast Asian,2,$$,category estimate,"Wan Chai, Wan Chai, Hong Kong, HK",malaysian_restaurant,Asian casual,https://www.google.com/maps?cid=2950681870800880246,
Saigon Social,ready,Southeast Asian,2,$$,category estimate,"New York, New York, NY, US",vietnamese_restaurant,Asian casual,https://www.google.com/maps?cid=964477332526801825,
Saji,ready,Southeast Asian,2,$$,category estimate,"Copenhagen, Copenhagen, Denmark, DK",indonesian_restaurant,Asian casual,https://www.google.com/maps?cid=13712614352674818938,
Same Same Thai,ready,Southeast Asian,2,$$,category estimate,"Los Angeles, Los Angeles, CA, US",thai_restaurant,Asian casual,https://www.google.com/maps?cid=12150371063735338401,
Saranrom Thai,ready,Southeast Asian,2,$$,category estimate,"Elmhurst, Elmhurst, NY, US",thai_restaurant,Asian casual,https://www.google.com/maps?cid=18090653985916178654,
SATO SAMMOSORN,ready,Southeast Asian,2,$$,category estimate,"Ratchathewi, Ratchathewi, Bangkok, Thailand, TH",thai_restaurant,Western nicer,https://www.google.com/maps?cid=14200235197059922223,
Smoking Goat Shoreditch,ready,Southeast Asian,2,$$,category estimate,"London, London, United Kingdom, GB",thai_restaurant,Western nicer,https://www.google.com/maps?cid=1567628428332190086,
SOI 29 CHEF KEY (WAN CHAI),ready,Southeast Asian,2,$$,category estimate,"Wan Chai, Wan Chai, Hong Kong, HK",thai_restaurant,Asian casual; Want to go,https://www.google.com/maps?cid=9685386769046107274,
SOMA Bangkok,ready,Southeast Asian,2,$$,category estimate,"Pathum Wan, Pathum Wan, Bangkok, Thailand, TH",thai_restaurant,Asian casual,https://www.google.com/maps?cid=14916727893048810918,
Soothr,ready,Southeast Asian,2,$$,category estimate,"New York, New York, NY, US",thai_restaurant,Asian casual,https://www.google.com/maps?cid=6610913188635627298,
Speedboat Bar,ready,Southeast Asian,2,$$,category estimate,"London, London, United Kingdom, GB",thai_restaurant,Asian casual,https://www.google.com/maps?cid=1457660498308052845,
Sri Trat Restaurant and Bar,ready,Southeast Asian,2,$$,category estimate,"Watthana, Watthana, Bangkok, Thailand, TH",thai_restaurant,Asian casual,https://www.google.com/maps?cid=1936812339250291051,
Sticky Rice,ready,Southeast Asian,2,$$,category estimate,"Los Angeles, Los Angeles, CA, US",thai_restaurant,Asian casual,https://www.google.com/maps?cid=16242404911740484560,
Sticky Rice,ready,Southeast Asian,2,$$,category estimate,"Los Angeles, Los Angeles, CA, US",thai_restaurant,Asian casual,https://www.google.com/maps?cid=4307005673510253096,
Sticky Rice - Downtown,ready,Southeast Asian,2,$$,category estimate,"Champaign, Champaign, IL, US",thai_restaurant,Asian casual,https://www.google.com/maps?cid=1177134330335944600,
Suahoy,ready,Southeast Asian,2,$$,category estimate,"Geneva, Geneva, Switzerland, CH",thai_restaurant,Asian casual,https://www.google.com/maps?cid=7900846930743293224,
SUKH,ready,Southeast Asian,2,$$,category estimate,"Brooklyn, Brooklyn, NY, US",thai_restaurant,Asian casual,https://www.google.com/maps?cid=7234949183204858014,
Summer Rolls,ready,Southeast Asian,2,$$,category estimate,"Temple City, Temple City, CA, US",vietnamese_restaurant,Asian casual,https://www.google.com/maps?cid=285029106583498198,
Thai Fat Restaurant,ready,Southeast Asian,2,$$,category estimate,"Kowloon City, Kowloon City, Hong Kong, HK",thai_restaurant,Asian casual,https://www.google.com/maps?cid=4409699124441956280,
Thai Pai Dong,ready,Southeast Asian,2,$$,category estimate,"Jordan, Jordan, Hong Kong, HK",thai_restaurant,Asian casual,https://www.google.com/maps?cid=1491145567500496180,
The Boat,ready,Southeast Asian,2,$$,category estimate,"Seattle, Seattle, WA, US",vietnamese_restaurant,Asian casual,https://www.google.com/maps?cid=7335261786099745494,
The Pig and The Lady,ready,Southeast Asian,2,$$,category estimate,"Honolulu, Honolulu, HI, US",vietnamese_restaurant,Asian casual,https://www.google.com/maps?cid=4339913891030827719,
The Spice House Restaurant,ready,Southeast Asian,2,$$,category estimate,"Wan Chai, Wan Chai, Hong Kong, HK",thai_restaurant,Asian casual,https://www.google.com/maps?cid=5407663869152656709,
Thien An Bo 7 Mon,ready,Southeast Asian,2,$$,category estimate,"Rosemead, Rosemead, CA, US",vietnamese_restaurant,Asian casual,https://www.google.com/maps?cid=5048105995379876286,
Thien Huong Restaurant,ready,Southeast Asian,2,$$,category estimate,"Los Angeles, Los Angeles, CA, US",vietnamese_restaurant,Asian casual,https://www.google.com/maps?cid=18004257388072652823,
Tom-Yum Tum-Gang,ready,Southeast Asian,2,$$,category estimate,"Glebe, Glebe NSW, Australia, AU",thai_restaurant,Asian casual,https://www.google.com/maps?cid=7247814775678374814,
Un-Yang-Kor-Dai Singapore,ready,Southeast Asian,2,$$,category estimate,"Singapore, SG",thai_restaurant,Asian casual; Default list,https://www.google.com/maps?cid=9144527031365064518,
Untable,ready,Southeast Asian,2,$$,category estimate,"Brooklyn, Brooklyn, NY, US",thai_restaurant,Asian casual,https://www.google.com/maps?cid=5088790729147422923,
Viet,ready,Southeast Asian,2,$$,category estimate,"Happy Valley, Happy Valley, Hong Kong, HK",vietnamese_restaurant,Asian casual,https://www.google.com/maps?cid=4777340475772231193,
Viet Noodle Bar,ready,Southeast Asian,2,$$,category estimate,"Los Angeles, Los Angeles, CA, US",vietnamese_restaurant,Asian casual,https://www.google.com/maps?cid=4352882279801384246,
Village Park Restaurant,ready,Southeast Asian,1,$,Google Places,"Petaling Jaya, Petaling Jaya, Selangor, Malaysia, MY",malaysian_restaurant,Asian casual,https://www.google.com/maps?cid=2425966433158524732,
Blacklock Soho,ready,Steakhouse,3,$$$,category estimate,"London, London, United Kingdom, GB",steak_house,Western nicer,https://www.google.com/maps?cid=4886776573472184821,
Carlitos Gardel Argentine Steakhouse,ready,Steakhouse,3,$$$,category estimate,"Los Angeles, Los Angeles, CA, US",steak_house,Western nicer,https://www.google.com/maps?cid=11082634690587655844,
COTE Flatiron,ready,Steakhouse,3,$$$,category estimate,"New York, New York, NY, US",steak_house,Asian fancy,https://www.google.com/maps?cid=5391895665971351104,
Fireside,ready,Steakhouse,3,$$$,category estimate,"Central, Central, Hong Kong, HK",steak_house,Want to go; Western nicer,https://www.google.com/maps?cid=679836621287137529,
Gallagher’s Steakhouse NYC,ready,Steakhouse,3,$$$,category estimate,"New York, New York, NY, US",steak_house,Western nicer,https://www.google.com/maps?cid=8970052207722635347,
Goodman,ready,Steakhouse,3,$$$,category estimate,"London, London, United Kingdom, GB",steak_house,Western nicer,https://www.google.com/maps?cid=6455719950175136300,
GOODWIN The Steak House,ready,Steakhouse,3,$$$,category estimate,"Geneva, Geneva, Switzerland, CH",steak_house,Western nicer,https://www.google.com/maps?cid=134166970125804611,
Hawksmoor Seven Dials,ready,Steakhouse,3,$$$,category estimate,"London, London, United Kingdom, GB",steak_house,Western nicer,https://www.google.com/maps?cid=1877261078592620089,
Japanese Steak Bowl & Beef Curry,ready,Steakhouse,3,$$$,category estimate,"Shibuya, Shibuya, Tokyo, Japan, JP",steak_house,Asian casual,https://www.google.com/maps?cid=12277585883675843247,
Kali Steak,ready,Steakhouse,3,$$$,category estimate,"Los Angeles, Los Angeles, CA, US",steak_house,Western nicer,https://www.google.com/maps?cid=8863435068205198323,
Kobe Beef Steak Hanahoubi,ready,Steakhouse,3,$$$,category estimate,"Kobe, Kobe, Hyogo, Japan, JP",steak_house,Asian casual,https://www.google.com/maps?cid=7649203259517061953,
Leña Ibiza. Las brasas x Dani García,ready,Steakhouse,3,$$$,category estimate,"Sant Jordi de ses Salines, Sant Jordi de ses Salines, Spain, ES",steak_house,Western nicer,https://www.google.com/maps?cid=5775000900020835894,
Peter Luger Steak House,ready,Steakhouse,3,$$$,category estimate,"Brooklyn, Brooklyn, NY, US",steak_house,Western nicer,https://www.google.com/maps?cid=5087410620311667698,
715,ready,Sushi,2,$$,category estimate,"Los Angeles, Los Angeles, CA, US",sushi_restaurant,Asian fancy,https://www.google.com/maps?cid=11907130880245113560,
Akinori Sushi,ready,Sushi,2,$$,category estimate,"Pasadena, Pasadena, CA, US",japanese_restaurant,Asian casual,https://www.google.com/maps?cid=14734311681545664999,
Asanebo,ready,Sushi,2,$$,category estimate,"Studio City, Studio City, CA, US",japanese_restaurant,Asian fancy,https://www.google.com/maps?cid=5265252925548195651,
Cubé,ready,Sushi,2,$$,category estimate,"London, London, United Kingdom, GB",japanese_restaurant,Asian fancy,https://www.google.com/maps?cid=7834486902140480191,
Denshichi Sushi - Saiin,ready,Sushi,2,$$,category estimate,"Kyoto, Kyoto, Japan, JP",sushi_restaurant,Asian casual,https://www.google.com/maps?cid=17332187859621358314,
Dinings SW3,ready,Sushi,2,$$,category estimate,"London, London, United Kingdom, GB",japanese_restaurant,Asian fancy,https://www.google.com/maps?cid=10933561455393843063,
Eigikutei,ready,Sushi,2,$$,category estimate,"Los Angeles, Los Angeles, CA, US",japanese_restaurant,Asian fancy,https://www.google.com/maps?cid=14994304470880188725,
EnYaa - Saké & Champagne,ready,Sushi,2,$$,category estimate,"Paris, Paris, France, FR",kaiseki_restaurant,Asian fancy,https://www.google.com/maps?cid=8865847962060093014,
Hakkoku,ready,Sushi,2,$$,category estimate,"Chuo City, Chuo City, Tokyo, Japan, JP",sushi_restaurant,Asian fancy,https://www.google.com/maps?cid=11228494932924826447,
Higashiazabu Amamoto,ready,Sushi,2,$$,category estimate,"Minato City, Minato City, Tokyo, Japan, JP",sushi_restaurant,Asian fancy,https://www.google.com/maps?cid=18325111563534703322,
Hikari Sushi & Omakase,ready,Sushi,2,$$,category estimate,"Davis, Davis, CA, US",japanese_restaurant,Asian fancy,https://www.google.com/maps?cid=12220553893659456044,
HIMI,ready,Sushi,2,$$,category estimate,"London, London, United Kingdom, GB",japanese_restaurant,Asian fancy,https://www.google.com/maps?cid=14105977240670619635,
Hiru Omakase 日 • 廚師發辦,ready,Sushi,2,$$,category estimate,"Tsim Sha Tsui, Tsim Sha Tsui, Hong Kong, HK",japanese_restaurant,Asian fancy,https://www.google.com/maps?cid=12653519454927634424,
Ikeda,ready,Sushi,2,$$,category estimate,"London, London, United Kingdom, GB",japanese_restaurant,Asian fancy,https://www.google.com/maps?cid=16372492147935579003,
Izakaya Osen,ready,Sushi,2,$$,category estimate,"Los Angeles, Los Angeles, CA, US",japanese_restaurant,Asian fancy,https://www.google.com/maps?cid=12527559380327465356,
Juno Omakase,ready,Sushi,2,$$,category estimate,"London, London, United Kingdom, GB",japanese_restaurant,Asian fancy,https://www.google.com/maps?cid=6235380779657627378,
Kioku by Endo Restaurant,ready,Sushi,2,$$,category estimate,"London, London, United Kingdom, GB",japanese_restaurant,Asian fancy,https://www.google.com/maps?cid=3839854943040113446,
KOSAKA,ready,Sushi,2,$$,category estimate,"New York, New York, NY, US",sushi_restaurant,Asian fancy,https://www.google.com/maps?cid=10230567160379508636,
Kurisu Omakase,ready,Sushi,2,$$,category estimate,"London, London, United Kingdom, GB",sushi_restaurant,Asian fancy,https://www.google.com/maps?cid=1678198886513260,
Kyōten,ready,Sushi,2,$$,category estimate,"Chicago, Chicago, IL, US",sushi_restaurant,Asian fancy,https://www.google.com/maps?cid=9313977732831249123,
Mako,ready,Sushi,2,$$,category estimate,"Chicago, Chicago, IL, US",sushi_restaurant,Asian fancy,https://www.google.com/maps?cid=14328819789157922228,
Maruju Sushi Japanese Shokudo,ready,Sushi,2,$$,category estimate,"Mong Kok, Mong Kok, Hong Kong, HK",japanese_restaurant,Asian casual,https://www.google.com/maps?cid=14824435060839306504,
Matsuno Sushi,ready,Sushi,2,$$,category estimate,"Toshima City, Toshima City, Tokyo, Japan, JP",sushi_restaurant,Asian fancy,https://www.google.com/maps?cid=8948466699062329100,
Mori Nozomi,ready,Sushi,2,$$,category estimate,"Los Angeles, Los Angeles, CA, US",sushi_restaurant,Asian fancy,https://www.google.com/maps?cid=5181274887479611388,
Nihonbashi Kakigaracho Sugita,ready,Sushi,2,$$,category estimate,"Chuo City, Chuo City, Tokyo, Japan, JP",sushi_restaurant,Asian fancy,https://www.google.com/maps?cid=994359549924274451,
NIJŪ,ready,Sushi,2,$$,category estimate,"London, London, United Kingdom, GB",japanese_restaurant,Asian fancy,https://www.google.com/maps?cid=15815118419789490813,
Ningyocho Sushi Kaki,ready,Sushi,2,$$,category estimate,"Chuo City, Chuo City, Tokyo, Japan, JP",sushi_restaurant,Asian fancy,https://www.google.com/maps?cid=16563062301235425083,
Nozawa Bar,ready,Sushi,2,$$,category estimate,"Beverly Hills, Beverly Hills, CA, US",sushi_restaurant,Asian fancy,https://www.google.com/maps?cid=17159441255298201190,
o ya,ready,Sushi,2,$$,category estimate,"Boston, Boston, MA, US",japanese_restaurant,Asian fancy,https://www.google.com/maps?cid=2070050931615360062,
Osawa,ready,Sushi,2,$$,category estimate,"Pasadena, Pasadena, CA, US",sushi_restaurant,Asian casual,https://www.google.com/maps?cid=4006346390707208449,
Osusume Fumio,ready,Sushi,2,$$,category estimate,"Los Angeles, Los Angeles, CA, US",sushi_restaurant,Asian fancy,https://www.google.com/maps?cid=11718955424487275313,
RAI Restaurant London,ready,Sushi,2,$$,category estimate,"London, London, United Kingdom, GB",japanese_restaurant,Asian fancy,https://www.google.com/maps?cid=11823933160334886226,
Sasabune Glendale,ready,Sushi,2,$$,category estimate,"Glendale, Glendale, CA, US",sushi_restaurant,Asian fancy,https://www.google.com/maps?cid=13037998712919330017,
Sekai Omakase,ready,Sushi,2,$$,category estimate,"New York, New York, NY, US",sushi_restaurant,Asian fancy,https://www.google.com/maps?cid=10115305532487682091,
Shunji Japanese Cuisine,ready,Sushi,2,$$,category estimate,"Santa Monica, Santa Monica, CA, US",japanese_restaurant,Asian fancy,https://www.google.com/maps?cid=12245964438571028972,
Smoked Room Madrid. Fire Omakase by Dani García,ready,Sushi,2,$$,category estimate,"Madrid, Madrid, Spain, ES",fine_dining_restaurant,Fine dining,https://www.google.com/maps?cid=6579188371988536920,
Soko Sushi,ready,Sushi,2,$$,category estimate,"Santa Monica, Santa Monica, CA, US",sushi_restaurant,Asian fancy,https://www.google.com/maps?cid=7619962160063758180,
Sonmari,ready,Sushi,2,$$,category estimate,"Los Angeles, Los Angeles, CA, US",sushi_restaurant,Asian casual,https://www.google.com/maps?cid=11266482847988232819,
Sushi Amamoto,ready,Sushi,2,$$,category estimate,"London, London, United Kingdom, GB",fine_dining_restaurant,Asian fancy,https://www.google.com/maps?cid=11711015617150753414,
Sushi Anaba,ready,Sushi,2,$$,category estimate,"Copenhagen, Copenhagen, Denmark, DK",sushi_restaurant,Asian fancy,https://www.google.com/maps?cid=16989882276671738477,
Sushi Ginza Onodera Souhonten,ready,Sushi,2,$$,category estimate,"Chuo City, Chuo City, Tokyo, Japan, JP",sushi_restaurant,Asian fancy,https://www.google.com/maps?cid=3189358858267897043,
Sushi Haré,ready,Sushi,2,$$,category estimate,"Sheung Wan, Sheung Wan, Hong Kong, HK",sushi_restaurant,Asian fancy,https://www.google.com/maps?cid=80512350755582941,
Sushi Hare すし晴,ready,Sushi,2,$$,category estimate,"Singapore, SG",sushi_restaurant,Asian fancy,https://www.google.com/maps?cid=12538205437136638755,
Sushi Hisayoshi,ready,Sushi,2,$$,category estimate,"Tsim Sha Tsui, Tsim Sha Tsui, Hong Kong, HK",sushi_restaurant,Asian fancy,https://www.google.com/maps?cid=12023770364894767354,
Sushi Kanesaka,ready,Sushi,2,$$,category estimate,"London, London, United Kingdom, GB",japanese_restaurant,Asian fancy,https://www.google.com/maps?cid=3866138009017110595,
Sushi Kaneyoshi,ready,Sushi,2,$$,category estimate,"Los Angeles, Los Angeles, CA, US",sushi_restaurant,Asian fancy,https://www.google.com/maps?cid=204934036291998900,
Sushi Murayama,ready,Sushi,2,$$,category estimate,"Honolulu, Honolulu, HI, US",sushi_restaurant,Asian casual,https://www.google.com/maps?cid=3313208441557408146,
Sushi Nakazawa,ready,Sushi,2,$$,category estimate,"New York, New York, NY, US",sushi_restaurant,Asian fancy,https://www.google.com/maps?cid=16157168555562974064,
Sushi Note Omakase,ready,Sushi,2,$$,category estimate,"Beverly Hills, Beverly Hills, CA, US",sushi_restaurant,Asian fancy,https://www.google.com/maps?cid=5723484371787517018,
Sushi Noz,ready,Sushi,2,$$,category estimate,"New York, New York, NY, US",sushi_restaurant,Asian fancy,https://www.google.com/maps?cid=1401533266024486600,
Sushi Sato 鮨 佐とう,ready,Sushi,2,$$,category estimate,"Singapore, SG",authentic_japanese_restaurant,Asian fancy,https://www.google.com/maps?cid=8988192107937652490,
Sushi Sho,ready,Sushi,2,$$,category estimate,"New York, New York, NY, US",restaurant,Asian fancy,https://www.google.com/maps?cid=11625317478138599262,
Sushi Sonagi,ready,Sushi,2,$$,category estimate,"Gardena, Gardena, CA, US",sushi_restaurant,Asian fancy,https://www.google.com/maps?cid=15009864739754792684,
Sushi Tokami,ready,Sushi,2,$$,category estimate,"Tsim Sha Tsui, Tsim Sha Tsui, Hong Kong, HK",sushi_restaurant,Asian fancy,https://www.google.com/maps?cid=4249652230481356166,
Sushi Yoshitake,ready,Sushi,2,$$,category estimate,"Chuo City, Chuo City, Tokyo, Japan, JP",sushi_restaurant,Asian fancy,https://www.google.com/maps?cid=9765870719310028397,
Sushi Zinc,ready,Sushi,2,$$,category estimate,"Shau Kei Wan, Shau Kei Wan, Hong Kong, HK",sushi_restaurant,Asian fancy,https://www.google.com/maps?cid=13684212710412173446,
Sushi Zo Downtown Los Angeles,ready,Sushi,2,$$,category estimate,"Los Angeles, Los Angeles, CA, US",sushi_restaurant,Asian fancy,https://www.google.com/maps?cid=7274852306009523918,
Sushi-mori,ready,Sushi,2,$$,category estimate,"Surry Hills, Surry Hills NSW, Australia, AU",japanese_restaurant,Asian casual,https://www.google.com/maps?cid=6495084319618136837,
Sushiyoshi,ready,Sushi,2,$$,category estimate,"Osaka, Osaka, Japan, JP",sushi_restaurant,Asian fancy,https://www.google.com/maps?cid=8202386319841605319,
SUSHIZANMAI LA,ready,Sushi,2,$$,category estimate,"Los Angeles, Los Angeles, CA, US",sushi_restaurant,Asian fancy; Want to go,https://www.google.com/maps?cid=17220774262763125170,
The Brothers Sushi Culver City,ready,Sushi,2,$$,category estimate,"Culver City, Culver City, CA, US",sushi_restaurant,Asian fancy,https://www.google.com/maps?cid=15581888099123361615,
Tsuke Edomae,ready,Sushi,2,$$,category estimate,"Austin, Austin, TX, US",sushi_restaurant,Asian fancy,https://www.google.com/maps?cid=8796159943885667226,
Udatsu Sushi Los Angeles,ready,Sushi,2,$$,category estimate,"Los Angeles, Los Angeles, CA, US",sushi_restaurant,Asian fancy,https://www.google.com/maps?cid=1103925188732098546,
Umi Hotpot Sushi & Seafood Buffet - City of Industry,ready,Sushi,2,$$,category estimate,"City of Industry, City of Industry, CA, US",chinese_restaurant,Asian casual; Fine dining,https://www.google.com/maps?cid=16478617142410476964,
Umu Restaurant,ready,Sushi,2,$$,category estimate,"London, London, United Kingdom, GB",japanese_restaurant,Asian fancy,https://www.google.com/maps?cid=14050591321049846255,
YOSHINO • NEW YORK,ready,Sushi,2,$$,category estimate,"New York, New York, NY, US",sushi_restaurant,Asian fancy,https://www.google.com/maps?cid=2493991150034636209,
江戸前鮨 㐂扇 Sushi Kisen,ready,Sushi,2,$$,category estimate,"Arcadia, Arcadia, CA, US",sushi_restaurant,Asian fancy,https://www.google.com/maps?cid=3053449287791424320,
Angel's Tijuana Tacos,ready,Tacos,2,$$,category estimate,"Los Angeles, Los Angeles, CA, US",taco_restaurant,Casual,https://www.google.com/maps?cid=15552697758269742309,
Ditroit Taqueria,ready,Tacos,2,$$,category estimate,"Los Angeles, Los Angeles, CA, US",mexican_restaurant,Casual,https://www.google.com/maps?cid=10196950949359313437,
El Ruso #1,ready,Tacos,2,$$,category estimate,"Los Angeles, Los Angeles, CA, US",taco_restaurant,Casual,https://www.google.com/maps?cid=9539645544894397348,
El Taquero,ready,Tacos,2,$$,category estimate,"Wan Chai, Wan Chai, Hong Kong, HK",mexican_restaurant,Casual,https://www.google.com/maps?cid=18012411278537873427,
Estillo Tijuana Angels Tacos,ready,Tacos,2,$$,category estimate,"Los Angeles, Los Angeles, CA, US",taco_restaurant,Casual,https://www.google.com/maps?cid=2141717784052396983,
Guads Tacos & Beer,ready,Tacos,2,$$,category estimate,"Davis, Davis, CA, US",taco_restaurant,Casual,https://www.google.com/maps?cid=16103614403313253207,
La Carreta Taquería,ready,Tacos,2,$$,category estimate,"Los Angeles, Los Angeles, CA, US",mexican_restaurant,Casual,https://www.google.com/maps?cid=13572726654295478800,
La Chaparrita Taqueria,ready,Tacos,2,$$,category estimate,"Chicago, Chicago, IL, US",taco_restaurant,Casual; Want to go,https://www.google.com/maps?cid=9652388120205093948,
La Taqueria,ready,Tacos,2,$$,category estimate,"San Francisco, San Francisco, CA, US",mexican_restaurant,Casual; Want to go,https://www.google.com/maps?cid=2449088951294747765,
Leo's Tacos Truck,ready,Tacos,2,$$,category estimate,"Los Angeles, Los Angeles, CA, US",taco_restaurant,Casual,https://www.google.com/maps?cid=238517613728165673,
Leo's Tacos Truck,ready,Tacos,2,$$,category estimate,"Los Angeles, Los Angeles, CA, US",mexican_restaurant,Casual,https://www.google.com/maps?cid=2860528036961142349,
Leo's Tacos Truck,ready,Tacos,2,$$,category estimate,"Los Angeles, Los Angeles, CA, US",taco_restaurant,Casual,https://www.google.com/maps?cid=3970495356248628619,
Los originales Tacos Arabes De Puebla,ready,Tacos,2,$$,category estimate,"Los Angeles, Los Angeles, CA, US",mexican_restaurant,Casual,https://www.google.com/maps?cid=122524075568783195,
Lugya'h by Ponchos Tlayudas,ready,Tacos,2,$$,category estimate,"Los Angeles, Los Angeles, CA, US",restaurant,Casual,https://www.google.com/maps?cid=4373330107918145607,
Ortiz's Taco Shop,ready,Tacos,2,$$,category estimate,"San Diego, San Diego, CA, US",mexican_restaurant,Casual,https://www.google.com/maps?cid=2106009438575372207,
Simōn,ready,Tacos,2,$$,category estimate,"Los Angeles, Los Angeles, CA, US",taco_restaurant,Casual,https://www.google.com/maps?cid=5647104119302971595,
Sonora Taquería,ready,Tacos,2,$$,category estimate,"London, London, United Kingdom, GB",mexican_restaurant,Casual,https://www.google.com/maps?cid=12424843379407855120,
Sonoritas Prime Tacos,ready,Tacos,2,$$,category estimate,"Los Angeles, Los Angeles, CA, US",mexican_restaurant,Casual,https://www.google.com/maps?cid=782284502237200504,
tac,ready,Tacos,2,$$,category estimate,"Yongsan District, Yongsan District, Seoul, South Korea, KR",taco_restaurant,Casual,https://www.google.com/maps?cid=15107067511424068447,
Taco Nazo,ready,Tacos,2,$$,category estimate,"South El Monte, South El Monte, CA, US",mexican_restaurant,Casual,https://www.google.com/maps?cid=9997893728010755735,
Tacos Baja,ready,Tacos,2,$$,category estimate,"Los Angeles, Los Angeles, CA, US",mexican_restaurant,Casual,https://www.google.com/maps?cid=58286385654377090,
Tacos de Cabrito y Machito El Lagunero,ready,Tacos,2,$$,category estimate,"Muscoy, Muscoy, CA, US",taco_restaurant,Casual,https://www.google.com/maps?cid=11486362974043921112,
Tacos de Pescado Marco Antonio,ready,Tacos,2,$$,category estimate,"Ensenada, Ensenada, Baja California, Mexico, MX",taco_restaurant,Casual,https://www.google.com/maps?cid=33340058571789545,
Tacos del barrio,ready,Tacos,2,$$,category estimate,"San Francisco, San Francisco, CA, US",restaurant,Casual,https://www.google.com/maps?cid=13854449088151562561,
Tacos Del Chino,ready,Tacos,2,$$,category estimate,"El Monte, El Monte, CA, US",taco_restaurant,Casual,https://www.google.com/maps?cid=11300942267537399390,
Tacos Don Cuco,ready,Tacos,2,$$,category estimate,"East Los Angeles, East Los Angeles, CA, US",taco_restaurant,Casual,https://www.google.com/maps?cid=3608445354997371465,
Tacos El Venado,ready,Tacos,2,$$,category estimate,"North Hollywood, North Hollywood, CA, US",taco_restaurant,Casual,https://www.google.com/maps?cid=8987057009761807300,
Tacos La Carreta,ready,Tacos,2,$$,category estimate,"Long Beach, Long Beach, CA, US",mexican_restaurant,Casual,https://www.google.com/maps?cid=13322722976105523390,
Tacos La Guera,ready,Tacos,2,$$,category estimate,"Los Angeles, Los Angeles, CA, US",taco_restaurant,Casual,https://www.google.com/maps?cid=6569290109774126433,
Tacos Los Cholos Hp,ready,Tacos,2,$$,category estimate,"Huntington Park, Huntington Park, CA, US",mexican_restaurant,Casual,https://www.google.com/maps?cid=12748500374661559349,
Tacos Los Poblanos #1 Estilo Tijuana,ready,Tacos,2,$$,category estimate,"Los Angeles, Los Angeles, CA, US",mexican_restaurant,Casual,https://www.google.com/maps?cid=12666970867718837617,
Tacos Memin,ready,Tacos,2,$$,category estimate,"Los Angeles, Los Angeles, CA, US",taco_restaurant,Casual,https://www.google.com/maps?cid=15965035138076625933,
Tacos Padre,ready,Tacos,2,$$,category estimate,"London, London, United Kingdom, GB",taco_restaurant,Casual,https://www.google.com/maps?cid=2359420901675619874,
Tacos Tony,ready,Tacos,2,$$,category estimate,"Benito Juarez, Mexico City, Mexico City, Mexico, MX",taco_restaurant,Casual,https://www.google.com/maps?cid=7860519314305299814,
Tacos y Birria La Unica,ready,Tacos,2,$$,category estimate,"Los Angeles, Los Angeles, CA, US",mexican_restaurant,Casual,https://www.google.com/maps?cid=17121093608193239513,
Taqueria Frontera,ready,Tacos,2,$$,category estimate,"Los Angeles, Los Angeles, CA, US",mexican_restaurant,Casual,https://www.google.com/maps?cid=11309842632112107646,
Taquería Jalisco,ready,Tacos,2,$$,category estimate,"Boston, Boston, MA, US",mexican_restaurant,Casual,https://www.google.com/maps?cid=5703742985874530568,
Teddy's Red Tacos Truck,ready,Tacos,2,$$,category estimate,"Los Angeles, Los Angeles, CA, US",mexican_restaurant,Casual,https://www.google.com/maps?cid=11714991219916491162,
The Taco Stand,ready,Tacos,2,$$,category estimate,"Orange, Orange, CA, US",mexican_restaurant,Casual,https://www.google.com/maps?cid=2563652555770949629,
Tire Shop Taqueria,ready,Tacos,2,$$,category estimate,"Los Angeles, Los Angeles, CA, US",taco_restaurant,Casual,https://www.google.com/maps?cid=9788779606174089636,
Villa's Tacos Los Angeles,ready,Tacos,2,$$,category estimate,"Los Angeles, Los Angeles, CA, US",taco_restaurant,Casual,https://www.google.com/maps?cid=7362886404067133585,
10 Greek Street,ready,Western Nicer,3,$$$,category estimate,"London, London, United Kingdom, GB",modern_european_restaurant,Western nicer,https://www.google.com/maps?cid=4725431460001488269,
19 SAINT ROCH.,ready,Western Nicer,3,$$$,category estimate,"Paris, Paris, France, FR",french_restaurant,Western nicer,https://www.google.com/maps?cid=16173253362262415735,
22 Ships,ready,Western Nicer,3,$$$,category estimate,"Central, Central, Hong Kong, HK",spanish_restaurant,Western nicer,https://www.google.com/maps?cid=16575430139179309597,
88 Club,ready,Western Nicer,3,$$$,category estimate,"Beverly Hills, Beverly Hills, CA, US",restaurant,Western nicer,https://www.google.com/maps?cid=18284523873791769279,
Aba,ready,Western Nicer,3,$$$,category estimate,"Chicago, Chicago, IL, US",mediterranean_restaurant,Western nicer,https://www.google.com/maps?cid=9209547638817621522,
Acme Fire Cult,ready,Western Nicer,3,$$$,category estimate,"London, London, United Kingdom, GB",bar_and_grill,Western nicer,https://www.google.com/maps?cid=6933000642129026488,
Admiralgade 26,ready,Western Nicer,3,$$$,category estimate,"Copenhagen, Copenhagen, Denmark, DK",restaurant,Western nicer,https://www.google.com/maps?cid=12722353427964542520,
Agnes Restaurant,ready,Western Nicer,3,$$$,category estimate,"Fortitude Valley, Fortitude Valley QLD, Australia, AU",restaurant,Western nicer,https://www.google.com/maps?cid=15477634611926325852,
Agnes Restaurant & Cheesery,ready,Western Nicer,3,$$$,category estimate,"Pasadena, Pasadena, CA, US",traditional_american_restaurant,Want to go; Western nicer,https://www.google.com/maps?cid=10836092729449960442,
AGORA souvla bar,ready,Western Nicer,3,$$$,category estimate,"London, London, United Kingdom, GB",restaurant,Western nicer,https://www.google.com/maps?cid=1940739031133063093,
Angelina,ready,Western Nicer,3,$$$,category estimate,"London, London, United Kingdom, GB",restaurant,Western nicer,https://www.google.com/maps?cid=12244857103935471492,
Anixi Mediterranean Vegan Restaurant,ready,Western Nicer,3,$$$,category estimate,"New York, New York, NY, US",vegan_restaurant,Western nicer,https://www.google.com/maps?cid=7720600358279493245,
Antico Nuovo,ready,Western Nicer,3,$$$,category estimate,"Los Angeles, Los Angeles, CA, US",italian_restaurant,Western nicer,https://www.google.com/maps?cid=2776894702944497474,
Apricity Restaurant,ready,Western Nicer,3,$$$,category estimate,"London, London, United Kingdom, GB",modern_european_restaurant,Western nicer,https://www.google.com/maps?cid=11783532016720493963,
ARU Restaurant,ready,Western Nicer,3,$$$,category estimate,"Melbourne, Melbourne VIC, Australia, AU",restaurant,Western nicer,https://www.google.com/maps?cid=3485942850989908559,
Asador Bastian,ready,Western Nicer,3,$$$,category estimate,"Chicago, Chicago, IL, US",basque_restaurant,Western nicer,https://www.google.com/maps?cid=10594534645940667252,
Associazione Chianti,ready,Western Nicer,3,$$$,category estimate,"Wan Chai, Wan Chai, Hong Kong, HK",italian_restaurant,Western nicer,https://www.google.com/maps?cid=8031032624577586150,
Aux Lyonnais,ready,Western Nicer,3,$$$,category estimate,"Paris, Paris, France, FR",french_restaurant,Western nicer,https://www.google.com/maps?cid=868440092026751739,
Bagatelle Courchevel,ready,Western Nicer,3,$$$,category estimate,"Courchevel, Courchevel, France, FR",restaurant,Western nicer,https://www.google.com/maps?cid=3552658330271121594,
Baka d' Busk,ready,Western Nicer,3,$$$,category estimate,"Copenhagen, Copenhagen, Denmark, DK",restaurant,Western nicer,https://www.google.com/maps?cid=18040055280728146696,
Balthazar,ready,Western Nicer,3,$$$,category estimate,"London, London, United Kingdom, GB",french_restaurant,Western nicer,https://www.google.com/maps?cid=12701030474849664750,
Bar.Kar Best Restaurant KL,ready,Western Nicer,3,$$$,category estimate,"Kuala Lumpur, Kuala Lumpur, Federal Territory of Kuala Lumpur, Malaysia, MY",restaurant,Western nicer,https://www.google.com/maps?cid=5825216006198549316,
BÀRBAR,ready,Western Nicer,3,$$$,category estimate,"Wan Chai, Wan Chai, Hong Kong, HK",tapas_restaurant,Western nicer,https://www.google.com/maps?cid=10248147188661872609,
Barr,ready,Western Nicer,3,$$$,category estimate,"Copenhagen, Copenhagen, Denmark, DK",restaurant,Western nicer,https://www.google.com/maps?cid=17419567621930378351,
Barrique Venice,ready,Western Nicer,3,$$$,category estimate,"Venice, Venice, CA, US",italian_restaurant,Western nicer,https://www.google.com/maps?cid=6845039121409380618,
Beefbar Méribel,ready,Western Nicer,3,$$$,category estimate,"Les Allues, Les Allues, France, FR",restaurant,Western nicer,https://www.google.com/maps?cid=5618499415315626134,
Bellanger,ready,Western Nicer,3,$$$,category estimate,"London, London, United Kingdom, GB",french_restaurant,Western nicer,https://www.google.com/maps?cid=15564390164557190439,
Bestia,ready,Western Nicer,3,$$$,category estimate,"Los Angeles, Los Angeles, CA, US",italian_restaurant,Western nicer,https://www.google.com/maps?cid=6791006917853428336,
BiBi,ready,Western Nicer,3,$$$,category estimate,"London, London, United Kingdom, GB",modern_indian_restaurant,Western nicer,https://www.google.com/maps?cid=238988517895129147,
Bocca di Lupo,ready,Western Nicer,3,$$$,category estimate,"London, London, United Kingdom, GB",italian_restaurant,Western nicer,https://www.google.com/maps?cid=5348767410433268982,
Boro Brine,ready,Western Nicer,3,$$$,category estimate,"Brooklyn, Brooklyn, NY, US",seafood_restaurant,Western nicer,https://www.google.com/maps?cid=8051746705625157983,
Bottarga,ready,Western Nicer,3,$$$,category estimate,"London, London, United Kingdom, GB",greek_restaurant,Western nicer,https://www.google.com/maps?cid=3048266242861019977,
Bouchon Racine,ready,Western Nicer,3,$$$,category estimate,"London, London, United Kingdom, GB",french_restaurant,Western nicer,https://www.google.com/maps?cid=6045449456122744906,
BRAT Restaurant,ready,Western Nicer,3,$$$,category estimate,"London, London, United Kingdom, GB",basque_restaurant,Western nicer,https://www.google.com/maps?cid=13589044207895193889,
Bridges,ready,Western Nicer,3,$$$,category estimate,"New York, New York, NY, US",french_restaurant,Western nicer,https://www.google.com/maps?cid=1476351917316104846,
BRUT!,ready,Western Nicer,3,$$$,category estimate,"Sai Ying Pun, Sai Ying Pun, Hong Kong, HK",western_restaurant,Western nicer,https://www.google.com/maps?cid=9587417803405249906,
Brutos,ready,Western Nicer,3,$$$,category estimate,"Paris, Paris, France, FR",restaurant,Western nicer,https://www.google.com/maps?cid=15304728150331096124,
Camelia,ready,Western Nicer,3,$$$,category estimate,"Los Angeles, Los Angeles, CA, US",french_restaurant,Western nicer,https://www.google.com/maps?cid=4272071972631206941,
Campfire,ready,Western Nicer,3,$$$,category estimate,"Carlsbad, Carlsbad, CA, US",new_american_restaurant,Western nicer,https://www.google.com/maps?cid=2097446668631195575,
Camphor,ready,Western Nicer,3,$$$,category estimate,"Los Angeles, Los Angeles, CA, US",restaurant,Western nicer,https://www.google.com/maps?cid=17131658316669991623,
Canalha,ready,Western Nicer,3,$$$,category estimate,"Lisbon, Lisbon, Portugal, PT",restaurant,Western nicer,https://www.google.com/maps?cid=17455253045708997978,
Candlenut,ready,Western Nicer,3,$$$,category estimate,"Singapore, SG",nyonya_restaurant,Western nicer,https://www.google.com/maps?cid=5837197023813758139,
Canteen | Notting Hill,ready,Western Nicer,3,$$$,category estimate,"London, London, United Kingdom, GB",italian_restaurant,Western nicer,https://www.google.com/maps?cid=805014342329076223,
Cantinetta Antinori London,ready,Western Nicer,3,$$$,category estimate,"London, London, United Kingdom, GB",italian_restaurant,Western nicer,https://www.google.com/maps?cid=3644769068562443176,
Casse-Croûte,ready,Western Nicer,3,$$$,category estimate,"London, London, United Kingdom, GB",french_restaurant,Western nicer,https://www.google.com/maps?cid=17404495196053477961,
CENTRAL TABLE,ready,Western Nicer,3,$$$,category estimate,"Central, Central, Hong Kong, HK",restaurant,Want to go; Western nicer,https://www.google.com/maps?cid=14759123011047106221,
Chez Fifi,ready,Western Nicer,3,$$$,category estimate,"New York, New York, NY, US",restaurant,Western nicer,https://www.google.com/maps?cid=16865793081400240418,
Chi Spacca,ready,Western Nicer,3,$$$,Google Places,"Los Angeles, Los Angeles, CA, US",italian_restaurant,Western nicer,https://www.google.com/maps?cid=9916591601904533021,
Chishuru,ready,Western Nicer,3,$$$,category estimate,"London, London, United Kingdom, GB",west_african_restaurant,Western nicer,https://www.google.com/maps?cid=7966286001965484784,
Chouchou,ready,Western Nicer,3,$$$,category estimate,"Wan Chai, Wan Chai, Hong Kong, HK",modern_french_restaurant,Western nicer,https://www.google.com/maps?cid=5620193241697021146,
Ci Siamo,ready,Western Nicer,3,$$$,category estimate,"New York, New York, NY, US",italian_restaurant,Western nicer,https://www.google.com/maps?cid=14533303067311062704,
Clamato,ready,Western Nicer,3,$$$,category estimate,"Paris, Paris, France, FR",seafood_restaurant,Western nicer,https://www.google.com/maps?cid=14554041083665199659,
Clipstone,ready,Western Nicer,3,$$$,category estimate,"London, London, United Kingdom, GB",european_restaurant,Western nicer,https://www.google.com/maps?cid=7423719743926222451,
Cloth,ready,Western Nicer,3,$$$,category estimate,"London, London, United Kingdom, GB",restaurant,Western nicer,https://www.google.com/maps?cid=12964247998934244456,
Copita,ready,Western Nicer,3,$$$,category estimate,"London, London, United Kingdom, GB",spanish_restaurant,Western nicer,https://www.google.com/maps?cid=11878492509851233341,
Cora Pearl,ready,Western Nicer,3,$$$,category estimate,"London, London, United Kingdom, GB",modern_european_restaurant,Western nicer,https://www.google.com/maps?cid=4907882868117471709,
Corrigan's Mayfair,ready,Western Nicer,3,$$$,category estimate,"London, London, United Kingdom, GB",british_restaurant,Western nicer,https://www.google.com/maps?cid=14925167731231278124,
Counter Culture Bangkok,ready,Western Nicer,3,$$$,category estimate,"Watthana, Watthana, Bangkok, Thailand, TH",restaurant,Western nicer,https://www.google.com/maps?cid=5266125564545632146,
Crevette,ready,Western Nicer,3,$$$,category estimate,"New York, New York, NY, US",seafood_restaurant,Western nicer,https://www.google.com/maps?cid=15709785714172425817,
Cucina,ready,Western Nicer,3,$$$,category estimate,"Tsim Sha Tsui, Tsim Sha Tsui, Hong Kong, HK",italian_restaurant,Western nicer,https://www.google.com/maps?cid=11816909638935581738,
Dalida Restaurant,ready,Western Nicer,3,$$$,category estimate,"San Francisco, San Francisco, CA, US",mediterranean_restaurant,Western nicer,https://www.google.com/maps?cid=5219830582866008268,
Damian,ready,Western Nicer,3,$$$,category estimate,"Los Angeles, Los Angeles, CA, US",mexican_restaurant,Western nicer,https://www.google.com/maps?cid=17358565389676069328,
Dante Restaurant,ready,Western Nicer,3,$$$,category estimate,"Paris, Paris, France, FR",restaurant,Western nicer,https://www.google.com/maps?cid=2433662407323254149,
Darby's,ready,Western Nicer,3,$$$,category estimate,"London, London, United Kingdom, GB",new_american_restaurant,Western nicer,https://www.google.com/maps?cid=9750927932789060436,
Darling by Sean Brock,ready,Western Nicer,3,$$$,category estimate,"West Hollywood, West Hollywood, CA, US",american_restaurant,Western nicer,https://www.google.com/maps?cid=718833646541674266,
Donostia Restaurant,ready,Western Nicer,3,$$$,category estimate,"London, London, United Kingdom, GB",basque_restaurant,Western nicer,https://www.google.com/maps?cid=667978536126239478,
Dove Restaurant,ready,Western Nicer,3,$$$,category estimate,"London, London, United Kingdom, GB",modern_british_restaurant,Western nicer,https://www.google.com/maps?cid=1320411615308038948,
Dovetale,ready,Western Nicer,3,$$$,category estimate,"London, London, United Kingdom, GB",british_restaurant,Western nicer,https://www.google.com/maps?cid=11238641271519491918,
DUCKSOUP,ready,Western Nicer,3,$$$,category estimate,"London, London, United Kingdom, GB",eclectic_restaurant,Western nicer,https://www.google.com/maps?cid=7197306401081901725,
Dunsmoor,ready,Western Nicer,3,$$$,category estimate,"Los Angeles, Los Angeles, CA, US",restaurant,Western nicer,https://www.google.com/maps?cid=1557796982717537706,
Dylans at The Kings Arms,ready,Western Nicer,3,$$$,category estimate,"St Albans, St Albans, United Kingdom, GB",gastropub,Western nicer,https://www.google.com/maps?cid=11107181522880527680,
El Vaso de Oro HK,ready,Western Nicer,3,$$$,category estimate,"Tai Ping Shan, Tai Ping Shan, Hong Kong, HK",western_restaurant,Western nicer,https://www.google.com/maps?cid=13955069870525620764,
Ella Dining Room & Bar,ready,Western Nicer,3,$$$,category estimate,"Sacramento, Sacramento, CA, US",new_american_restaurant,Western nicer,https://www.google.com/maps?cid=17300120321353988894,
Embla,ready,Western Nicer,3,$$$,category estimate,"Sheung Wan, Sheung Wan, Hong Kong, HK",restaurant,Western nicer,https://www.google.com/maps?cid=15629806489695935337,
Ernesto's,ready,Western Nicer,3,$$$,category estimate,"New York, New York, NY, US",basque_restaurant,Western nicer,https://www.google.com/maps?cid=13546930122951853223,
Ester Restaurant,ready,Western Nicer,3,$$$,category estimate,"Chippendale, Chippendale NSW, Australia, AU",australian_restaurant,Western nicer,https://www.google.com/maps?cid=14312926606085818316,
Fallow,ready,Western Nicer,3,$$$,category estimate,"London, London, United Kingdom, GB",modern_british_restaurant,Western nicer,https://www.google.com/maps?cid=2798106636650523162,
FiFi,ready,Western Nicer,3,$$$,category estimate,"Les Allues, Les Allues, France, FR",italian_restaurant,Western nicer,https://www.google.com/maps?cid=16818437628873786987,
Firangi Superstar,ready,Western Nicer,3,$$$,category estimate,"Singapore, SG",modern_indian_restaurant,Western nicer,https://www.google.com/maps?cid=16453617875758378014,
Fischers,ready,Western Nicer,3,$$$,category estimate,"London, London, United Kingdom, GB",austrian_restaurant,Western nicer,https://www.google.com/maps?cid=1585166096092845560,
Fort Oak,ready,Western Nicer,3,$$$,category estimate,"San Diego, San Diego, CA, US",restaurant,Western nicer,https://www.google.com/maps?cid=14048760122935456351,
Four Boys,ready,Western Nicer,3,$$$,category estimate,"Wadebridge, Wadebridge, United Kingdom, GB",restaurant,Western nicer,https://www.google.com/maps?cid=16438857647429980812,
Francie,ready,Western Nicer,3,$$$,category estimate,"Brooklyn, Brooklyn, NY, US",restaurant,Western nicer,https://www.google.com/maps?cid=7969399199012325838,
Frederick's,ready,Western Nicer,3,$$$,category estimate,"London, London, United Kingdom, GB",modern_european_restaurant,Western nicer,https://www.google.com/maps?cid=11797137021300467129,
Funke,ready,Western Nicer,3,$$$,category estimate,"Beverly Hills, Beverly Hills, CA, US",restaurant,Want to go; Western nicer,https://www.google.com/maps?cid=16209847396005327606,
Gage & Tollner,ready,Western Nicer,3,$$$,category estimate,"Brooklyn, Brooklyn, NY, US",american_restaurant,Western nicer,https://www.google.com/maps?cid=5525597799487446014,
Gauthier Soho,ready,Western Nicer,3,$$$,category estimate,"London, London, United Kingdom, GB",vegan_restaurant,Western nicer,https://www.google.com/maps?cid=4046628065943344897,
Giulia,ready,Western Nicer,3,$$$,category estimate,"Cambridge, Cambridge, MA, US",italian_restaurant,Western nicer,https://www.google.com/maps?cid=1779677615220388279,
Gramercy Tavern,ready,Western Nicer,3,$$$,category estimate,"New York, New York, NY, US",new_american_restaurant,Western nicer,https://www.google.com/maps?cid=3132777853886366741,
Grange Restaurant & Bar,ready,Western Nicer,3,$$$,category estimate,"Sacramento, Sacramento, CA, US",american_restaurant,Western nicer,https://www.google.com/maps?cid=17733696333740792741,
Great Jones Distilling Co,ready,Western Nicer,3,$$$,category estimate,"New York, New York, NY, US",distillery,Western nicer,https://www.google.com/maps?cid=5842062123513339247,
Hatchet Hall,ready,Western Nicer,3,$$$,category estimate,"Los Angeles, Los Angeles, CA, US",new_american_restaurant,Western nicer,https://www.google.com/maps?cid=15367769406950599729,
Hermon's,ready,Western Nicer,3,$$$,category estimate,"Los Angeles, Los Angeles, CA, US",restaurant,Casual; Want to go; Western nicer,https://www.google.com/maps?cid=16996784564210018259,
Houston's,ready,Western Nicer,3,$$$,category estimate,"Pasadena, Pasadena, CA, US",american_restaurant,Western nicer,https://www.google.com/maps?cid=16526006365371885329,
Ibai,ready,Western Nicer,3,$$$,category estimate,"London, London, United Kingdom, GB",basque_restaurant,Western nicer,https://www.google.com/maps?cid=1491107064067927417,
Impala,ready,Western Nicer,3,$$$,category estimate,"London, London, United Kingdom, GB",mediterranean_restaurant,Want to go; Western nicer,https://www.google.com/maps?cid=4282731766272963145,
Ixchel,ready,Western Nicer,3,$$$,category estimate,"London, London, United Kingdom, GB",mexican_restaurant,Western nicer,https://www.google.com/maps?cid=14966401977522179820,
J Sheekey,ready,Western Nicer,3,$$$,category estimate,"London, London, United Kingdom, GB",seafood_restaurant,Western nicer,https://www.google.com/maps?cid=12646025774127438080,
Jane Surry Hills,ready,Western Nicer,3,$$$,category estimate,"Surry Hills, Surry Hills NSW, Australia, AU",restaurant,Western nicer,https://www.google.com/maps?cid=7685324119669485155,
Jean-Pierre,ready,Western Nicer,3,$$$,category estimate,"Central, Central, Hong Kong, HK",french_restaurant,Western nicer,https://www.google.com/maps?cid=10708205450564747866,
Jeune et Jolie,ready,Western Nicer,3,$$$,category estimate,"Carlsbad, Carlsbad, CA, US",modern_french_restaurant,Western nicer,https://www.google.com/maps?cid=7384896402410280721,
Josephine Bouchon - Chelsea,ready,Western Nicer,3,$$$,category estimate,"London, London, United Kingdom, GB",french_restaurant,Western nicer,https://www.google.com/maps?cid=16446231911011424282,
Joyce,ready,Western Nicer,3,$$$,category estimate,"Los Angeles, Los Angeles, CA, US",southern_restaurant_us,Western nicer,https://www.google.com/maps?cid=16347090034219729154,
Kabawa,ready,Western Nicer,3,$$$,category estimate,"New York, New York, NY, US",caribbean_restaurant,Western nicer,https://www.google.com/maps?cid=17927291072512412296,
Kale Street,ready,Western Nicer,3,$$$,category estimate,"London, London, United Kingdom, GB",restaurant,Western nicer,https://www.google.com/maps?cid=11348459122875320206,
Karamna Alkhaleej Restaurant & Gahwa,ready,Western Nicer,3,$$$,category estimate,"Dubai - United Arab Emirates, AE",restaurant,Western nicer,https://www.google.com/maps?cid=15647107727509899236,
Kidilum,ready,Western Nicer,3,$$$,category estimate,"New York, New York, NY, US",south_indian_restaurant,Western nicer,https://www.google.com/maps?cid=10761943584686136011,
Kødbyens Fiskebar,ready,Western Nicer,3,$$$,category estimate,"Copenhagen, Copenhagen, Denmark, DK",seafood_restaurant,Western nicer,https://www.google.com/maps?cid=18272868687621472751,
L & E Oyster Bar,ready,Western Nicer,3,$$$,category estimate,"Los Angeles, Los Angeles, CA, US",oyster_bar_restaurant,Western nicer,https://www.google.com/maps?cid=4912980119018903055,
L'Escargot,ready,Western Nicer,3,$$$,category estimate,"Paris, Paris, France, FR",french_restaurant,Western nicer,https://www.google.com/maps?cid=6096119715668495071,
L'Escargot Restaurant,ready,Western Nicer,3,$$$,category estimate,"London, London, United Kingdom, GB",french_restaurant,Western nicer,https://www.google.com/maps?cid=9846739893391398372,
La Chaumière,ready,Western Nicer,3,$$$,category estimate,"Nice, Nice, France, FR",french_restaurant,Western nicer,https://www.google.com/maps?cid=9637817367974312302,
La Mi Venta,ready,Western Nicer,3,$$$,category estimate,"Madrid, Madrid, Spain, ES",spanish_restaurant,Western nicer,https://www.google.com/maps?cid=9750852188347724557,
La Rambla By Catalunya,ready,Western Nicer,3,$$$,category estimate,"Central, Central, Hong Kong, HK",spanish_restaurant,Western nicer,https://www.google.com/maps?cid=9180403276207639818,
La Vache!,ready,Western Nicer,3,$$$,category estimate,"Tsim Sha Tsui, Tsim Sha Tsui, Hong Kong, HK",french_steakhouse_restaurant,Western nicer,https://www.google.com/maps?cid=4151686554503160957,
Lagom,ready,Western Nicer,3,$$$,category estimate,"London, London, United Kingdom, GB",restaurant,Western nicer,https://www.google.com/maps?cid=4305423413172103830,
Le Chardenoux,ready,Western Nicer,3,$$$,category estimate,"Paris, Paris, France, FR",french_restaurant,Western nicer,https://www.google.com/maps?cid=5502936645308094468,
Le Chêne,ready,Western Nicer,3,$$$,category estimate,"New York, New York, NY, US",french_restaurant,Western nicer,https://www.google.com/maps?cid=16901718148022106771,
Le Clown Bar - Restaurant,ready,Western Nicer,3,$$$,category estimate,"Paris, Paris, France, FR",restaurant,Western nicer,https://www.google.com/maps?cid=1593976310175669473,
Le Grand Colbert,ready,Western Nicer,3,$$$,category estimate,"Paris, Paris, France, FR",brasserie,Western nicer,https://www.google.com/maps?cid=17334354333913723968,
Le Grill Alpin,ready,Western Nicer,3,$$$,category estimate,"Courchevel, Courchevel, France, FR",restaurant,Western nicer,https://www.google.com/maps?cid=13166509835270487720,
Le Petit Célestin,ready,Western Nicer,3,$$$,category estimate,"Paris, Paris, France, FR",french_restaurant,Western nicer,https://www.google.com/maps?cid=12894566964199851042,
Le Veau d'Or,ready,Western Nicer,3,$$$,category estimate,"New York, New York, NY, US",french_restaurant,Western nicer,https://www.google.com/maps?cid=13651785613616331058,
Lennox,ready,Western Nicer,3,$$$,category estimate,"Manchester, Manchester, United Kingdom, GB",restaurant,Western nicer,https://www.google.com/maps?cid=6683754926115606487,
Les Caves Legrand,ready,Western Nicer,3,$$$,category estimate,"Paris, Paris, France, FR",wine_store,Western nicer,https://www.google.com/maps?cid=5722973006351784179,
LINDEN,ready,Western Nicer,3,$$$,category estimate,"Los Angeles, Los Angeles, CA, US",restaurant,Western nicer,https://www.google.com/maps?cid=4418445619216805473,
Little Fish Melrose Hill,ready,Western Nicer,3,$$$,category estimate,"Los Angeles, Los Angeles, CA, US",restaurant,Western nicer,https://www.google.com/maps?cid=5591415489567904284,
Lobito de Mar Ibiza,ready,Western Nicer,3,$$$,category estimate,"Sant Jordi de ses Salines, Sant Jordi de ses Salines, Spain, ES",fish_restaurant,Western nicer,https://www.google.com/maps?cid=6911383476799564227,
Lobos,ready,Western Nicer,3,$$$,category estimate,"London, London, United Kingdom, GB",tapas_restaurant,Western nicer,https://www.google.com/maps?cid=1593623148706039285,
Lorne,ready,Western Nicer,3,$$$,category estimate,"London, London, United Kingdom, GB",modern_british_restaurant,Western nicer,https://www.google.com/maps?cid=7501340055570822294,
Lumskebugten,ready,Western Nicer,3,$$$,category estimate,"Copenhagen, Copenhagen, Denmark, DK",restaurant,Western nicer,https://www.google.com/maps?cid=11670172487761265270,
Lurra,ready,Western Nicer,3,$$$,category estimate,"London, London, United Kingdom, GB",basque_restaurant,Western nicer,https://www.google.com/maps?cid=7801893027883676396,
Luso,ready,Western Nicer,3,$$$,category estimate,"London, London, United Kingdom, GB",portuguese_restaurant,Western nicer,https://www.google.com/maps?cid=13272888350747861690,
Maison François,ready,Western Nicer,3,$$$,category estimate,"London, London, United Kingdom, GB",brasserie,Western nicer,https://www.google.com/maps?cid=10835859856175701335,
manteca,ready,Western Nicer,3,$$$,category estimate,"London, London, United Kingdom, GB",italian_restaurant,Western nicer,https://www.google.com/maps?cid=11687346030864055065,
Mare & Monti Restaurant,ready,Western Nicer,3,$$$,category estimate,"Geneva, Geneva, Switzerland, CH",restaurant,Western nicer,https://www.google.com/maps?cid=310047847444550709,
Moëca,ready,Western Nicer,3,$$$,category estimate,"Cambridge, Cambridge, MA, US",seafood_restaurant,Western nicer,https://www.google.com/maps?cid=8076021366476371228,
Mountain Beak Street,ready,Western Nicer,3,$$$,category estimate,"London, London, United Kingdom, GB",spanish_restaurant,Western nicer,https://www.google.com/maps?cid=16135011123666584064,
MUSE Santa Monica,ready,Western Nicer,3,$$$,category estimate,"Santa Monica, Santa Monica, CA, US",modern_french_restaurant,Default list; Western nicer,https://www.google.com/maps?cid=14545868304705731374,
Myrtos by Asimakis,ready,Western Nicer,3,$$$,category estimate,"London, London, United Kingdom, GB",greek_restaurant,Western nicer,https://www.google.com/maps?cid=13460864665411198191,
NAC,ready,Western Nicer,3,$$$,category estimate,"London, London, United Kingdom, GB",modern_french_restaurant,Western nicer,https://www.google.com/maps?cid=6811721782920470177,
NICE Bistronome,ready,Western Nicer,3,$$$,category estimate,"Petaling Jaya, Petaling Jaya, Selangor, Malaysia, MY",restaurant,Western nicer,https://www.google.com/maps?cid=5383156981750660814,
Noble Rot Soho,ready,Western Nicer,3,$$$,category estimate,"London, London, United Kingdom, GB",modern_european_restaurant,Western nicer,https://www.google.com/maps?cid=7742433820934583071,
North Miznon,ready,Western Nicer,3,$$$,category estimate,"Singapore, SG",mediterranean_restaurant,Western nicer,https://www.google.com/maps?cid=4566813088428551940,
Ofício,ready,Western Nicer,3,$$$,category estimate,"Lisbon, Lisbon, Portugal, PT",restaurant,Western nicer,https://www.google.com/maps?cid=3788372830099658601,
OPSO,ready,Western Nicer,3,$$$,category estimate,"London, London, United Kingdom, GB",greek_restaurant,Western nicer,https://www.google.com/maps?cid=15114115381783589904,
Orsa & Winston,ready,Western Nicer,3,$$$,category estimate,"Los Angeles, Los Angeles, CA, US",asian_fusion_restaurant,Western nicer,https://www.google.com/maps?cid=1762847771301936538,
Osteria Marzia,ready,Western Nicer,3,$$$,category estimate,"Wan Chai, Wan Chai, Hong Kong, HK",italian_restaurant,Western nicer,https://www.google.com/maps?cid=15978347810430395996,
Osteria Mozza,ready,Western Nicer,3,$$$,category estimate,"Los Angeles, Los Angeles, CA, US",italian_restaurant,Western nicer,https://www.google.com/maps?cid=6530932028053798129,
Oxomoco,ready,Western Nicer,3,$$$,category estimate,"Brooklyn, Brooklyn, NY, US",mexican_restaurant,Western nicer,https://www.google.com/maps?cid=12827504628088844667,
PABLO Modern Mexican Cocina,ready,Western Nicer,3,$$$,category estimate,,,Western nicer,https://www.google.com/maps?cid=6622078004507516304,
Parsons,ready,Western Nicer,3,$$$,category estimate,"London, London, United Kingdom, GB",seafood_restaurant,Western nicer,https://www.google.com/maps?cid=1065365488231318579,
pasjoli,ready,Western Nicer,3,$$$,category estimate,"Santa Monica, Santa Monica, CA, US",french_restaurant,Western nicer,https://www.google.com/maps?cid=8006090416578615053,
Petit Trois,ready,Western Nicer,3,$$$,category estimate,"Los Angeles, Los Angeles, CA, US",french_restaurant,Western nicer,https://www.google.com/maps?cid=12729746676050843382,
Pigmeu,ready,Western Nicer,3,$$$,category estimate,"Lisbon, Lisbon, Portugal, PT",restaurant,Western nicer,https://www.google.com/maps?cid=3340349799095636813,
Pirouette restaurant à Nice,ready,Western Nicer,3,$$$,category estimate,"Nice, Nice, France, FR",restaurant,Western nicer,https://www.google.com/maps?cid=6703077378779770804,
Planque,ready,Western Nicer,3,$$$,category estimate,"London, London, United Kingdom, GB",modern_french_restaurant,Want to go; Western nicer,https://www.google.com/maps?cid=8121709736141778865,
Poppy,ready,Western Nicer,3,$$$,category estimate,"Sheung Wan, Sheung Wan, Hong Kong, HK",restaurant,Western nicer,https://www.google.com/maps?cid=12879322407967560540,
Porcine,ready,Western Nicer,3,$$$,category estimate,"Paddington, Paddington NSW, Australia, AU",french_restaurant,Western nicer,https://www.google.com/maps?cid=6774015696660534398,
Prelude,ready,Western Nicer,3,$$$,category estimate,"San Francisco, San Francisco, CA, US",restaurant,Western nicer,https://www.google.com/maps?cid=10071602236143796995,
"Prince Arthur, Belgravia",ready,Western Nicer,3,$$$,category estimate,"London, London, United Kingdom, GB",gastropub,Western nicer,https://www.google.com/maps?cid=12744593407218222366,
Pristine,ready,Western Nicer,3,$$$,category estimate,"Paris, Paris, France, FR",vegetarian_restaurant,Western nicer,https://www.google.com/maps?cid=9439185329209113375,
Propio,ready,Western Nicer,3,$$$,category estimate,"Cuauhtémoc, Mexico City, Mexico City, Mexico, MX",restaurant,Western nicer,https://www.google.com/maps?cid=2698508930555279477,
Quince Saigon,ready,Western Nicer,3,$$$,category estimate,"Ho Chi Minh, Ho Chi Minh, Vietnam, VN",modern_european_restaurant,Western nicer,https://www.google.com/maps?cid=940254980408545801,
Racines,ready,Western Nicer,3,$$$,category estimate,"Paris, Paris, France, FR",italian_restaurant,Western nicer,https://www.google.com/maps?cid=7513843300458051057,
Ragazzi,ready,Western Nicer,3,$$$,category estimate,"Sydney, Sydney NSW, Australia, AU",italian_restaurant,Western nicer,https://www.google.com/maps?cid=18107382305132987293,
Restaurant - Cervejaria Ramiro,ready,Western Nicer,3,$$$,category estimate,"Lisbon, Lisbon, Portugal, PT",seafood_restaurant,Western nicer,https://www.google.com/maps?cid=2131959473918823519,
Restaurant AG,ready,Western Nicer,3,$$$,category estimate,"Stockholm, Stockholm, Sweden, SE",modern_european_restaurant,Western nicer,https://www.google.com/maps?cid=13150107388284474101,
Restaurant Eels,ready,Western Nicer,3,$$$,category estimate,"Paris, Paris, France, FR",restaurant,Western nicer,https://www.google.com/maps?cid=15385710580692144790,
Restaurant L'Oyat,ready,Western Nicer,3,$$$,category estimate,"Paris, Paris, France, FR",french_restaurant,Western nicer,https://www.google.com/maps?cid=17781318402850059560,
Restaurant Maison,ready,Western Nicer,3,$$$,category estimate,"Copenhagen, Copenhagen, Denmark, DK",restaurant,Western nicer,https://www.google.com/maps?cid=6465939234004804822,
Restaurante Lana,ready,Western Nicer,3,$$$,category estimate,"Madrid, Madrid, Spain, ES",restaurant,Western nicer,https://www.google.com/maps?cid=5294115615036461674,
Revolver,ready,Western Nicer,3,$$$,category estimate,"Singapore, SG",modern_indian_restaurant,Western nicer,https://www.google.com/maps?cid=7361365179562766765,
Rezdôra,ready,Western Nicer,3,$$$,category estimate,"New York, New York, NY, US",italian_restaurant,Western nicer,https://www.google.com/maps?cid=6488658812389547003,
Rory's Place,ready,Western Nicer,3,$$$,category estimate,"Ojai, Ojai, CA, US",restaurant,Western nicer,https://www.google.com/maps?cid=10657280162414312027,
Rose Mary,ready,Western Nicer,3,$$$,category estimate,"Chicago, Chicago, IL, US",croatian_restaurant,Western nicer,https://www.google.com/maps?cid=1628302229668798411,
Rossoblu,ready,Western Nicer,3,$$$,category estimate,"Los Angeles, Los Angeles, CA, US",italian_restaurant,Western nicer,https://www.google.com/maps?cid=8359539456586711438,
Rustic Canyon,ready,Western Nicer,3,$$$,category estimate,"Santa Monica, Santa Monica, CA, US",californian_restaurant,Western nicer,https://www.google.com/maps?cid=8767527077846456159,
Salon des Refusés,ready,Western Nicer,3,$$$,category estimate,"Central, Central, Hong Kong, HK",mediterranean_restaurant,Western nicer,https://www.google.com/maps?cid=10127475702498054460,
Saltie Girl,ready,Western Nicer,3,$$$,category estimate,"Boston, Boston, MA, US",seafood_restaurant,Western nicer,https://www.google.com/maps?cid=1850195991803436904,
SARDE,ready,Western Nicer,3,$$$,category estimate,"Cuauhtémoc, Mexico City, Mexico City, Mexico, MX",restaurant,Western nicer,https://www.google.com/maps?cid=5723408102508991130,
Sarma Restaurant,ready,Western Nicer,3,$$$,category estimate,"Somerville, Somerville, MA, US",small_plates_restaurant,Western nicer,https://www.google.com/maps?cid=13316489466899458299,
Sartoria,ready,Western Nicer,3,$$$,category estimate,"London, London, United Kingdom, GB",italian_restaurant,Western nicer,https://www.google.com/maps?cid=1827556056608485463,
Select Oyster Bar,ready,Western Nicer,3,$$$,category estimate,"Boston, Boston, MA, US",seafood_restaurant,Western nicer,https://www.google.com/maps?cid=12808441308321115409,
Semma,ready,Western Nicer,3,$$$,category estimate,"New York, New York, NY, US",south_indian_restaurant,Western nicer,https://www.google.com/maps?cid=9647155204543834055,
Senia,ready,Western Nicer,3,$$$,category estimate,"Honolulu, Honolulu, HI, US",new_american_restaurant,Western nicer,https://www.google.com/maps?cid=6305661973672905027,
Sette,ready,Western Nicer,3,$$$,category estimate,"London, London, United Kingdom, GB",italian_restaurant,Western nicer,https://www.google.com/maps?cid=9909739209377011400,
Siamo noi,ready,Western Nicer,3,$$$,category estimate,"Meguro City, Meguro City, Tokyo, Japan, JP",italian_restaurant,Western nicer,https://www.google.com/maps?cid=14207215367288204319,
Simpson's in the Strand,ready,Western Nicer,3,$$$,category estimate,"London, London, United Kingdom, GB",restaurant,Western nicer,https://www.google.com/maps?cid=8434795708837309415,
Somerville,ready,Western Nicer,3,$$$,category estimate,"Windsor Hills, Windsor Hills, CA, US",restaurant,Western nicer,https://www.google.com/maps?cid=10044152296214146728,
Somssi,ready,Western Nicer,3,$$$,category estimate,"New York, New York, NY, US",restaurant,Western nicer,https://www.google.com/maps?cid=13607223485851529925,
Sturehof,ready,Western Nicer,3,$$$,Google Places,"Stockholm, Stockholm, Sweden, SE",seafood_restaurant,Western nicer,https://www.google.com/maps?cid=3014023531843165908,
Taberna Sal Grosso,ready,Western Nicer,3,$$$,category estimate,"Lisbon, Lisbon, Portugal, PT",portuguese_restaurant,Western nicer,https://www.google.com/maps?cid=609880981427686995,
Taller de ostiones by fism,ready,Western Nicer,3,$$$,category estimate,"Cuauhtémoc, Juárez, Juárez, Mexico City, Mexico, MX",restaurant,Western nicer,https://www.google.com/maps?cid=17709861409574487170,
Tatiana by Kwame Onwuachi,ready,Western Nicer,3,$$$,category estimate,"New York, New York, NY, US",caribbean_restaurant,Western nicer,https://www.google.com/maps?cid=18272253281331114214,
TAVERNA at The Mar Vista,ready,Western Nicer,3,$$$,category estimate,"Los Angeles, Los Angeles, CA, US",greek_restaurant,Western nicer,https://www.google.com/maps?cid=12959506953722842950,
Tendril - A (mostly) Vegan Kitchen & Bar,ready,Western Nicer,3,$$$,category estimate,"London, London, United Kingdom, GB",vegan_restaurant,Western nicer,https://www.google.com/maps?cid=4196408593975290151,
The Arbour,ready,Western Nicer,3,$$$,category estimate,"Pasadena, Pasadena, CA, US",californian_restaurant,Western nicer,https://www.google.com/maps?cid=17461779342946510247,
The Cut Bar & Grill,ready,Western Nicer,3,$$$,category estimate,"The Rocks, The Rocks NSW, Australia, AU",bar_and_grill,Western nicer,https://www.google.com/maps?cid=13356150883982107595,
The Duck Inn,ready,Western Nicer,3,$$$,category estimate,"Chicago, Chicago, IL, US",american_restaurant,Western nicer,https://www.google.com/maps?cid=4928881416543805150,
The Eighty Six,ready,Western Nicer,3,$$$,category estimate,"New York, New York, NY, US",restaurant,Western nicer,https://www.google.com/maps?cid=9582495193889881597,
The Fishery,ready,Western Nicer,3,$$$,category estimate,"San Diego, San Diego, CA, US",seafood_restaurant,Western nicer,https://www.google.com/maps?cid=7057023737781216739,
The Grill at The Dorchester,ready,Western Nicer,3,$$$,category estimate,"London, London, United Kingdom, GB",bar_and_grill,Western nicer,https://www.google.com/maps?cid=9609734545154884190,
The Oystermen Seafood Bar & Kitchen,ready,Western Nicer,3,$$$,category estimate,"London, London, United Kingdom, GB",fish_and_seafood_restaurant,Western nicer,https://www.google.com/maps?cid=8770048053608940102,
The Park,ready,Western Nicer,3,$$$,category estimate,"London, London, United Kingdom, GB",restaurant,Western nicer,https://www.google.com/maps?cid=8520583032450530505,
The Progress,ready,Western Nicer,3,$$$,category estimate,"San Francisco, San Francisco, CA, US",californian_restaurant,Western nicer,https://www.google.com/maps?cid=15124456772888069814,
The Quality Chop House,ready,Western Nicer,3,$$$,category estimate,"London, London, United Kingdom, GB",chophouse_restaurant,Western nicer,https://www.google.com/maps?cid=12342579037991042595,
The Tamil Prince,ready,Western Nicer,3,$$$,category estimate,"London, London, United Kingdom, GB",south_indian_restaurant,Western nicer,https://www.google.com/maps?cid=10103711719009918771,
The Verandah (The Repulse Bay),ready,Western Nicer,3,$$$,category estimate,"Repulse Bay, Repulse Bay, Hong Kong, HK",continental_restaurant,Western nicer,https://www.google.com/maps?cid=9974411117898900282,
The Wolseley Piccadilly,ready,Western Nicer,3,$$$,category estimate,"London, London, United Kingdom, GB",british_restaurant,Western nicer,https://www.google.com/maps?cid=6003543345049875234,
Theodora,ready,Western Nicer,3,$$$,category estimate,"Brooklyn, Brooklyn, NY, US",mediterranean_restaurant,Western nicer,https://www.google.com/maps?cid=9804598409473043126,
Torkel,ready,Western Nicer,3,$$$,category estimate,"Vaduz, Vaduz, Liechtenstein, LI",swiss_restaurant,Western nicer,https://www.google.com/maps?cid=12260872151448884110,
Trattoria Felino,ready,Western Nicer,3,$$$,category estimate,"Wan Chai, Wan Chai, Hong Kong, HK",italian_restaurant,Western nicer,https://www.google.com/maps?cid=7983226341887610246,
Wilde's,ready,Western Nicer,3,$$$,category estimate,"Los Angeles, Los Angeles, CA, US",restaurant,Western nicer,https://www.google.com/maps?cid=12339513338831268200,
Wildflowers Restaurant,ready,Western Nicer,3,$$$,category estimate,"London, London, United Kingdom, GB",mediterranean_restaurant,Want to go; Western nicer,https://www.google.com/maps?cid=4590690898876961901,
Wolf In The Woods,ready,Western Nicer,3,$$$,category estimate,"San Diego, San Diego, CA, US",bistro,Western nicer,https://www.google.com/maps?cid=12261548194371536841,
Xiquet by Danny Lledó,ready,Western Nicer,3,$$$,category estimate,"Washington, Washington, DC, US",restaurant,Western nicer,https://www.google.com/maps?cid=4115737897153694640,
Zeughauskeller,ready,Western Nicer,3,$$$,category estimate,"Zürich, Zürich, Switzerland, CH",swiss_restaurant,Casual; Western nicer,https://www.google.com/maps?cid=15622472877203166342,
1174 Cambridge St,needs_review,Manual review required,,Not available,,"Cambridge, Cambridge, MA, MA 02139",,Default list,https://www.google.com/maps?cid=952010301984316790,Exact pin resolved without a venue type; food relevance needs review
119 Rue du Temple,needs_review,Manual review required,,Not available,,"Paris, Paris, France, FR",,Default list,https://www.google.com/maps?cid=15248540004045108654,Exact pin resolved without a venue type; food relevance needs review
155 Harriet St,needs_review,Manual review required,,Not available,,"San Francisco, San Francisco, CA, US",,Default list,https://www.google.com/maps?cid=8182119337790390189,Exact pin resolved without a venue type; food relevance needs review
188 Orchard Park Dr #151,needs_review,Manual review required,,Not available,,,,Default list,https://www.google.com/maps?cid=1991810913859104537,Exact pin resolved without a venue type; food relevance needs review
2413 Bombadil Ln,needs_review,Manual review required,,Not available,,"Davis, Davis, CA, CA 95616",,Default list,https://www.google.com/maps?cid=16556613098814982723,Exact pin resolved without a venue type; food relevance needs review
28 Rue Sedaine,needs_review,Manual review required,,Not available,,"Paris, Paris, France, FR",,Default list,https://www.google.com/maps?cid=14423834394426929779,Exact pin resolved without a venue type; food relevance needs review
823 S Pacific St,needs_review,Manual review required,,Not available,,"Oceanside, Oceanside, CA, CA 92054",,Default list,https://www.google.com/maps?cid=15906818783702038448,Exact pin resolved without a venue type; food relevance needs review
Centralplan 15,needs_review,Manual review required,,Not available,,"Stockholm, Stockholm, Sweden, SE",,Default list,https://www.google.com/maps?cid=1315800436822407807,Exact pin resolved without a venue type; food relevance needs review
Dropped pin,needs_review,Manual review required,,Not available,,,,Default list,"https://www.google.com/maps/search/37.8024895,-122.4162464",Exact pin resolved without a venue type; food relevance needs review
Dropped pin,needs_review,Manual review required,,Not available,,,,Default list,"https://www.google.com/maps/search/59.3275042,18.0551592",Exact pin resolved without a venue type; food relevance needs review
Dropped pin,needs_review,Manual review required,,Not available,,,,Default list,"https://www.google.com/maps/search/33.1854344,-117.3765973",Exact pin resolved without a venue type; food relevance needs review
Galionsvej 41,needs_review,Manual review required,,Not available,,"Copenhagen, Copenhagen, Denmark, DK",,Default list,https://www.google.com/maps?cid=18280690067455797887,Exact pin resolved without a venue type; food relevance needs review
Untitled place,needs_review,Manual review required,,Not available,,,,Default list,"https://www.google.com/maps/search/30.8967784,121.927497",Exact pin resolved without a venue type; food relevance needs review
Untitled place,needs_review,Manual review required,,Not available,,,,Default list,"https://www.google.com/maps/search/35.7116118,139.8162231",Exact pin resolved without a venue type; food relevance needs review
